ts,source,fetch_ok,total_items,total_weight,israel_items,israel_weight,attention_share,mean_sentiment,w_n2,w_n1,w_0,w_p1,w_p2,w_u
2026-09-01T00:45:25Z,nyt,1,34,55,2,6,0.10909,-0.5,,,,,,
2026-09-01T00:45:25Z,usatoday,1,33,55,0,0,0.0,,,,,,,
2026-09-01T00:45:25Z,nypost,1,165,55,1,1,0.01818,1.0,,,,,,
2026-09-01T00:45:25Z,cnn,1,46,55,1,1,0.01818,-1.0,,,,,,
2026-09-01T00:45:25Z,foxnews,1,126,55,1,1,0.01818,1.0,,,,,,
2026-09-01T00:45:25Z,nbcnews,1,55,55,0,0,0.0,,,,,,,
2026-09-01T00:45:25Z,newsweek,1,78,55,0,0,0.0,,,,,,,
2026-09-01T00:45:25Z,bbc,1,32,55,0,0,0.0,,,,,,,
2026-09-01T00:45:25Z,guardian,1,32,55,0,0,0.0,,,,,,,
2026-09-01T00:45:25Z,thetimes,1,93,55,1,3,0.05455,-1.0,,,,,,
2026-09-01T00:45:25Z,dailymail,1,303,55,0,0,0.0,,,,,,,
2026-09-01T00:45:25Z,dw,1,39,55,0,0,0.0,,,,,,,
2026-09-01T00:45:25Z,ap,0,0,0,0,0,,,,,,,,
2026-09-01T00:45:25Z,lemonde,1,34,55,0,0,0.0,,,,,,,
2026-09-01T00:45:25Z,lefigaro,1,185,55,0,0,0.0,,,,,,,
2026-09-01T00:45:25Z,spiegel,1,163,55,0,0,0.0,,,,,,,
2026-09-01T00:45:25Z,bild,1,177,55,0,0,0.0,,,,,,,
2026-09-01T00:45:25Z,elpais,1,115,55,0,0,0.0,,,,,,,
2026-09-01T00:45:25Z,corriere,1,239,55,0,0,0.0,,,,,,,
2026-09-01T00:45:25Z,cbc,1,30,55,0,0,0.0,,,,,,,
2026-09-01T00:45:25Z,abcau,1,74,55,0,0,0.0,,,,,,,
2026-09-01T01:15:52Z,nyt,1,34,55,2,6,0.10909,-0.5,,,,,,
2026-09-01T01:15:52Z,usatoday,1,33,55,0,0,0.0,,,,,,,
2026-09-01T01:15:52Z,nypost,1,165,55,1,1,0.01818,1.0,,,,,,
2026-09-01T01:15:52Z,cnn,1,46,55,1,1,0.01818,-1.0,,,,,,
2026-09-01T01:15:52Z,foxnews,1,126,55,0,0,0.0,,,,,,,
2026-09-01T01:15:52Z,nbcnews,1,55,55,0,0,0.0,,,,,,,
2026-09-01T01:15:52Z,newsweek,1,78,55,0,0,0.0,,,,,,,
2026-09-01T01:15:52Z,bbc,1,32,55,0,0,0.0,,,,,,,
2026-09-01T01:15:52Z,guardian,1,32,55,0,0,0.0,,,,,,,
2026-09-01T01:15:52Z,thetimes,1,93,55,1,3,0.05455,-1.0,,,,,,
2026-09-01T01:15:52Z,dailymail,1,303,55,0,0,0.0,,,,,,,
2026-09-01T01:15:52Z,dw,1,38,55,0,0,0.0,,,,,,,
2026-09-01T01:15:52Z,ap,0,0,0,0,0,,,,,,,,
2026-09-01T01:15:52Z,lemonde,1,33,55,0,0,0.0,,,,,,,
2026-09-01T01:15:52Z,lefigaro,1,185,55,0,0,0.0,,,,,,,
2026-09-01T01:15:52Z,spiegel,1,163,55,0,0,0.0,,,,,,,
2026-09-01T01:15:52Z,bild,1,177,55,0,0,0.0,,,,,,,
2026-09-01T01:15:52Z,elpais,1,115,55,0,0,0.0,,,,,,,
2026-09-01T01:15:52Z,corriere,1,239,55,0,0,0.0,,,,,,,
2026-09-01T01:15:52Z,cbc,1,30,55,0,0,0.0,,,,,,,
2026-09-01T01:15:52Z,abcau,1,74,55,0,0,0.0,,,,,,,
2026-09-01T01:45:31Z,nyt,1,36,55,2,2,0.03636,-0.5,,,,,,
2026-09-01T01:45:31Z,usatoday,1,33,55,0,0,0.0,,,,,,,
2026-09-01T01:45:31Z,nypost,1,167,55,1,1,0.01818,1.0,,,,,,
2026-09-01T01:45:31Z,cnn,1,46,55,1,1,0.01818,-1.0,,,,,,
2026-09-01T01:45:31Z,foxnews,1,126,55,0,0,0.0,,,,,,,
2026-09-01T01:45:31Z,nbcnews,1,54,55,0,0,0.0,,,,,,,
2026-09-01T01:45:31Z,newsweek,1,78,55,0,0,0.0,,,,,,,
2026-09-01T01:45:31Z,bbc,1,33,55,0,0,0.0,,,,,,,
2026-09-01T01:45:31Z,guardian,1,33,55,0,0,0.0,,,,,,,
2026-09-01T01:45:31Z,thetimes,1,93,55,1,3,0.05455,-1.0,,,,,,
2026-09-01T01:45:31Z,dailymail,1,303,55,0,0,0.0,,,,,,,
2026-09-01T01:45:31Z,dw,1,38,55,0,0,0.0,,,,,,,
2026-09-01T01:45:31Z,ap,0,0,0,0,0,,,,,,,,
2026-09-01T01:45:31Z,lemonde,1,34,55,0,0,0.0,,,,,,,
2026-09-01T01:45:31Z,lefigaro,1,185,55,0,0,0.0,,,,,,,
2026-09-01T01:45:31Z,spiegel,1,163,55,0,0,0.0,,,,,,,
2026-09-01T01:45:31Z,bild,1,176,55,0,0,0.0,,,,,,,
2026-09-01T01:45:31Z,elpais,1,115,55,0,0,0.0,,,,,,,
2026-09-01T01:45:31Z,corriere,1,239,55,0,0,0.0,,,,,,,
2026-09-01T01:45:31Z,cbc,1,29,55,0,0,0.0,,,,,,,
2026-09-01T01:45:31Z,abcau,1,74,55,0,0,0.0,,,,,,,
2026-09-01T02:01:53Z,nyt,1,36,55,2,2,0.03636,-0.5,,,,,,
2026-09-01T02:01:53Z,usatoday,1,33,55,0,0,0.0,,,,,,,
2026-09-01T02:01:53Z,nypost,1,167,55,1,1,0.01818,1.0,,,,,,
2026-09-01T02:01:53Z,cnn,1,46,55,1,1,0.01818,-1.0,,,,,,
2026-09-01T02:01:53Z,foxnews,1,125,55,0,0,0.0,,,,,,,
2026-09-01T02:01:53Z,nbcnews,1,51,55,0,0,0.0,,,,,,,
2026-09-01T02:01:53Z,newsweek,1,78,55,0,0,0.0,,,,,,,
2026-09-01T02:01:53Z,bbc,1,32,55,0,0,0.0,,,,,,,
2026-09-01T02:01:53Z,guardian,1,32,55,0,0,0.0,,,,,,,
2026-09-01T02:01:53Z,thetimes,1,93,55,1,3,0.05455,-1.0,,,,,,
2026-09-01T02:01:53Z,dailymail,1,303,55,0,0,0.0,,,,,,,
2026-09-01T02:01:53Z,dw,1,38,55,0,0,0.0,,,,,,,
2026-09-01T02:01:53Z,ap,0,0,0,0,0,,,,,,,,
2026-09-01T02:01:53Z,lemonde,1,235,55,0,0,0.0,,,,,,,
2026-09-01T02:01:53Z,lefigaro,1,185,55,0,0,0.0,,,,,,,
2026-09-01T02:01:53Z,spiegel,1,163,55,0,0,0.0,,,,,,,
2026-09-01T02:01:53Z,bild,1,176,55,0,0,0.0,,,,,,,
2026-09-01T02:01:53Z,elpais,1,117,55,0,0,0.0,,,,,,,
2026-09-01T02:01:53Z,corriere,1,239,55,0,0,0.0,,,,,,,
2026-09-01T02:01:53Z,cbc,1,29,55,0,0,0.0,,,,,,,
2026-09-01T02:01:53Z,abcau,1,75,55,0,0,0.0,,,,,,,
2026-09-01T02:45:22Z,nyt,1,33,55,0,0,0.0,,,,,,,
2026-09-01T02:45:22Z,usatoday,1,33,55,0,0,0.0,,,,,,,
2026-09-01T02:45:22Z,nypost,1,166,55,1,1,0.01818,1.0,,,,,,
2026-09-01T02:45:22Z,cnn,1,46,55,1,1,0.01818,-1.0,,,,,,
2026-09-01T02:45:22Z,foxnews,1,126,55,0,0,0.0,,,,,,,
2026-09-01T02:45:22Z,nbcnews,1,50,55,0,0,0.0,,,,,,,
2026-09-01T02:45:22Z,newsweek,1,78,55,0,0,0.0,,,,,,,
2026-09-01T02:45:22Z,bbc,1,32,55,0,0,0.0,,,,,,,
2026-09-01T02:45:22Z,guardian,1,32,55,0,0,0.0,,,,,,,
2026-09-01T02:45:22Z,thetimes,1,93,55,1,3,0.05455,-1.0,,,,,,
2026-09-01T02:45:22Z,dailymail,1,303,55,0,0,0.0,,,,,,,
2026-09-01T02:45:22Z,dw,1,38,55,0,0,0.0,,,,,,,
2026-09-01T02:45:22Z,ap,0,0,0,0,0,,,,,,,,
2026-09-01T02:45:22Z,lemonde,1,36,55,0,0,0.0,,,,,,,
2026-09-01T02:45:22Z,lefigaro,1,185,55,0,0,0.0,,,,,,,
2026-09-01T02:45:22Z,spiegel,1,162,55,0,0,0.0,,,,,,,
2026-09-01T02:45:22Z,bild,1,176,55,0,0,0.0,,,,,,,
2026-09-01T02:45:22Z,elpais,1,115,55,0,0,0.0,,,,,,,
2026-09-01T02:45:22Z,corriere,1,239,55,0,0,0.0,,,,,,,
2026-09-01T02:45:22Z,cbc,1,29,55,0,0,0.0,,,,,,,
2026-09-01T02:45:22Z,abcau,1,77,55,0,0,0.0,,,,,,,
2026-09-01T03:45:31Z,nyt,1,33,55,0,0,0.0,,,,,,,
2026-09-01T03:45:31Z,usatoday,1,33,55,0,0,0.0,,,,,,,
2026-09-01T03:45:31Z,nypost,1,164,55,1,1,0.01818,1.0,,,,,,
2026-09-01T03:45:31Z,cnn,1,45,55,1,1,0.01818,-1.0,,,,,,
2026-09-01T03:45:31Z,foxnews,1,127,55,0,0,0.0,,,,,,,
2026-09-01T03:45:31Z,nbcnews,1,51,55,0,0,0.0,,,,,,,
2026-09-01T03:45:31Z,newsweek,1,78,55,0,0,0.0,,,,,,,
2026-09-01T03:45:31Z,bbc,1,31,55,0,0,0.0,,,,,,,
2026-09-01T03:45:31Z,guardian,1,31,55,0,0,0.0,,,,,,,
2026-09-01T03:45:31Z,thetimes,1,93,55,1,3,0.05455,-1.0,,,,,,
2026-09-01T03:45:31Z,dailymail,1,303,55,0,0,0.0,,,,,,,
2026-09-01T03:45:31Z,dw,1,38,55,0,0,0.0,,,,,,,
2026-09-01T03:45:31Z,ap,0,0,0,0,0,,,,,,,,
2026-09-01T03:45:31Z,lemonde,1,38,55,0,0,0.0,,,,,,,
2026-09-01T03:45:31Z,lefigaro,1,185,55,0,0,0.0,,,,,,,
2026-09-01T03:45:31Z,spiegel,1,163,55,0,0,0.0,,,,,,,
2026-09-01T03:45:31Z,bild,1,177,55,0,0,0.0,,,,,,,
2026-09-01T03:45:31Z,elpais,0,0,0,0,0,,,,,,,,
2026-09-01T03:45:31Z,corriere,1,237,55,0,0,0.0,,,,,,,
2026-09-01T03:45:31Z,cbc,1,30,55,0,0,0.0,,,,,,,
2026-09-01T03:45:31Z,abcau,1,76,55,0,0,0.0,,,,,,,
2026-09-01T04:45:20Z,nyt,1,32,55,0,0,0.0,,,,,,,
2026-09-01T04:45:20Z,usatoday,1,33,55,0,0,0.0,,,,,,,
2026-09-01T04:45:20Z,nypost,1,164,55,1,1,0.01818,1.0,,,,,,
2026-09-01T04:45:20Z,cnn,1,46,55,1,1,0.01818,-1.0,,,,,,
2026-09-01T04:45:20Z,foxnews,1,127,55,0,0,0.0,,,,,,,
2026-09-01T04:45:20Z,nbcnews,1,49,55,0,0,0.0,,,,,,,
2026-09-01T04:45:20Z,newsweek,1,79,55,0,0,0.0,,,,,,,
2026-09-01T04:45:20Z,bbc,1,29,55,0,0,0.0,,,,,,,
2026-09-01T04:45:20Z,guardian,1,38,55,0,0,0.0,,,,,,,
2026-09-01T04:45:20Z,thetimes,1,93,55,1,3,0.05455,-1.0,,,,,,
2026-09-01T04:45:20Z,dailymail,1,303,55,0,0,0.0,,,,,,,
2026-09-01T04:45:20Z,dw,1,37,55,0,0,0.0,,,,,,,
2026-09-01T04:45:20Z,ap,0,0,0,0,0,,,,,,,,
2026-09-01T04:45:20Z,lemonde,1,38,55,0,0,0.0,,,,,,,
2026-09-01T04:45:20Z,lefigaro,1,180,55,0,0,0.0,,,,,,,
2026-09-01T04:45:20Z,spiegel,1,166,55,0,0,0.0,,,,,,,
2026-09-01T04:45:20Z,bild,1,176,55,0,0,0.0,,,,,,,
2026-09-01T04:45:20Z,elpais,0,0,0,0,0,,,,,,,,
2026-09-01T04:45:20Z,corriere,1,237,55,0,0,0.0,,,,,,,
2026-09-01T04:45:20Z,cbc,1,30,55,0,0,0.0,,,,,,,
2026-09-01T04:45:20Z,abcau,1,79,55,0,0,0.0,,,,,,,
2026-09-01T05:45:20Z,nyt,1,31,55,0,0,0.0,,,,,,,
2026-09-01T05:45:20Z,usatoday,1,33,55,0,0,0.0,,,,,,,
2026-09-01T05:45:20Z,nypost,1,164,55,1,3,0.05455,1.0,,,,,,
2026-09-01T05:45:20Z,cnn,1,46,55,1,1,0.01818,-1.0,,,,,,
2026-09-01T05:45:20Z,foxnews,1,128,55,0,0,0.0,,,,,,,
2026-09-01T05:45:20Z,nbcnews,1,49,55,0,0,0.0,,,,,,,
2026-09-01T05:45:20Z,newsweek,1,79,55,0,0,0.0,,,,,,,
2026-09-01T05:45:20Z,bbc,1,28,55,0,0,0.0,,,,,,,
2026-09-01T05:45:20Z,guardian,1,38,55,0,0,0.0,,,,,,,
2026-09-01T05:45:20Z,thetimes,1,93,55,1,3,0.05455,-1.0,,,,,,
2026-09-01T05:45:20Z,dailymail,1,303,55,0,0,0.0,,,,,,,
2026-09-01T05:45:20Z,dw,1,38,55,0,0,0.0,,,,,,,
2026-09-01T05:45:20Z,ap,0,0,0,0,0,,,,,,,,
2026-09-01T05:45:20Z,lemonde,1,38,55,0,0,0.0,,,,,,,
2026-09-01T05:45:20Z,lefigaro,1,184,55,0,0,0.0,,,,,,,
2026-09-01T05:45:20Z,spiegel,1,167,55,0,0,0.0,,,,,,,
2026-09-01T05:45:20Z,bild,1,177,55,0,0,0.0,,,,,,,
2026-09-01T05:45:20Z,elpais,0,0,0,0,0,,,,,,,,
2026-09-01T05:45:20Z,corriere,1,234,55,0,0,0.0,,,,,,,
2026-09-01T05:45:20Z,cbc,1,31,55,0,0,0.0,,,,,,,
2026-09-01T05:45:20Z,abcau,1,78,55,0,0,0.0,,,,,,,
2026-09-01T06:45:24Z,nyt,1,30,55,0,0,0.0,,,,,,,
2026-09-01T06:45:24Z,usatoday,1,33,55,0,0,0.0,,,,,,,
2026-09-01T06:45:24Z,nypost,1,164,55,1,3,0.05455,1.0,,,,,,
2026-09-01T06:45:24Z,cnn,1,45,55,1,1,0.01818,-1.0,,,,,,
2026-09-01T06:45:24Z,foxnews,1,128,55,0,0,0.0,,,,,,,
2026-09-01T06:45:24Z,nbcnews,1,48,55,0,0,0.0,,,,,,,
2026-09-01T06:45:24Z,newsweek,1,79,55,0,0,0.0,,,,,,,
2026-09-01T06:45:24Z,bbc,1,31,55,0,0,0.0,,,,,,,
2026-09-01T06:45:24Z,guardian,1,37,55,0,0,0.0,,,,,,,
2026-09-01T06:45:24Z,thetimes,1,93,55,0,0,0.0,,,,,,,
2026-09-01T06:45:24Z,dailymail,1,306,55,0,0,0.0,,,,,,,
2026-09-01T06:45:24Z,dw,1,37,55,0,0,0.0,,,,,,,
2026-09-01T06:45:24Z,ap,0,0,0,0,0,,,,,,,,
2026-09-01T06:45:24Z,lemonde,1,235,55,0,0,0.0,,,,,,,
2026-09-01T06:45:24Z,lefigaro,1,187,55,1,1,0.01818,0.0,,,,,,
2026-09-01T06:45:24Z,spiegel,1,167,55,0,0,0.0,,,,,,,
2026-09-01T06:45:24Z,bild,1,173,55,0,0,0.0,,,,,,,
2026-09-01T06:45:24Z,elpais,1,100,55,0,0,0.0,,,,,,,
2026-09-01T06:45:24Z,corriere,1,239,55,0,0,0.0,,,,,,,
2026-09-01T06:45:24Z,cbc,1,31,55,0,0,0.0,,,,,,,
2026-09-01T06:45:24Z,abcau,1,82,55,0,0,0.0,,,,,,,
2026-09-01T07:44:56Z,nyt,1,31,55,0,0,0.0,,,,,,,
2026-09-01T07:44:56Z,usatoday,1,33,55,0,0,0.0,,,,,,,
2026-09-01T07:44:56Z,nypost,1,164,55,1,3,0.05455,1.0,,,,,,
2026-09-01T07:44:56Z,cnn,1,45,55,1,1,0.01818,-1.0,,,,,,
2026-09-01T07:44:56Z,foxnews,1,128,55,0,0,0.0,,,,,,,
2026-09-01T07:44:56Z,nbcnews,1,47,55,0,0,0.0,,,,,,,
2026-09-01T07:44:56Z,newsweek,1,79,55,0,0,0.0,,,,,,,
2026-09-01T07:44:56Z,bbc,1,30,55,0,0,0.0,,,,,,,
2026-09-01T07:44:56Z,guardian,1,36,55,0,0,0.0,,,,,,,
2026-09-01T07:44:56Z,thetimes,1,96,55,0,0,0.0,,,,,,,
2026-09-01T07:44:56Z,dailymail,1,313,55,0,0,0.0,,,,,,,
2026-09-01T07:44:56Z,dw,1,39,55,0,0,0.0,,,,,,,
2026-09-01T07:44:56Z,ap,0,0,0,0,0,,,,,,,,
2026-09-01T07:44:56Z,lemonde,1,37,55,0,0,0.0,,,,,,,
2026-09-01T07:44:56Z,lefigaro,1,184,55,0,0,0.0,,,,,,,
2026-09-01T07:44:56Z,spiegel,1,169,55,0,0,0.0,,,,,,,
2026-09-01T07:44:56Z,bild,1,177,55,0,0,0.0,,,,,,,
2026-09-01T07:44:56Z,elpais,0,0,0,0,0,,,,,,,,
2026-09-01T07:44:56Z,corriere,1,238,55,0,0,0.0,,,,,,,
2026-09-01T07:44:56Z,cbc,1,30,55,0,0,0.0,,,,,,,
2026-09-01T07:44:56Z,abcau,1,84,55,0,0,0.0,,,,,,,
2026-09-01T07:58:13Z,nyt,1,31,55,0,0,0.0,,,,,,,
2026-09-01T07:58:13Z,usatoday,1,33,55,0,0,0.0,,,,,,,
2026-09-01T07:58:13Z,nypost,1,129,55,0,0,0.0,,,,,,,
2026-09-01T07:58:13Z,cnn,1,45,55,1,1,0.01818,-1.0,,,,,,
2026-09-01T07:58:13Z,foxnews,1,128,55,0,0,0.0,,,,,,,
2026-09-01T07:58:13Z,nbcnews,1,46,55,0,0,0.0,,,,,,,
2026-09-01T07:58:13Z,newsweek,1,79,55,0,0,0.0,,,,,,,
2026-09-01T07:58:13Z,bbc,1,31,55,0,0,0.0,,,,,,,
2026-09-01T07:58:13Z,guardian,1,36,55,0,0,0.0,,,,,,,
2026-09-01T07:58:13Z,thetimes,1,96,55,0,0,0.0,,,,,,,
2026-09-01T07:58:13Z,dailymail,1,314,55,0,0,0.0,,,,,,,
2026-09-01T07:58:13Z,dw,1,40,55,0,0,0.0,,,,,,,
2026-09-01T07:58:13Z,ap,0,0,0,0,0,,,,,,,,
2026-09-01T07:58:13Z,lemonde,1,37,55,0,0,0.0,,,,,,,
2026-09-01T07:58:13Z,lefigaro,1,185,55,0,0,0.0,,,,,,,
2026-09-01T07:58:13Z,spiegel,1,168,55,0,0,0.0,,,,,,,
2026-09-01T07:58:13Z,bild,1,176,55,0,0,0.0,,,,,,,
2026-09-01T07:58:13Z,elpais,0,0,0,0,0,,,,,,,,
2026-09-01T07:58:13Z,corriere,1,236,55,0,0,0.0,,,,,,,
2026-09-01T07:58:13Z,cbc,1,30,55,0,0,0.0,,,,,,,
2026-09-01T07:58:13Z,abcau,1,82,55,0,0,0.0,,,,,,,
2026-09-01T08:45:25Z,nyt,1,31,55,0,0,0.0,,,,,,,
2026-09-01T08:45:25Z,usatoday,1,33,55,0,0,0.0,,,,,,,
2026-09-01T08:45:25Z,nypost,1,129,55,0,0,0.0,,,,,,,
2026-09-01T08:45:25Z,cnn,1,45,55,0,0,0.0,,,,,,,
2026-09-01T08:45:25Z,foxnews,1,129,55,0,0,0.0,,,,,,,
2026-09-01T08:45:25Z,nbcnews,1,47,55,0,0,0.0,,,,,,,
2026-09-01T08:45:25Z,newsweek,1,79,55,0,0,0.0,,,,,,,
2026-09-01T08:45:25Z,bbc,1,30,55,0,0,0.0,,,,,,,
2026-09-01T08:45:25Z,guardian,1,38,55,0,0,0.0,,,,,,,
2026-09-01T08:45:25Z,thetimes,1,98,55,0,0,0.0,,,,,,,
2026-09-01T08:45:25Z,dailymail,1,317,55,0,0,0.0,,,,,,,
2026-09-01T08:45:25Z,dw,1,40,55,0,0,0.0,,,,,,,
2026-09-01T08:45:25Z,ap,0,0,0,0,0,,,,,,,,
2026-09-01T08:45:25Z,lemonde,1,36,55,0,0,0.0,,,,,,,
2026-09-01T08:45:25Z,lefigaro,1,185,55,0,0,0.0,,,,,,,
2026-09-01T08:45:25Z,spiegel,1,169,55,0,0,0.0,,,,,,,
2026-09-01T08:45:25Z,bild,1,175,55,0,0,0.0,,,,,,,
2026-09-01T08:45:25Z,elpais,0,0,0,0,0,,,,,,,,
2026-09-01T08:45:25Z,corriere,1,239,55,0,0,0.0,,,,,,,
2026-09-01T08:45:25Z,cbc,1,29,55,0,0,0.0,,,,,,,
2026-09-01T08:45:25Z,abcau,1,88,55,0,0,0.0,,,,,,,
2026-09-01T09:45:21Z,nyt,1,31,55,0,0,0.0,,,,,,,
2026-09-01T09:45:21Z,usatoday,1,33,55,0,0,0.0,,,,,,,
2026-09-01T09:45:21Z,nypost,1,166,55,1,1,0.01818,1.0,,,,,,
2026-09-01T09:45:21Z,cnn,1,46,55,0,0,0.0,,,,,,,
2026-09-01T09:45:21Z,foxnews,1,122,55,0,0,0.0,,,,,,,
2026-09-01T09:45:21Z,nbcnews,1,48,55,0,0,0.0,,,,,,,
2026-09-01T09:45:21Z,newsweek,1,77,55,0,0,0.0,,,,,,,
2026-09-01T09:45:21Z,bbc,1,30,55,0,0,0.0,,,,,,,
2026-09-01T09:45:21Z,guardian,1,37,55,0,0,0.0,,,,,,,
2026-09-01T09:45:21Z,thetimes,1,96,55,0,0,0.0,,,,,,,
2026-09-01T09:45:21Z,dailymail,1,327,55,0,0,0.0,,,,,,,
2026-09-01T09:45:21Z,dw,1,41,55,0,0,0.0,,,,,,,
2026-09-01T09:45:21Z,ap,0,0,0,0,0,,,,,,,,
2026-09-01T09:45:21Z,lemonde,1,38,55,0,0,0.0,,,,,,,
2026-09-01T09:45:21Z,lefigaro,1,191,55,0,0,0.0,,,,,,,
2026-09-01T09:45:21Z,spiegel,1,168,55,0,0,0.0,,,,,,,
2026-09-01T09:45:21Z,bild,1,176,55,0,0,0.0,,,,,,,
2026-09-01T09:45:21Z,elpais,1,105,55,0,0,0.0,,,,,,,
2026-09-01T09:45:21Z,corriere,1,245,55,0,0,0.0,,,,,,,
2026-09-01T09:45:21Z,cbc,1,29,55,0,0,0.0,,,,,,,
2026-09-01T09:45:21Z,abcau,1,89,55,0,0,0.0,,,,,,,
2026-09-01T10:45:24Z,nyt,1,32,55,0,0,0.0,,,,,,,
2026-09-01T10:45:24Z,usatoday,1,33,55,0,0,0.0,,,,,,,
2026-09-01T10:45:24Z,nypost,1,166,55,1,1,0.01818,1.0,,,,,,
2026-09-01T10:45:24Z,cnn,1,43,55,0,0,0.0,,,,,,,
2026-09-01T10:45:24Z,foxnews,1,123,55,0,0,0.0,,,,,,,
2026-09-01T10:45:24Z,nbcnews,1,49,55,0,0,0.0,,,,,,,
2026-09-01T10:45:24Z,newsweek,1,77,55,0,0,0.0,,,,,,,
2026-09-01T10:45:24Z,bbc,1,29,55,0,0,0.0,,,,,,,
2026-09-01T10:45:24Z,guardian,1,37,55,0,0,0.0,,,,,,,
2026-09-01T10:45:24Z,thetimes,1,95,55,0,0,0.0,,,,,,,
2026-09-01T10:45:24Z,dailymail,1,336,55,0,0,0.0,,,,,,,
2026-09-01T10:45:24Z,dw,1,42,55,0,0,0.0,,,,,,,
2026-09-01T10:45:24Z,ap,0,0,0,0,0,,,,,,,,
2026-09-01T10:45:24Z,lemonde,1,37,55,0,0,0.0,,,,,,,
2026-09-01T10:45:24Z,lefigaro,1,188,55,0,0,0.0,,,,,,,
2026-09-01T10:45:24Z,spiegel,1,163,55,0,0,0.0,,,,,,,
2026-09-01T10:45:24Z,bild,1,170,55,0,0,0.0,,,,,,,
2026-09-01T10:45:24Z,elpais,0,0,0,0,0,,,,,,,,
2026-09-01T10:45:24Z,corriere,1,248,55,0,0,0.0,,,,,,,
2026-09-01T10:45:24Z,cbc,1,31,55,0,0,0.0,,,,,,,
2026-09-01T10:45:24Z,abcau,1,86,55,0,0,0.0,,,,,,,
2026-09-01T11:45:26Z,nyt,1,33,55,0,0,0.0,,,,,,,
2026-09-01T11:45:26Z,usatoday,1,32,55,0,0,0.0,,,,,,,
2026-09-01T11:45:26Z,nypost,1,166,55,2,4,0.07273,1.0,,,,,,
2026-09-01T11:45:26Z,cnn,1,45,55,0,0,0.0,,,,,,,
2026-09-01T11:45:26Z,foxnews,1,124,55,0,0,0.0,,,,,,,
2026-09-01T11:45:26Z,nbcnews,1,50,55,0,0,0.0,,,,,,,
2026-09-01T11:45:26Z,newsweek,1,77,55,0,0,0.0,,,,,,,
2026-09-01T11:45:26Z,bbc,1,31,55,1,1,0.01818,-1.0,,,,,,
2026-09-01T11:45:26Z,guardian,1,41,55,0,0,0.0,,,,,,,
2026-09-01T11:45:26Z,thetimes,1,89,55,0,0,0.0,,,,,,,
2026-09-01T11:45:26Z,dailymail,1,352,55,0,0,0.0,,,,,,,
2026-09-01T11:45:26Z,dw,1,41,55,0,0,0.0,,,,,,,
2026-09-01T11:45:26Z,ap,0,0,0,0,0,,,,,,,,
2026-09-01T11:45:26Z,lemonde,1,37,55,0,0,0.0,,,,,,,
2026-09-01T11:45:26Z,lefigaro,1,194,55,0,0,0.0,,,,,,,
2026-09-01T11:45:26Z,spiegel,1,164,55,0,0,0.0,,,,,,,
2026-09-01T11:45:26Z,bild,1,171,55,0,0,0.0,,,,,,,
2026-09-01T11:45:26Z,elpais,1,105,55,0,0,0.0,,,,,,,
2026-09-01T11:45:26Z,corriere,1,249,55,0,0,0.0,,,,,,,
2026-09-01T11:45:26Z,cbc,1,31,55,0,0,0.0,,,,,,,
2026-09-01T11:45:26Z,abcau,1,86,55,0,0,0.0,,,,,,,
2026-09-01T12:45:26Z,nyt,1,33,55,0,0,0.0,,,,,,,
2026-09-01T12:45:26Z,usatoday,1,32,55,0,0,0.0,,,,,,,
2026-09-01T12:45:26Z,nypost,1,166,55,2,4,0.07273,0.25,,,,,,
2026-09-01T12:45:26Z,cnn,1,45,55,0,0,0.0,,,,,,,
2026-09-01T12:45:26Z,foxnews,1,128,55,0,0,0.0,,,,,,,
2026-09-01T12:45:26Z,nbcnews,1,52,55,0,0,0.0,,,,,,,
2026-09-01T12:45:26Z,newsweek,1,77,55,0,0,0.0,,,,,,,
2026-09-01T12:45:26Z,bbc,1,31,55,1,1,0.01818,-1.0,,,,,,
2026-09-01T12:45:26Z,guardian,1,42,55,0,0,0.0,,,,,,,
2026-09-01T12:45:26Z,thetimes,1,89,55,0,0,0.0,,,,,,,
2026-09-01T12:45:26Z,dailymail,1,364,55,0,0,0.0,,,,,,,
2026-09-01T12:45:26Z,dw,1,41,55,0,0,0.0,,,,,,,
2026-09-01T12:45:26Z,ap,0,0,0,0,0,,,,,,,,
2026-09-01T12:45:26Z,lemonde,1,38,55,0,0,0.0,,,,,,,
2026-09-01T12:45:26Z,lefigaro,1,195,55,0,0,0.0,,,,,,,
2026-09-01T12:45:26Z,spiegel,1,160,55,0,0,0.0,,,,,,,
2026-09-01T12:45:26Z,bild,1,170,55,0,0,0.0,,,,,,,
2026-09-01T12:45:26Z,elpais,1,111,55,0,0,0.0,,,,,,,
2026-09-01T12:45:26Z,corriere,1,248,55,0,0,0.0,,,,,,,
2026-09-01T12:45:26Z,cbc,1,31,55,0,0,0.0,,,,,,,
2026-09-01T12:45:26Z,abcau,1,86,55,0,0,0.0,,,,,,,
2026-09-01T13:27:59Z,nyt,1,33,55,0,0,0.0,,,,,,,
2026-09-01T13:27:59Z,usatoday,1,32,55,0,0,0.0,,,,,,,
2026-09-01T13:27:59Z,nypost,1,163,55,2,4,0.07273,0.25,,,,,,
2026-09-01T13:27:59Z,cnn,1,43,55,0,0,0.0,,,,,,,
2026-09-01T13:27:59Z,foxnews,1,128,55,0,0,0.0,,,,,,,
2026-09-01T13:27:59Z,nbcnews,1,51,55,0,0,0.0,,,,,,,
2026-09-01T13:27:59Z,newsweek,1,77,55,0,0,0.0,,,,,,,
2026-09-01T13:27:59Z,bbc,1,31,55,1,1,0.01818,0.0,,,,,,
2026-09-01T13:27:59Z,guardian,1,41,55,0,0,0.0,,,,,,,
2026-09-01T13:27:59Z,thetimes,1,89,55,0,0,0.0,,,,,,,
2026-09-01T13:27:59Z,dailymail,1,363,55,0,0,0.0,,,,,,,
2026-09-01T13:27:59Z,dw,1,41,55,0,0,0.0,,,,,,,
2026-09-01T13:27:59Z,ap,0,0,0,0,0,,,,,,,,
2026-09-01T13:27:59Z,lemonde,1,37,55,0,0,0.0,,,,,,,
2026-09-01T13:27:59Z,lefigaro,1,194,55,0,0,0.0,,,,,,,
2026-09-01T13:27:59Z,spiegel,1,165,55,0,0,0.0,,,,,,,
2026-09-01T13:27:59Z,bild,1,170,55,0,0,0.0,,,,,,,
2026-09-01T13:27:59Z,elpais,0,0,0,0,0,,,,,,,,
2026-09-01T13:27:59Z,corriere,1,249,55,0,0,0.0,,,,,,,
2026-09-01T13:27:59Z,cbc,1,30,55,0,0,0.0,,,,,,,
2026-09-01T13:27:59Z,abcau,1,88,55,0,0,0.0,,,,,,,
2026-09-01T13:40:15Z,nyt,1,33,55,0,0,0.0,,,,,,,
2026-09-01T13:40:15Z,usatoday,1,32,55,0,0,0.0,,,,,,,
2026-09-01T13:40:15Z,nypost,1,125,55,0,0,0.0,,,,,,,
2026-09-01T13:40:15Z,cnn,1,44,55,0,0,0.0,,,,,,,
2026-09-01T13:40:15Z,foxnews,1,129,55,0,0,0.0,,,,,,,
2026-09-01T13:40:15Z,nbcnews,1,51,55,0,0,0.0,,,,,,,
2026-09-01T13:40:15Z,newsweek,1,77,55,0,0,0.0,,,,,,,
2026-09-01T13:40:15Z,bbc,1,31,55,1,1,0.01818,0.0,,,,,,
2026-09-01T13:40:15Z,guardian,1,42,55,0,0,0.0,,,,,,,
2026-09-01T13:40:15Z,thetimes,1,89,55,0,0,0.0,,,,,,,
2026-09-01T13:40:15Z,dailymail,1,358,55,0,0,0.0,,,,,,,
2026-09-01T13:40:15Z,dw,1,41,55,0,0,0.0,,,,,,,
2026-09-01T13:40:15Z,ap,0,0,0,0,0,,,,,,,,
2026-09-01T13:40:15Z,lemonde,1,37,55,0,0,0.0,,,,,,,
2026-09-01T13:40:15Z,lefigaro,1,194,55,0,0,0.0,,,,,,,
2026-09-01T13:40:15Z,spiegel,1,165,55,0,0,0.0,,,,,,,
2026-09-01T13:40:15Z,bild,1,170,55,0,0,0.0,,,,,,,
2026-09-01T13:40:15Z,elpais,0,0,0,0,0,,,,,,,,
2026-09-01T13:40:15Z,corriere,1,250,55,0,0,0.0,,,,,,,
2026-09-01T13:40:15Z,cbc,1,30,55,0,0,0.0,,,,,,,
2026-09-01T13:40:15Z,abcau,1,88,55,0,0,0.0,,,,,,,
2026-09-01T13:45:25Z,nyt,1,33,55,0,0,0.0,,,,,,,
2026-09-01T13:45:25Z,usatoday,1,32,55,0,0,0.0,,,,,,,
2026-09-01T13:45:25Z,nypost,1,163,55,2,4,0.07273,0.25,,,,,,
2026-09-01T13:45:25Z,cnn,1,44,55,0,0,0.0,,,,,,,
2026-09-01T13:45:25Z,foxnews,1,129,55,0,0,0.0,,,,,,,
2026-09-01T13:45:25Z,nbcnews,1,51,55,0,0,0.0,,,,,,,
2026-09-01T13:45:25Z,newsweek,1,78,55,0,0,0.0,,,,,,,
2026-09-01T13:45:25Z,bbc,1,31,55,0,0,0.0,,,,,,,
2026-09-01T13:45:25Z,guardian,1,42,55,0,0,0.0,,,,,,,
2026-09-01T13:45:25Z,thetimes,1,89,55,0,0,0.0,,,,,,,
2026-09-01T13:45:25Z,dailymail,1,363,55,0,0,0.0,,,,,,,
2026-09-01T13:45:25Z,dw,1,41,55,0,0,0.0,,,,,,,
2026-09-01T13:45:25Z,ap,0,0,0,0,0,,,,,,,,
2026-09-01T13:45:25Z,lemonde,1,37,55,0,0,0.0,,,,,,,
2026-09-01T13:45:25Z,lefigaro,1,195,55,0,0,0.0,,,,,,,
2026-09-01T13:45:25Z,spiegel,1,165,55,0,0,0.0,,,,,,,
2026-09-01T13:45:25Z,bild,1,170,55,0,0,0.0,,,,,,,
2026-09-01T13:45:25Z,elpais,0,0,0,0,0,,,,,,,,
2026-09-01T13:45:25Z,corriere,1,250,55,0,0,0.0,,,,,,,
2026-09-01T13:45:25Z,cbc,1,30,55,0,0,0.0,,,,,,,
2026-09-01T13:45:25Z,abcau,1,88,55,0,0,0.0,,,,,,,
2026-09-01T14:45:28Z,nyt,1,35,55,0,0,0.0,,,,,,,
2026-09-01T14:45:28Z,usatoday,1,34,55,0,0,0.0,,,,,,,
2026-09-01T14:45:28Z,nypost,1,158,55,2,4,0.07273,0.25,,,,,,
2026-09-01T14:45:28Z,cnn,1,42,55,0,0,0.0,,,,,,,
2026-09-01T14:45:28Z,foxnews,1,126,55,0,0,0.0,,,,,,,
2026-09-01T14:45:28Z,nbcnews,1,53,55,0,0,0.0,,,,,,,
2026-09-01T14:45:28Z,newsweek,1,77,55,0,0,0.0,,,,,,,
2026-09-01T14:45:28Z,bbc,1,32,55,0,0,0.0,,,,,,,
2026-09-01T14:45:28Z,guardian,1,43,55,0,0,0.0,,,,,,,
2026-09-01T14:45:28Z,thetimes,1,89,55,0,0,0.0,,,,,,,
2026-09-01T14:45:28Z,dailymail,1,367,55,0,0,0.0,,,,,,,
2026-09-01T14:45:28Z,dw,1,41,55,0,0,0.0,,,,,,,
2026-09-01T14:45:28Z,ap,0,0,0,0,0,,,,,,,,
2026-09-01T14:45:28Z,lemonde,1,35,55,0,0,0.0,,,,,,,
2026-09-01T14:45:28Z,lefigaro,1,196,55,0,0,0.0,,,,,,,
2026-09-01T14:45:28Z,spiegel,1,169,55,0,0,0.0,,,,,,,
2026-09-01T14:45:28Z,bild,1,170,55,0,0,0.0,,,,,,,
2026-09-01T14:45:28Z,elpais,0,0,0,0,0,,,,,,,,
2026-09-01T14:45:28Z,corriere,1,250,55,0,0,0.0,,,,,,,
2026-09-01T14:45:28Z,cbc,1,29,55,0,0,0.0,,,,,,,
2026-09-01T14:45:28Z,abcau,1,87,55,0,0,0.0,,,,,,,
2026-09-01T15:45:26Z,nyt,1,37,55,0,0,0.0,,,,,,,
2026-09-01T15:45:26Z,usatoday,1,34,55,0,0,0.0,,,,,,,
2026-09-01T15:45:26Z,nypost,1,156,55,2,4,0.07273,0.25,,,,,,
2026-09-01T15:45:26Z,cnn,1,43,55,0,0,0.0,,,,,,,
2026-09-01T15:45:26Z,foxnews,1,127,55,1,1,0.01818,1.0,,,,,,
2026-09-01T15:45:26Z,nbcnews,1,50,55,1,1,0.01818,-1.0,,,,,,
2026-09-01T15:45:26Z,newsweek,1,77,55,0,0,0.0,,,,,,,
2026-09-01T15:45:26Z,bbc,1,33,55,1,1,0.01818,0.0,,,,,,
2026-09-01T15:45:26Z,guardian,1,44,55,0,0,0.0,,,,,,,
2026-09-01T15:45:26Z,thetimes,1,90,55,0,0,0.0,,,,,,,
2026-09-01T15:45:26Z,dailymail,1,378,55,0,0,0.0,,,,,,,
2026-09-01T15:45:26Z,dw,1,40,55,0,0,0.0,,,,,,,
2026-09-01T15:45:26Z,ap,0,0,0,0,0,,,,,,,,
2026-09-01T15:45:26Z,lemonde,1,38,55,0,0,0.0,,,,,,,
2026-09-01T15:45:26Z,lefigaro,1,185,55,0,0,0.0,,,,,,,
2026-09-01T15:45:26Z,spiegel,1,174,55,0,0,0.0,,,,,,,
2026-09-01T15:45:26Z,bild,1,170,55,0,0,0.0,,,,,,,
2026-09-01T15:45:26Z,elpais,0,0,0,0,0,,,,,,,,
2026-09-01T15:45:26Z,corriere,1,239,55,0,0,0.0,,,,,,,
2026-09-01T15:45:26Z,cbc,1,29,55,0,0,0.0,,,,,,,
2026-09-01T15:45:26Z,abcau,1,87,55,0,0,0.0,,,,,,,
2026-09-01T16:45:23Z,nyt,1,31,55,0,0,0.0,,,,,,,
2026-09-01T16:45:23Z,usatoday,1,34,55,0,0,0.0,,,,,,,
2026-09-01T16:45:23Z,nypost,1,156,55,1,1,0.01818,0.0,,,,,,
2026-09-01T16:45:23Z,cnn,1,44,55,0,0,0.0,,,,,,,
2026-09-01T16:45:23Z,foxnews,1,124,55,1,1,0.01818,1.0,,,,,,
2026-09-01T16:45:23Z,nbcnews,1,51,55,1,1,0.01818,-1.0,,,,,,
2026-09-01T16:45:23Z,newsweek,1,78,55,0,0,0.0,,,,,,,
2026-09-01T16:45:23Z,bbc,1,33,55,1,1,0.01818,0.0,,,,,,
2026-09-01T16:45:23Z,guardian,1,37,55,0,0,0.0,,,,,,,
2026-09-01T16:45:23Z,thetimes,1,95,55,0,0,0.0,,,,,,,
2026-09-01T16:45:23Z,dailymail,1,385,55,0,0,0.0,,,,,,,
2026-09-01T16:45:23Z,dw,1,41,55,0,0,0.0,,,,,,,
2026-09-01T16:45:23Z,ap,0,0,0,0,0,,,,,,,,
2026-09-01T16:45:23Z,lemonde,1,36,55,0,0,0.0,,,,,,,
2026-09-01T16:45:23Z,lefigaro,1,186,55,0,0,0.0,,,,,,,
2026-09-01T16:45:23Z,spiegel,1,175,55,0,0,0.0,,,,,,,
2026-09-01T16:45:23Z,bild,1,170,55,0,0,0.0,,,,,,,
2026-09-01T16:45:23Z,elpais,0,0,0,0,0,,,,,,,,
2026-09-01T16:45:23Z,corriere,1,236,55,0,0,0.0,,,,,,,
2026-09-01T16:45:23Z,cbc,1,28,55,0,0,0.0,,,,,,,
2026-09-01T16:45:23Z,abcau,1,88,55,0,0,0.0,,,,,,,
2026-09-01T17:45:24Z,nyt,1,32,55,0,0,0.0,,,,,,,
2026-09-01T17:45:24Z,usatoday,1,34,55,0,0,0.0,,,,,,,
2026-09-01T17:45:24Z,nypost,1,154,55,0,0,0.0,,,,,,,
2026-09-01T17:45:24Z,cnn,1,43,55,0,0,0.0,,,,,,,
2026-09-01T17:45:24Z,foxnews,1,124,55,0,0,0.0,,,,,,,
2026-09-01T17:45:24Z,nbcnews,1,56,55,0,0,0.0,,,,,,,
2026-09-01T17:45:24Z,newsweek,1,78,55,0,0,0.0,,,,,,,
2026-09-01T17:45:24Z,bbc,1,32,55,1,1,0.01818,0.0,,,,,,
2026-09-01T17:45:24Z,guardian,1,38,55,0,0,0.0,,,,,,,
2026-09-01T17:45:24Z,thetimes,1,96,55,0,0,0.0,,,,,,,
2026-09-01T17:45:24Z,dailymail,1,394,55,0,0,0.0,,,,,,,
2026-09-01T17:45:24Z,dw,1,40,55,0,0,0.0,,,,,,,
2026-09-01T17:45:24Z,ap,0,0,0,0,0,,,,,,,,
2026-09-01T17:45:24Z,lemonde,1,35,55,0,0,0.0,,,,,,,
2026-09-01T17:45:24Z,lefigaro,1,184,55,1,5,0.09091,-1.0,,,,,,
2026-09-01T17:45:24Z,spiegel,1,176,55,0,0,0.0,,,,,,,
2026-09-01T17:45:24Z,bild,1,169,55,0,0,0.0,,,,,,,
2026-09-01T17:45:24Z,elpais,0,0,0,0,0,,,,,,,,
2026-09-01T17:45:24Z,corriere,1,232,55,0,0,0.0,,,,,,,
2026-09-01T17:45:24Z,cbc,1,31,55,0,0,0.0,,,,,,,
2026-09-01T17:45:24Z,abcau,1,87,55,0,0,0.0,,,,,,,
2026-09-01T17:47:58Z,nyt,1,32,55,0,0,0.0,,,,,,,
2026-09-01T17:47:58Z,usatoday,1,34,55,0,0,0.0,,,,,,,
2026-09-01T17:47:58Z,nypost,1,155,55,0,0,0.0,,,,,,,
2026-09-01T17:47:58Z,cnn,1,43,55,0,0,0.0,,,,,,,
2026-09-01T17:47:58Z,foxnews,1,124,55,0,0,0.0,,,,,,,
2026-09-01T17:47:58Z,nbcnews,1,56,55,0,0,0.0,,,,,,,
2026-09-01T17:47:58Z,newsweek,1,78,55,0,0,0.0,,,,,,,
2026-09-01T17:47:58Z,bbc,1,32,55,1,1,0.01818,0.0,,,,,,
2026-09-01T17:47:58Z,guardian,1,38,55,0,0,0.0,,,,,,,
2026-09-01T17:47:58Z,thetimes,1,96,55,0,0,0.0,,,,,,,
2026-09-01T17:47:58Z,dailymail,1,394,55,0,0,0.0,,,,,,,
2026-09-01T17:47:58Z,dw,1,40,55,0,0,0.0,,,,,,,
2026-09-01T17:47:58Z,ap,0,0,0,0,0,,,,,,,,
2026-09-01T17:47:58Z,lemonde,1,35,55,0,0,0.0,,,,,,,
2026-09-01T17:47:58Z,lefigaro,1,184,55,1,5,0.09091,-1.0,,,,,,
2026-09-01T17:47:58Z,spiegel,1,176,55,0,0,0.0,,,,,,,
2026-09-01T17:47:58Z,bild,1,169,55,0,0,0.0,,,,,,,
2026-09-01T17:47:58Z,elpais,0,0,0,0,0,,,,,,,,
2026-09-01T17:47:58Z,corriere,1,240,55,0,0,0.0,,,,,,,
2026-09-01T17:47:58Z,cbc,1,31,55,0,0,0.0,,,,,,,
2026-09-01T17:47:58Z,abcau,1,87,55,0,0,0.0,,,,,,,
2026-09-01T17:55:59Z,nyt,1,32,55,0,0,0.0,,,,,,,
2026-09-01T17:55:59Z,usatoday,1,33,55,0,0,0.0,,,,,,,
2026-09-01T17:55:59Z,nypost,1,155,55,0,0,0.0,,,,,,,
2026-09-01T17:55:59Z,cnn,1,43,55,0,0,0.0,,,,,,,
2026-09-01T17:55:59Z,foxnews,1,125,55,0,0,0.0,,,,,,,
2026-09-01T17:55:59Z,nbcnews,1,56,55,0,0,0.0,,,,,,,
2026-09-01T17:55:59Z,newsweek,1,78,55,0,0,0.0,,,,,,,
2026-09-01T17:55:59Z,bbc,1,32,55,1,1,0.01818,0.0,,,,,,
2026-09-01T17:55:59Z,guardian,1,38,55,0,0,0.0,,,,,,,
2026-09-01T17:55:59Z,thetimes,1,96,55,0,0,0.0,,,,,,,
2026-09-01T17:55:59Z,dailymail,1,394,55,0,0,0.0,,,,,,,
2026-09-01T17:55:59Z,dw,1,40,55,0,0,0.0,,,,,,,
2026-09-01T17:55:59Z,ap,0,0,0,0,0,,,,,,,,
2026-09-01T17:55:59Z,lemonde,1,35,55,0,0,0.0,,,,,,,
2026-09-01T17:55:59Z,lefigaro,1,163,55,1,5,0.09091,-1.0,,,,,,
2026-09-01T17:55:59Z,spiegel,1,177,55,0,0,0.0,,,,,,,
2026-09-01T17:55:59Z,bild,1,169,55,0,0,0.0,,,,,,,
2026-09-01T17:55:59Z,elpais,0,0,0,0,0,,,,,,,,
2026-09-01T17:55:59Z,corriere,1,240,55,0,0,0.0,,,,,,,
2026-09-01T17:55:59Z,cbc,1,31,55,0,0,0.0,,,,,,,
2026-09-01T17:55:59Z,abcau,1,87,55,0,0,0.0,,,,,,,
2026-09-01T18:45:30Z,nyt,1,33,55,0,0,0.0,,,,,,,
2026-09-01T18:45:30Z,usatoday,1,33,55,0,0,0.0,,,,,,,
2026-09-01T18:45:30Z,nypost,1,161,55,0,0,0.0,,,,,,,
2026-09-01T18:45:30Z,cnn,1,43,55,0,0,0.0,,,,,,,
2026-09-01T18:45:30Z,foxnews,1,124,55,0,0,0.0,,,,,,,
2026-09-01T18:45:30Z,nbcnews,1,55,55,0,0,0.0,,,,,,,
2026-09-01T18:45:30Z,newsweek,1,78,55,0,0,0.0,,,,,,,
2026-09-01T18:45:30Z,bbc,1,30,55,1,1,0.01818,0.0,,,,,,
2026-09-01T18:45:30Z,guardian,1,35,55,0,0,0.0,,,,,,,
2026-09-01T18:45:30Z,thetimes,1,96,55,1,3,0.05455,-1.0,,,,,,
2026-09-01T18:45:30Z,dailymail,1,404,55,0,0,0.0,,,,,,,
2026-09-01T18:45:30Z,dw,1,40,55,0,0,0.0,,,,,,,
2026-09-01T18:45:30Z,ap,0,0,0,0,0,,,,,,,,
2026-09-01T18:45:30Z,lemonde,1,37,55,0,0,0.0,,,,,,,
2026-09-01T18:45:30Z,lefigaro,1,194,55,1,1,0.01818,-1.0,,,,,,
2026-09-01T18:45:30Z,spiegel,1,175,55,0,0,0.0,,,,,,,
2026-09-01T18:45:30Z,bild,1,165,55,0,0,0.0,,,,,,,
2026-09-01T18:45:30Z,elpais,0,0,0,0,0,,,,,,,,
2026-09-01T18:45:30Z,corriere,1,241,55,0,0,0.0,,,,,,,
2026-09-01T18:45:30Z,cbc,1,32,55,0,0,0.0,,,,,,,
2026-09-01T18:45:30Z,abcau,1,89,55,0,0,0.0,,,,,,,
2026-09-01T19:45:24Z,nyt,1,34,55,0,0,0.0,,,,,,,
2026-09-01T19:45:24Z,usatoday,1,33,55,0,0,0.0,,,,,,,
2026-09-01T19:45:24Z,nypost,1,162,55,0,0,0.0,,,,,,,
2026-09-01T19:45:24Z,cnn,1,43,55,0,0,0.0,,,,,,,
2026-09-01T19:45:24Z,foxnews,1,128,55,0,0,0.0,,,,,,,
2026-09-01T19:45:24Z,nbcnews,1,57,55,0,0,0.0,,,,,,,
2026-09-01T19:45:24Z,newsweek,1,78,55,0,0,0.0,,,,,,,
2026-09-01T19:45:24Z,bbc,1,30,55,1,1,0.01818,0.0,,,,,,
2026-09-01T19:45:24Z,guardian,1,39,55,0,0,0.0,,,,,,,
2026-09-01T19:45:24Z,thetimes,1,96,55,1,3,0.05455,-1.0,,,,,,
2026-09-01T19:45:24Z,dailymail,1,384,55,0,0,0.0,,,,,,,
2026-09-01T19:45:24Z,dw,1,42,55,0,0,0.0,,,,,,,
2026-09-01T19:45:24Z,ap,0,0,0,0,0,,,,,,,,
2026-09-01T19:45:24Z,lemonde,1,37,55,0,0,0.0,,,,,,,
2026-09-01T19:45:24Z,lefigaro,1,184,55,1,3,0.05455,-1.0,,,,,,
2026-09-01T19:45:24Z,spiegel,1,172,55,0,0,0.0,,,,,,,
2026-09-01T19:45:24Z,bild,1,168,55,0,0,0.0,,,,,,,
2026-09-01T19:45:24Z,elpais,1,108,55,0,0,0.0,,,,,,,
2026-09-01T19:45:24Z,corriere,1,238,55,0,0,0.0,,,,,,,
2026-09-01T19:45:24Z,cbc,1,31,55,0,0,0.0,,,,,,,
2026-09-01T19:45:24Z,abcau,1,88,55,0,0,0.0,,,,,,,
2026-09-01T20:19:03Z,nyt,1,33,55,0,0,0.0,,,,,,,
2026-09-01T20:19:03Z,usatoday,1,34,55,0,0,0.0,,,,,,,
2026-09-01T20:19:03Z,nypost,1,164,55,0,0,0.0,,,,,,,
2026-09-01T20:19:03Z,cnn,1,43,55,0,0,0.0,,,,,,,
2026-09-01T20:19:03Z,foxnews,1,128,55,0,0,0.0,,,,,,,
2026-09-01T20:19:03Z,nbcnews,1,56,55,0,0,0.0,,,,,,,
2026-09-01T20:19:03Z,newsweek,1,78,55,0,0,0.0,,,,,,,
2026-09-01T20:19:03Z,bbc,1,31,55,1,1,0.01818,0.0,,,,,,
2026-09-01T20:19:03Z,guardian,1,38,55,0,0,0.0,,,,,,,
2026-09-01T20:19:03Z,thetimes,1,96,55,1,3,0.05455,-1.0,,,,,,
2026-09-01T20:19:03Z,dailymail,1,318,55,0,0,0.0,,,,,,,
2026-09-01T20:19:03Z,dw,1,42,55,0,0,0.0,,,,,,,
2026-09-01T20:19:03Z,ap,0,0,0,0,0,,,,,,,,
2026-09-01T20:19:03Z,lemonde,1,37,55,0,0,0.0,,,,,,,
2026-09-01T20:19:03Z,lefigaro,1,184,55,1,1,0.01818,-1.0,,,,,,
2026-09-01T20:19:03Z,spiegel,1,172,55,0,0,0.0,,,,,,,
2026-09-01T20:19:03Z,bild,1,167,55,1,1,0.01818,,,,,,,
2026-09-01T20:19:03Z,elpais,1,108,55,0,0,0.0,,,,,,,
2026-09-01T20:19:03Z,corriere,1,236,55,0,0,0.0,,,,,,,
2026-09-01T20:19:03Z,cbc,1,31,55,1,3,0.05455,,,,,,,
2026-09-01T20:19:03Z,abcau,1,89,55,0,0,0.0,,,,,,,
2026-09-01T20:22:56Z,nyt,1,33,55,0,0,0.0,,,,,,,
2026-09-01T20:22:56Z,usatoday,1,34,55,0,0,0.0,,,,,,,
2026-09-01T20:22:56Z,nypost,1,164,55,0,0,0.0,,,,,,,
2026-09-01T20:22:56Z,cnn,1,43,55,0,0,0.0,,,,,,,
2026-09-01T20:22:56Z,foxnews,1,128,55,0,0,0.0,,,,,,,
2026-09-01T20:22:56Z,nbcnews,1,57,55,0,0,0.0,,,,,,,
2026-09-01T20:22:56Z,newsweek,1,78,55,0,0,0.0,,,,,,,
2026-09-01T20:22:56Z,bbc,1,31,55,1,1,0.01818,0.0,,,,,,
2026-09-01T20:22:56Z,guardian,1,38,55,0,0,0.0,,,,,,,
2026-09-01T20:22:56Z,thetimes,1,96,55,1,3,0.05455,-1.0,,,,,,
2026-09-01T20:22:56Z,dailymail,1,319,55,0,0,0.0,,,,,,,
2026-09-01T20:22:56Z,dw,1,42,55,0,0,0.0,,,,,,,
2026-09-01T20:22:56Z,ap,0,0,0,0,0,,,,,,,,
2026-09-01T20:22:56Z,lemonde,1,37,55,0,0,0.0,,,,,,,
2026-09-01T20:22:56Z,lefigaro,1,184,55,1,3,0.05455,-1.0,,,,,,
2026-09-01T20:22:56Z,spiegel,1,172,55,0,0,0.0,,,,,,,
2026-09-01T20:22:56Z,bild,1,167,55,1,1,0.01818,0.0,,,,,,
2026-09-01T20:22:56Z,elpais,0,0,0,0,0,,,,,,,,
2026-09-01T20:22:56Z,corriere,1,237,55,0,0,0.0,,,,,,,
2026-09-01T20:22:56Z,cbc,1,31,55,1,3,0.05455,-1.0,,,,,,
2026-09-01T20:22:56Z,abcau,1,89,55,0,0,0.0,,,,,,,
2026-09-01T20:45:25Z,nyt,1,34,55,0,0,0.0,,,,,,,
2026-09-01T20:45:25Z,usatoday,1,33,55,0,0,0.0,,,,,,,
2026-09-01T20:45:25Z,nypost,1,165,55,0,0,0.0,,,,,,,
2026-09-01T20:45:25Z,cnn,1,43,55,0,0,0.0,,,,,,,
2026-09-01T20:45:25Z,foxnews,1,127,55,0,0,0.0,,,,,,,
2026-09-01T20:45:25Z,nbcnews,1,57,55,0,0,0.0,,,,,,,
2026-09-01T20:45:25Z,newsweek,1,78,55,0,0,0.0,,,,,,,
2026-09-01T20:45:25Z,bbc,1,30,55,1,1,0.01818,0.0,,,,,,
2026-09-01T20:45:25Z,guardian,1,37,55,0,0,0.0,,,,,,,
2026-09-01T20:45:25Z,thetimes,1,97,55,1,1,0.01818,-1.0,,,,,,
2026-09-01T20:45:25Z,dailymail,1,321,55,0,0,0.0,,,,,,,
2026-09-01T20:45:25Z,dw,1,42,55,0,0,0.0,,,,,,,
2026-09-01T20:45:25Z,ap,0,0,0,0,0,,,,,,,,
2026-09-01T20:45:25Z,lemonde,1,37,55,0,0,0.0,,,,,,,
2026-09-01T20:45:25Z,lefigaro,1,184,55,1,3,0.05455,-1.0,,,,,,
2026-09-01T20:45:25Z,spiegel,1,172,55,0,0,0.0,,,,,,,
2026-09-01T20:45:25Z,bild,1,168,55,1,1,0.01818,0.0,,,,,,
2026-09-01T20:45:25Z,elpais,1,108,55,0,0,0.0,,,,,,,
2026-09-01T20:45:25Z,corriere,1,236,55,0,0,0.0,,,,,,,
2026-09-01T20:45:25Z,cbc,1,30,55,1,3,0.05455,-1.0,,,,,,
2026-09-01T20:45:25Z,abcau,1,77,55,0,0,0.0,,,,,,,
2026-09-01T20:59:00Z,nyt,1,34,55,0,0,0.0,,,,,,,
2026-09-01T20:59:00Z,usatoday,1,34,55,0,0,0.0,,,,,,,
2026-09-01T20:59:00Z,nypost,1,163,55,0,0,0.0,,,,,,,
2026-09-01T20:59:00Z,cnn,1,43,55,0,0,0.0,,,,,,,
2026-09-01T20:59:00Z,foxnews,1,125,55,0,0,0.0,,,,,,,
2026-09-01T20:59:00Z,nbcnews,1,58,55,0,0,0.0,,,,,,,
2026-09-01T20:59:00Z,newsweek,1,78,55,0,0,0.0,,,,,,,
2026-09-01T20:59:00Z,bbc,1,29,55,1,1,0.01818,0.0,,,,,,
2026-09-01T20:59:00Z,guardian,1,38,55,0,0,0.0,,,,,,,
2026-09-01T20:59:00Z,thetimes,1,0,0,0,0,,,,,,,,
2026-09-01T20:59:00Z,dailymail,1,324,55,0,0,0.0,,,,,,,
2026-09-01T20:59:00Z,dw,1,43,55,0,0,0.0,,,,,,,
2026-09-01T20:59:00Z,ap,0,0,0,0,0,,,,,,,,
2026-09-01T20:59:00Z,lemonde,1,37,55,0,0,0.0,,,,,,,
2026-09-01T20:59:00Z,lefigaro,1,184,55,1,3,0.05455,-1.0,,,,,,
2026-09-01T20:59:00Z,spiegel,1,172,55,0,0,0.0,,,,,,,
2026-09-01T20:59:00Z,bild,1,169,55,1,1,0.01818,0.0,,,,,,
2026-09-01T20:59:00Z,elpais,0,0,0,0,0,,,,,,,,
2026-09-01T20:59:00Z,corriere,1,238,55,0,0,0.0,,,,,,,
2026-09-01T20:59:00Z,cbc,1,31,55,1,3,0.05455,-1.0,,,,,,
2026-09-01T20:59:00Z,abcau,1,78,55,0,0,0.0,,,,,,,
2026-09-01T21:18:08Z,nyt,1,33,55,0,0,0.0,,,,,,,
2026-09-01T21:18:08Z,usatoday,1,34,55,0,0,0.0,,,,,,,
2026-09-01T21:18:08Z,nypost,1,166,55,0,0,0.0,,,,,,,
2026-09-01T21:18:08Z,cnn,1,45,55,0,0,0.0,,,,,,,
2026-09-01T21:18:08Z,foxnews,1,123,55,0,0,0.0,,,,,,,
2026-09-01T21:18:08Z,nbcnews,1,59,55,0,0,0.0,,,,,,,
2026-09-01T21:18:08Z,newsweek,1,78,55,0,0,0.0,,,,,,,
2026-09-01T21:18:08Z,bbc,1,29,55,1,1,0.01818,0.0,,,,,,
2026-09-01T21:18:08Z,guardian,1,37,55,0,0,0.0,,,,,,,
2026-09-01T21:18:08Z,thetimes,1,101,55,2,2,0.03636,0.0,,,,,,
2026-09-01T21:18:08Z,dailymail,1,324,55,0,0,0.0,,,,,,,
2026-09-01T21:18:08Z,dw,1,44,55,0,0,0.0,,,,,,,
2026-09-01T21:18:08Z,ap,0,0,0,0,0,,,,,,,,
2026-09-01T21:18:08Z,lemonde,1,37,55,0,0,0.0,,,,,,,
2026-09-01T21:18:08Z,lefigaro,1,184,55,1,3,0.05455,-1.0,,,,,,
2026-09-01T21:18:08Z,spiegel,1,172,55,0,0,0.0,,,,,,,
2026-09-01T21:18:08Z,bild,1,169,55,1,1,0.01818,0.0,,,,,,
2026-09-01T21:18:08Z,elpais,0,0,0,0,0,,,,,,,,
2026-09-01T21:18:08Z,corriere,1,238,55,0,0,0.0,,,,,,,
2026-09-01T21:18:08Z,cbc,1,31,55,1,3,0.05455,-1.0,,,,,,
2026-09-01T21:18:08Z,abcau,1,77,55,0,0,0.0,,,,,,,
2026-09-01T21:45:24Z,nyt,1,33,55,0,0,0.0,,,,,,,
2026-09-01T21:45:24Z,usatoday,1,34,55,0,0,0.0,,,,,,,
2026-09-01T21:45:24Z,nypost,1,169,55,0,0,0.0,,,,,,,
2026-09-01T21:45:24Z,cnn,1,45,55,0,0,0.0,,,,,,,
2026-09-01T21:45:24Z,foxnews,1,127,55,0,0,0.0,,,,,,,
2026-09-01T21:45:24Z,nbcnews,1,60,55,0,0,0.0,,,,,,,
2026-09-01T21:45:24Z,newsweek,1,78,55,0,0,0.0,,,,,,,
2026-09-01T21:45:24Z,bbc,1,30,55,1,1,0.01818,0.0,,,,,,
2026-09-01T21:45:24Z,guardian,1,36,55,0,0,0.0,,,,,,,
2026-09-01T21:45:24Z,thetimes,1,101,55,2,2,0.03636,0.0,,,,,,
2026-09-01T21:45:24Z,dailymail,1,327,55,0,0,0.0,,,,,,,
2026-09-01T21:45:24Z,dw,1,44,55,0,0,0.0,,,,,,,
2026-09-01T21:45:24Z,ap,0,0,0,0,0,,,,,,,,
2026-09-01T21:45:24Z,lemonde,1,235,55,0,0,0.0,,,,,,,
2026-09-01T21:45:24Z,lefigaro,1,184,55,1,3,0.05455,-1.0,,,,,,
2026-09-01T21:45:24Z,spiegel,1,169,55,0,0,0.0,,,,,,,
2026-09-01T21:45:24Z,bild,1,169,55,1,1,0.01818,0.0,,,,,,
2026-09-01T21:45:24Z,elpais,1,107,55,0,0,0.0,,,,,,,
2026-09-01T21:45:24Z,corriere,1,237,55,0,0,0.0,,,,,,,
2026-09-01T21:45:24Z,cbc,1,30,55,1,3,0.05455,-1.0,,,,,,
2026-09-01T21:45:24Z,abcau,1,81,55,0,0,0.0,,,,,,,
2026-09-01T22:45:20Z,nyt,1,34,55,0,0,0.0,,,,,,,
2026-09-01T22:45:20Z,usatoday,1,30,55,0,0,0.0,,,,,,,
2026-09-01T22:45:20Z,nypost,1,176,55,0,0,0.0,,,,,,,
2026-09-01T22:45:20Z,cnn,1,45,55,0,0,0.0,,,,,,,
2026-09-01T22:45:20Z,foxnews,1,128,55,0,0,0.0,,,,,,,
2026-09-01T22:45:20Z,nbcnews,1,62,55,0,0,0.0,,,,,,,
2026-09-01T22:45:20Z,newsweek,1,78,55,0,0,0.0,,,,,,,
2026-09-01T22:45:20Z,bbc,1,32,55,1,1,0.01818,0.0,,,,,,
2026-09-01T22:45:20Z,guardian,1,36,55,0,0,0.0,,,,,,,
2026-09-01T22:45:20Z,thetimes,1,100,55,2,2,0.03636,0.0,,,,,,
2026-09-01T22:45:20Z,dailymail,1,332,55,0,0,0.0,,,,,,,
2026-09-01T22:45:20Z,dw,1,43,55,0,0,0.0,,,,,,,
2026-09-01T22:45:20Z,ap,0,0,0,0,0,,,,,,,,
2026-09-01T22:45:20Z,lemonde,1,36,55,0,0,0.0,,,,,,,
2026-09-01T22:45:20Z,lefigaro,1,182,55,1,3,0.05455,-1.0,,,,,,
2026-09-01T22:45:20Z,spiegel,1,168,55,0,0,0.0,,,,,,,
2026-09-01T22:45:20Z,bild,1,168,55,1,1,0.01818,0.0,,,,,,
2026-09-01T22:45:20Z,elpais,0,0,0,0,0,,,,,,,,
2026-09-01T22:45:20Z,corriere,1,236,55,0,0,0.0,,,,,,,
2026-09-01T22:45:20Z,cbc,1,30,55,1,3,0.05455,-1.0,,,,,,
2026-09-01T22:45:20Z,abcau,1,86,55,0,0,0.0,,,,,,,
2026-09-01T23:16:18Z,nyt,1,32,55,0,0,0.0,,,,,,,
2026-09-01T23:16:18Z,usatoday,1,29,55,0,0,0.0,,,,,,,
2026-09-01T23:16:18Z,nypost,1,176,55,0,0,0.0,,,,,,,
2026-09-01T23:16:18Z,cnn,1,45,55,0,0,0.0,,,,,,,
2026-09-01T23:16:18Z,foxnews,1,128,55,0,0,0.0,,,,,,,
2026-09-01T23:16:18Z,nbcnews,1,65,55,0,0,0.0,,,,,,,
2026-09-01T23:16:18Z,newsweek,1,78,55,0,0,0.0,,,,,,,
2026-09-01T23:16:18Z,bbc,1,33,55,1,1,0.01818,0.0,,,,,,
2026-09-01T23:16:18Z,guardian,1,39,55,0,0,0.0,,,,,,,
2026-09-01T23:16:18Z,thetimes,1,100,55,2,2,0.03636,0.0,,,,,,
2026-09-01T23:16:18Z,dailymail,1,328,55,0,0,0.0,,,,,,,
2026-09-01T23:16:18Z,dw,1,43,55,0,0,0.0,,,,,,,
2026-09-01T23:16:18Z,ap,0,0,0,0,0,,,,,,,,
2026-09-01T23:16:18Z,lemonde,1,36,55,0,0,0.0,,,,,,,
2026-09-01T23:16:18Z,lefigaro,1,182,55,1,3,0.05455,-1.0,,,,,,
2026-09-01T23:16:18Z,spiegel,1,169,55,0,0,0.0,,,,,,,
2026-09-01T23:16:18Z,bild,1,168,55,1,1,0.01818,0.0,,,,,,
2026-09-01T23:16:18Z,elpais,0,0,0,0,0,,,,,,,,
2026-09-01T23:16:18Z,corriere,1,236,55,0,0,0.0,,,,,,,
2026-09-01T23:16:18Z,cbc,1,29,55,1,3,0.05455,-1.0,,,,,,
2026-09-01T23:16:18Z,abcau,1,85,55,0,0,0.0,,,,,,,
2026-09-01T23:32:31Z,nyt,1,32,55,0,0,0.0,,,,,,,
2026-09-01T23:32:31Z,usatoday,1,29,55,0,0,0.0,,,,,,,
2026-09-01T23:32:31Z,nypost,1,134,55,0,0,0.0,,,,,,,
2026-09-01T23:32:31Z,cnn,1,45,55,0,0,0.0,,,,,,,
2026-09-01T23:32:31Z,foxnews,1,129,55,0,0,0.0,,,,,,,
2026-09-01T23:32:31Z,nbcnews,1,65,55,0,0,0.0,,,,,,,
2026-09-01T23:32:31Z,newsweek,1,78,55,0,0,0.0,,,,,,,
2026-09-01T23:32:31Z,bbc,1,32,55,1,1,0.01818,0.0,,,,,,
2026-09-01T23:32:31Z,guardian,1,38,55,0,0,0.0,,,,,,,
2026-09-01T23:32:31Z,thetimes,1,100,55,2,2,0.03636,0.0,,,,,,
2026-09-01T23:32:31Z,dailymail,1,328,55,0,0,0.0,,,,,,,
2026-09-01T23:32:31Z,dw,1,43,55,0,0,0.0,,,,,,,
2026-09-01T23:32:31Z,ap,0,0,0,0,0,,,,,,,,
2026-09-01T23:32:31Z,lemonde,1,35,55,0,0,0.0,,,,,,,
2026-09-01T23:32:31Z,lefigaro,1,182,55,1,3,0.05455,-1.0,,,,,,
2026-09-01T23:32:31Z,spiegel,1,169,55,0,0,0.0,,,,,,,
2026-09-01T23:32:31Z,bild,1,168,55,0,0,0.0,,,,,,,
2026-09-01T23:32:31Z,elpais,0,0,0,0,0,,,,,,,,
2026-09-01T23:32:31Z,corriere,1,236,55,0,0,0.0,,,,,,,
2026-09-01T23:32:31Z,cbc,1,29,55,1,3,0.05455,-1.0,,,,,,
2026-09-01T23:32:31Z,abcau,1,84,55,0,0,0.0,,,,,,,
2026-09-01T23:45:23Z,nyt,1,32,55,0,0,0.0,,,,,,,
2026-09-01T23:45:23Z,usatoday,1,29,55,0,0,0.0,,,,,,,
2026-09-01T23:45:23Z,nypost,1,174,55,0,0,0.0,,,,,,,
2026-09-01T23:45:23Z,cnn,1,45,55,0,0,0.0,,,,,,,
2026-09-01T23:45:23Z,foxnews,1,127,55,0,0,0.0,,,,,,,
2026-09-01T23:45:23Z,nbcnews,1,64,55,0,0,0.0,,,,,,,
2026-09-01T23:45:23Z,newsweek,1,78,55,0,0,0.0,,,,,,,
2026-09-01T23:45:23Z,bbc,1,32,55,1,1,0.01818,0.0,,,,,,
2026-09-01T23:45:23Z,guardian,1,38,55,0,0,0.0,,,,,,,
2026-09-01T23:45:23Z,thetimes,1,100,55,2,2,0.03636,0.0,,,,,,
2026-09-01T23:45:23Z,dailymail,1,328,55,0,0,0.0,,,,,,,
2026-09-01T23:45:23Z,dw,1,43,55,0,0,0.0,,,,,,,
2026-09-01T23:45:23Z,ap,0,0,0,0,0,,,,,,,,
2026-09-01T23:45:23Z,lemonde,1,35,55,0,0,0.0,,,,,,,
2026-09-01T23:45:23Z,lefigaro,1,182,55,1,3,0.05455,-1.0,,,,,,
2026-09-01T23:45:23Z,spiegel,1,169,55,0,0,0.0,,,,,,,
2026-09-01T23:45:23Z,bild,1,168,55,0,0,0.0,,,,,,,
2026-09-01T23:45:23Z,elpais,0,0,0,0,0,,,,,,,,
2026-09-01T23:45:23Z,corriere,1,236,55,0,0,0.0,,,,,,,
2026-09-01T23:45:23Z,cbc,1,29,55,1,3,0.05455,-1.0,,,,,,
2026-09-01T23:45:23Z,abcau,1,85,55,0,0,0.0,,,,,,,
2026-09-02T00:45:20Z,nyt,1,32,55,0,0,0.0,,,,,,,
2026-09-02T00:45:20Z,usatoday,1,29,55,0,0,0.0,,,,,,,
2026-09-02T00:45:20Z,nypost,1,174,55,0,0,0.0,,,,,,,
2026-09-02T00:45:20Z,cnn,1,45,55,0,0,0.0,,,,,,,
2026-09-02T00:45:20Z,foxnews,1,131,55,0,0,0.0,,,,,,,
2026-09-02T00:45:20Z,nbcnews,1,64,55,0,0,0.0,,,,,,,
2026-09-02T00:45:20Z,newsweek,1,78,55,0,0,0.0,,,,,,,
2026-09-02T00:45:20Z,bbc,1,32,55,1,1,0.01818,0.0,,,,,,
2026-09-02T00:45:20Z,guardian,1,32,55,0,0,0.0,,,,,,,
2026-09-02T00:45:20Z,thetimes,1,101,55,2,2,0.03636,0.0,,,,,,
2026-09-02T00:45:20Z,dailymail,1,330,55,0,0,0.0,,,,,,,
2026-09-02T00:45:20Z,dw,1,42,55,0,0,0.0,,,,,,,
2026-09-02T00:45:20Z,ap,0,0,0,0,0,,,,,,,,
2026-09-02T00:45:20Z,lemonde,1,35,55,0,0,0.0,,,,,,,
2026-09-02T00:45:20Z,lefigaro,1,183,55,1,3,0.05455,-1.0,,,,,,
2026-09-02T00:45:20Z,spiegel,1,164,55,0,0,0.0,,,,,,,
2026-09-02T00:45:20Z,bild,1,168,55,1,3,0.05455,1.0,,,,,,
2026-09-02T00:45:20Z,elpais,0,0,0,0,0,,,,,,,,
2026-09-02T00:45:20Z,corriere,1,236,55,0,0,0.0,,,,,,,
2026-09-02T00:45:20Z,cbc,1,30,55,1,1,0.01818,-1.0,,,,,,
2026-09-02T00:45:20Z,abcau,1,83,55,0,0,0.0,,,,,,,
2026-09-02T01:22:11Z,nyt,1,32,55,0,0,0.0,,,,,,,
2026-09-02T01:22:11Z,usatoday,1,30,55,0,0,0.0,,,,,,,
2026-09-02T01:22:11Z,nypost,1,172,55,0,0,0.0,,,,,,,
2026-09-02T01:22:11Z,cnn,1,46,55,0,0,0.0,,,,,,,
2026-09-02T01:22:11Z,foxnews,1,133,55,0,0,0.0,,,,,,,
2026-09-02T01:22:11Z,nbcnews,1,65,55,0,0,0.0,,,,,,,
2026-09-02T01:22:11Z,newsweek,1,78,55,0,0,0.0,,,,,,,
2026-09-02T01:22:11Z,bbc,1,32,55,2,2,0.03636,0.0,,,,,,
2026-09-02T01:22:11Z,guardian,1,32,55,0,0,0.0,,,,,,,
2026-09-02T01:22:11Z,thetimes,1,101,55,2,2,0.03636,0.0,,,,,,
2026-09-02T01:22:11Z,dailymail,1,337,55,0,0,0.0,,,,,,,
2026-09-02T01:22:11Z,dw,1,41,55,0,0,0.0,,,,,,,
2026-09-02T01:22:11Z,ap,0,0,0,0,0,,,,,,,,
2026-09-02T01:22:11Z,lemonde,1,36,55,0,0,0.0,,,,,,,
2026-09-02T01:22:11Z,lefigaro,1,183,55,1,3,0.05455,-1.0,,,,,,
2026-09-02T01:22:11Z,spiegel,1,165,55,1,1,0.01818,1.0,,,,,,
2026-09-02T01:22:11Z,bild,1,168,55,1,3,0.05455,1.0,,,,,,
2026-09-02T01:22:11Z,elpais,1,113,55,0,0,0.0,,,,,,,
2026-09-02T01:22:11Z,corriere,1,236,55,0,0,0.0,,,,,,,
2026-09-02T01:22:11Z,cbc,1,30,55,1,1,0.01818,-1.0,,,,,,
2026-09-02T01:22:11Z,abcau,1,83,55,0,0,0.0,,,,,,,
2026-09-02T01:45:23Z,nyt,1,32,55,0,0,0.0,,,,,,,
2026-09-02T01:45:23Z,usatoday,1,30,55,0,0,0.0,,,,,,,
2026-09-02T01:45:23Z,nypost,1,173,55,0,0,0.0,,,,,,,
2026-09-02T01:45:23Z,cnn,1,46,55,0,0,0.0,,,,,,,
2026-09-02T01:45:23Z,foxnews,1,133,55,0,0,0.0,,,,,,,
2026-09-02T01:45:23Z,nbcnews,1,65,55,0,0,0.0,,,,,,,
2026-09-02T01:45:23Z,newsweek,1,78,55,0,0,0.0,,,,,,,
2026-09-02T01:45:23Z,bbc,1,32,55,2,2,0.03636,0.0,,,,,,
2026-09-02T01:45:23Z,guardian,1,32,55,0,0,0.0,,,,,,,
2026-09-02T01:45:23Z,thetimes,1,101,55,2,2,0.03636,0.0,,,,,,
2026-09-02T01:45:23Z,dailymail,1,337,55,0,0,0.0,,,,,,,
2026-09-02T01:45:23Z,dw,1,41,55,0,0,0.0,,,,,,,
2026-09-02T01:45:23Z,ap,0,0,0,0,0,,,,,,,,
2026-09-02T01:45:23Z,lemonde,1,36,55,0,0,0.0,,,,,,,
2026-09-02T01:45:23Z,lefigaro,1,183,55,1,3,0.05455,-1.0,,,,,,
2026-09-02T01:45:23Z,spiegel,1,165,55,1,1,0.01818,1.0,,,,,,
2026-09-02T01:45:23Z,bild,1,168,55,1,3,0.05455,1.0,,,,,,
2026-09-02T01:45:23Z,elpais,0,0,0,0,0,,,,,,,,
2026-09-02T01:45:23Z,corriere,1,236,55,0,0,0.0,,,,,,,
2026-09-02T01:45:23Z,cbc,1,31,55,1,1,0.01818,-1.0,,,,,,
2026-09-02T01:45:23Z,abcau,1,83,55,0,0,0.0,,,,,,,
2026-09-02T02:45:25Z,nyt,1,35,55,0,0,0.0,,,,,,,
2026-09-02T02:45:25Z,usatoday,1,29,55,0,0,0.0,,,,,,,
2026-09-02T02:45:25Z,nypost,1,173,55,0,0,0.0,,,,,,,
2026-09-02T02:45:25Z,cnn,1,47,55,0,0,0.0,,,,,,,
2026-09-02T02:45:25Z,foxnews,1,134,55,0,0,0.0,,,,,,,
2026-09-02T02:45:25Z,nbcnews,1,65,55,0,0,0.0,,,,,,,
2026-09-02T02:45:25Z,newsweek,1,78,55,0,0,0.0,,,,,,,
2026-09-02T02:45:25Z,bbc,1,32,55,1,1,0.01818,0.0,,,,,,
2026-09-02T02:45:25Z,guardian,1,33,55,0,0,0.0,,,,,,,
2026-09-02T02:45:25Z,thetimes,1,101,55,2,2,0.03636,0.0,,,,,,
2026-09-02T02:45:25Z,dailymail,1,337,55,0,0,0.0,,,,,,,
2026-09-02T02:45:25Z,dw,1,41,55,0,0,0.0,,,,,,,
2026-09-02T02:45:25Z,ap,0,0,0,0,0,,,,,,,,
2026-09-02T02:45:25Z,lemonde,1,35,55,0,0,0.0,,,,,,,
2026-09-02T02:45:25Z,lefigaro,1,183,55,1,3,0.05455,-1.0,,,,,,
2026-09-02T02:45:25Z,spiegel,1,165,55,1,1,0.01818,1.0,,,,,,
2026-09-02T02:45:25Z,bild,1,168,55,1,3,0.05455,1.0,,,,,,
2026-09-02T02:45:25Z,elpais,0,0,0,0,0,,,,,,,,
2026-09-02T02:45:25Z,corriere,1,236,55,0,0,0.0,,,,,,,
2026-09-02T02:45:25Z,cbc,1,31,55,1,1,0.01818,-1.0,,,,,,
2026-09-02T02:45:25Z,abcau,1,81,55,0,0,0.0,,,,,,,
2026-09-02T03:45:25Z,nyt,1,35,55,0,0,0.0,,,,,,,
2026-09-02T03:45:25Z,usatoday,1,29,55,0,0,0.0,,,,,,,
2026-09-02T03:45:25Z,nypost,1,176,55,0,0,0.0,,,,,,,
2026-09-02T03:45:25Z,cnn,1,47,55,0,0,0.0,,,,,,,
2026-09-02T03:45:25Z,foxnews,1,135,55,0,0,0.0,,,,,,,
2026-09-02T03:45:25Z,nbcnews,1,67,55,0,0,0.0,,,,,,,
2026-09-02T03:45:25Z,newsweek,1,78,55,0,0,0.0,,,,,,,
2026-09-02T03:45:25Z,bbc,1,34,55,1,1,0.01818,0.0,,,,,,
2026-09-02T03:45:25Z,guardian,1,33,55,0,0,0.0,,,,,,,
2026-09-02T03:45:25Z,thetimes,1,101,55,2,2,0.03636,0.0,,,,,,
2026-09-02T03:45:25Z,dailymail,1,337,55,0,0,0.0,,,,,,,
2026-09-02T03:45:25Z,dw,1,41,55,0,0,0.0,,,,,,,
2026-09-02T03:45:25Z,ap,0,0,0,0,0,,,,,,,,
2026-09-02T03:45:25Z,lemonde,1,36,55,0,0,0.0,,,,,,,
2026-09-02T03:45:25Z,lefigaro,1,183,55,1,3,0.05455,-1.0,,,,,,
2026-09-02T03:45:25Z,spiegel,1,166,55,1,1,0.01818,1.0,,,,,,
2026-09-02T03:45:25Z,bild,1,167,55,1,3,0.05455,1.0,,,,,,
2026-09-02T03:45:25Z,elpais,0,0,0,0,0,,,,,,,,
2026-09-02T03:45:25Z,corriere,1,236,55,0,0,0.0,,,,,,,
2026-09-02T03:45:25Z,cbc,1,30,55,1,1,0.01818,-1.0,,,,,,
2026-09-02T03:45:25Z,abcau,1,79,55,0,0,0.0,,,,,,,
2026-09-02T04:23:20Z,nyt,1,37,55,0,0,0.0,,,,,,,
2026-09-02T04:23:20Z,usatoday,1,29,55,0,0,0.0,,,,,,,
2026-09-02T04:23:20Z,nypost,1,176,55,0,0,0.0,,,,,,,
2026-09-02T04:23:20Z,cnn,1,46,55,0,0,0.0,,,,,,,
2026-09-02T04:23:20Z,foxnews,1,134,55,0,0,0.0,,,,,,,
2026-09-02T04:23:20Z,nbcnews,1,67,55,0,0,0.0,,,,,,,
2026-09-02T04:23:20Z,newsweek,1,78,55,0,0,0.0,,,,,,,
2026-09-02T04:23:20Z,bbc,1,33,55,0,0,0.0,,,,,,,
2026-09-02T04:23:20Z,guardian,1,28,55,0,0,0.0,,,,,,,
2026-09-02T04:23:20Z,thetimes,1,101,55,2,2,0.03636,0.0,,,,,,
2026-09-02T04:23:20Z,dailymail,1,337,55,0,0,0.0,,,,,,,
2026-09-02T04:23:20Z,dw,1,43,55,0,0,0.0,,,,,,,
2026-09-02T04:23:20Z,ap,0,0,0,0,0,,,,,,,,
2026-09-02T04:23:20Z,lemonde,1,38,55,0,0,0.0,,,,,,,
2026-09-02T04:23:20Z,lefigaro,1,187,55,1,1,0.01818,-1.0,,,,,,
2026-09-02T04:23:20Z,spiegel,1,168,55,0,0,0.0,,,,,,,
2026-09-02T04:23:20Z,bild,1,168,55,0,0,0.0,,,,,,,
2026-09-02T04:23:20Z,elpais,0,0,0,0,0,,,,,,,,
2026-09-02T04:23:20Z,corriere,1,237,55,0,0,0.0,,,,,,,
2026-09-02T04:23:20Z,cbc,1,30,55,1,1,0.01818,-1.0,,,,,,
2026-09-02T04:23:20Z,abcau,1,78,55,0,0,0.0,,,,,,,
2026-09-02T04:45:24Z,nyt,1,37,55,0,0,0.0,,,,,,,
2026-09-02T04:45:24Z,usatoday,1,29,55,0,0,0.0,,,,,,,
2026-09-02T04:45:24Z,nypost,1,176,55,0,0,0.0,,,,,,,
2026-09-02T04:45:24Z,cnn,1,45,55,0,0,0.0,,,,,,,
2026-09-02T04:45:24Z,foxnews,1,134,55,0,0,0.0,,,,,,,
2026-09-02T04:45:24Z,nbcnews,1,64,55,0,0,0.0,,,,,,,
2026-09-02T04:45:24Z,newsweek,1,78,55,0,0,0.0,,,,,,,
2026-09-02T04:45:24Z,bbc,1,33,55,1,1,0.01818,0.0,,,,,,
2026-09-02T04:45:24Z,guardian,1,26,55,0,0,0.0,,,,,,,
2026-09-02T04:45:24Z,thetimes,1,101,55,2,2,0.03636,0.0,,,,,,
2026-09-02T04:45:24Z,dailymail,1,337,55,0,0,0.0,,,,,,,
2026-09-02T04:45:24Z,dw,1,43,55,0,0,0.0,,,,,,,
2026-09-02T04:45:24Z,ap,0,0,0,0,0,,,,,,,,
2026-09-02T04:45:24Z,lemonde,1,38,55,0,0,0.0,,,,,,,
2026-09-02T04:45:24Z,lefigaro,1,176,55,1,1,0.01818,-1.0,,,,,,
2026-09-02T04:45:24Z,spiegel,1,170,55,0,0,0.0,,,,,,,
2026-09-02T04:45:24Z,bild,1,168,55,0,0,0.0,,,,,,,
2026-09-02T04:45:24Z,elpais,0,0,0,0,0,,,,,,,,
2026-09-02T04:45:24Z,corriere,1,237,55,0,0,0.0,,,,,,,
2026-09-02T04:45:24Z,cbc,1,30,55,1,1,0.01818,-1.0,,,,,,
2026-09-02T04:45:24Z,abcau,1,79,55,0,0,0.0,,,,,,,
2026-09-02T05:45:20Z,nyt,1,37,55,0,0,0.0,,,,,,,
2026-09-02T05:45:20Z,usatoday,1,29,55,0,0,0.0,,,,,,,
2026-09-02T05:45:20Z,nypost,1,175,55,0,0,0.0,,,,,,,
2026-09-02T05:45:20Z,cnn,1,45,55,0,0,0.0,,,,,,,
2026-09-02T05:45:20Z,foxnews,1,134,55,0,0,0.0,,,,,,,
2026-09-02T05:45:20Z,nbcnews,1,64,55,0,0,0.0,,,,,,,
2026-09-02T05:45:20Z,newsweek,1,78,55,0,0,0.0,,,,,,,
2026-09-02T05:45:20Z,bbc,1,33,55,2,4,0.07273,-0.75,,,,,,
2026-09-02T05:45:20Z,guardian,1,25,55,0,0,0.0,,,,,,,
2026-09-02T05:45:20Z,thetimes,1,101,55,2,2,0.03636,0.0,,,,,,
2026-09-02T05:45:20Z,dailymail,1,336,55,0,0,0.0,,,,,,,
2026-09-02T05:45:20Z,dw,1,40,55,0,0,0.0,,,,,,,
2026-09-02T05:45:20Z,ap,0,0,0,0,0,,,,,,,,
2026-09-02T05:45:20Z,lemonde,1,37,55,0,0,0.0,,,,,,,
2026-09-02T05:45:20Z,lefigaro,1,180,55,0,0,0.0,,,,,,,
2026-09-02T05:45:20Z,spiegel,1,174,55,0,0,0.0,,,,,,,
2026-09-02T05:45:20Z,bild,1,170,55,0,0,0.0,,,,,,,
2026-09-02T05:45:20Z,elpais,0,0,0,0,0,,,,,,,,
2026-09-02T05:45:20Z,corriere,1,236,55,0,0,0.0,,,,,,,
2026-09-02T05:45:20Z,cbc,1,30,55,1,1,0.01818,-1.0,,,,,,
2026-09-02T05:45:20Z,abcau,1,79,55,0,0,0.0,,,,,,,
2026-09-02T06:23:41Z,nyt,1,38,55,0,0,0.0,,,,,,,
2026-09-02T06:23:41Z,usatoday,1,29,55,0,0,0.0,,,,,,,
2026-09-02T06:23:41Z,nypost,1,136,55,0,0,0.0,,,,,,,
2026-09-02T06:23:41Z,cnn,1,44,55,0,0,0.0,,,,,,,
2026-09-02T06:23:41Z,foxnews,1,132,55,0,0,0.0,,,,,,,
2026-09-02T06:23:41Z,nbcnews,1,64,55,0,0,0.0,,,,,,,
2026-09-02T06:23:41Z,newsweek,1,78,55,0,0,0.0,,,,,,,
2026-09-02T06:23:41Z,bbc,1,32,55,2,4,0.07273,-0.75,,,,,,
2026-09-02T06:23:41Z,guardian,1,27,55,0,0,0.0,,,,,,,
2026-09-02T06:23:41Z,thetimes,1,103,55,2,2,0.03636,0.0,,,,,,
2026-09-02T06:23:41Z,dailymail,1,348,55,0,0,0.0,,,,,,,
2026-09-02T06:23:41Z,dw,1,39,55,0,0,0.0,,,,,,,
2026-09-02T06:23:41Z,ap,0,0,0,0,0,,,,,,,,
2026-09-02T06:23:41Z,lemonde,1,36,55,0,0,0.0,,,,,,,
2026-09-02T06:23:41Z,lefigaro,1,182,55,0,0,0.0,,,,,,,
2026-09-02T06:23:41Z,spiegel,1,180,55,1,1,0.01818,-1.0,,,,,,
2026-09-02T06:23:41Z,bild,1,170,55,0,0,0.0,,,,,,,
2026-09-02T06:23:41Z,elpais,0,0,0,0,0,,,,,,,,
2026-09-02T06:23:41Z,corriere,1,237,55,0,0,0.0,,,,,,,
2026-09-02T06:23:41Z,cbc,1,30,55,1,1,0.01818,-1.0,,,,,,
2026-09-02T06:23:41Z,abcau,1,82,55,0,0,0.0,,,,,,,
2026-09-02T06:45:21Z,nyt,1,37,55,0,0,0.0,,,,,,,
2026-09-02T06:45:21Z,usatoday,1,29,55,0,0,0.0,,,,,,,
2026-09-02T06:45:21Z,nypost,1,177,55,0,0,0.0,,,,,,,
2026-09-02T06:45:21Z,cnn,1,44,55,0,0,0.0,,,,,,,
2026-09-02T06:45:21Z,foxnews,1,132,55,0,0,0.0,,,,,,,
2026-09-02T06:45:21Z,nbcnews,1,64,55,0,0,0.0,,,,,,,
2026-09-02T06:45:21Z,newsweek,1,78,55,0,0,0.0,,,,,,,
2026-09-02T06:45:21Z,bbc,1,32,55,2,4,0.07273,-0.75,,,,,,
2026-09-02T06:45:21Z,guardian,1,27,55,0,0,0.0,,,,,,,
2026-09-02T06:45:21Z,thetimes,1,103,55,2,2,0.03636,0.0,,,,,,
2026-09-02T06:45:21Z,dailymail,1,316,55,0,0,0.0,,,,,,,
2026-09-02T06:45:21Z,dw,1,40,55,0,0,0.0,,,,,,,
2026-09-02T06:45:21Z,ap,0,0,0,0,0,,,,,,,,
2026-09-02T06:45:21Z,lemonde,1,36,55,0,0,0.0,,,,,,,
2026-09-02T06:45:21Z,lefigaro,1,182,55,1,5,0.09091,0.0,,,,,,
2026-09-02T06:45:21Z,spiegel,1,180,55,1,1,0.01818,-1.0,,,,,,
2026-09-02T06:45:21Z,bild,1,167,55,0,0,0.0,,,,,,,
2026-09-02T06:45:21Z,elpais,0,0,0,0,0,,,,,,,,
2026-09-02T06:45:21Z,corriere,1,233,55,0,0,0.0,,,,,,,
2026-09-02T06:45:21Z,cbc,1,30,55,1,1,0.01818,-1.0,,,,,,
2026-09-02T06:45:21Z,abcau,1,82,55,0,0,0.0,,,,,,,
2026-09-02T07:45:24Z,nyt,1,37,55,0,0,0.0,,,,,,,
2026-09-02T07:45:24Z,usatoday,1,29,55,0,0,0.0,,,,,,,
2026-09-02T07:45:24Z,nypost,1,175,55,0,0,0.0,,,,,,,
2026-09-02T07:45:24Z,cnn,1,43,55,0,0,0.0,,,,,,,
2026-09-02T07:45:24Z,foxnews,1,134,55,0,0,0.0,,,,,,,
2026-09-02T07:45:24Z,nbcnews,1,64,55,0,0,0.0,,,,,,,
2026-09-02T07:45:24Z,newsweek,1,78,55,0,0,0.0,,,,,,,
2026-09-02T07:45:24Z,bbc,1,31,55,2,4,0.07273,-0.75,,,,,,
2026-09-02T07:45:24Z,guardian,1,30,55,1,1,0.01818,-1.0,,,,,,
2026-09-02T07:45:24Z,thetimes,1,103,55,2,2,0.03636,0.0,,,,,,
2026-09-02T07:45:24Z,dailymail,1,322,55,0,0,0.0,,,,,,,
2026-09-02T07:45:24Z,dw,1,40,55,0,0,0.0,,,,,,,
2026-09-02T07:45:24Z,ap,0,0,0,0,0,,,,,,,,
2026-09-02T07:45:24Z,lemonde,1,36,55,0,0,0.0,,,,,,,
2026-09-02T07:45:24Z,lefigaro,1,183,55,2,6,0.10909,0.0,,,,,,
2026-09-02T07:45:24Z,spiegel,1,173,55,1,1,0.01818,0.0,,,,,,
2026-09-02T07:45:24Z,bild,1,169,55,0,0,0.0,,,,,,,
2026-09-02T07:45:24Z,elpais,0,0,0,0,0,,,,,,,,
2026-09-02T07:45:24Z,corriere,1,234,55,0,0,0.0,,,,,,,
2026-09-02T07:45:24Z,cbc,1,30,55,1,1,0.01818,-1.0,,,,,,
2026-09-02T07:45:24Z,abcau,1,80,55,0,0,0.0,,,,,,,
2026-09-02T08:45:23Z,nyt,1,37,55,0,0,0.0,,,,,,,
2026-09-02T08:45:23Z,usatoday,1,29,55,0,0,0.0,,,,,,,
2026-09-02T08:45:23Z,nypost,1,176,55,0,0,0.0,,,,,,,
2026-09-02T08:45:23Z,cnn,1,42,55,0,0,0.0,,,,,,,
2026-09-02T08:45:23Z,foxnews,1,134,55,0,0,0.0,,,,,,,
2026-09-02T08:45:23Z,nbcnews,1,58,55,0,0,0.0,,,,,,,
2026-09-02T08:45:23Z,newsweek,1,78,55,0,0,0.0,,,,,,,
2026-09-02T08:45:23Z,bbc,1,31,55,2,4,0.07273,-0.75,,,,,,
2026-09-02T08:45:23Z,guardian,1,33,55,1,1,0.01818,-1.0,,,,,,
2026-09-02T08:45:23Z,thetimes,1,103,55,2,2,0.03636,0.0,,,,,,
2026-09-02T08:45:23Z,dailymail,1,323,55,0,0,0.0,,,,,,,
2026-09-02T08:45:23Z,dw,1,41,55,0,0,0.0,,,,,,,
2026-09-02T08:45:23Z,ap,0,0,0,0,0,,,,,,,,
2026-09-02T08:45:23Z,lemonde,1,36,55,0,0,0.0,,,,,,,
2026-09-02T08:45:23Z,lefigaro,1,184,55,1,3,0.05455,0.0,,,,,,
2026-09-02T08:45:23Z,spiegel,1,177,55,0,0,0.0,,,,,,,
2026-09-02T08:45:23Z,bild,1,165,55,0,0,0.0,,,,,,,
2026-09-02T08:45:23Z,elpais,1,97,55,0,0,0.0,,,,,,,
2026-09-02T08:45:23Z,corriere,1,241,55,0,0,0.0,,,,,,,
2026-09-02T08:45:23Z,cbc,1,28,55,1,1,0.01818,-1.0,,,,,,
2026-09-02T08:45:23Z,abcau,1,78,55,0,0,0.0,,,,,,,
2026-09-02T09:32:50Z,nyt,1,37,55,0,0,0.0,,,,,,,
2026-09-02T09:32:50Z,usatoday,1,29,55,0,0,0.0,,,,,,,
2026-09-02T09:32:50Z,nypost,1,175,55,0,0,0.0,,,,,,,
2026-09-02T09:32:50Z,cnn,1,42,55,0,0,0.0,,,,,,,
2026-09-02T09:32:50Z,foxnews,1,130,55,0,0,0.0,,,,,,,
2026-09-02T09:32:50Z,nbcnews,1,55,55,1,1,0.01818,1.0,,,,,,
2026-09-02T09:32:50Z,newsweek,1,77,55,0,0,0.0,,,,,,,
2026-09-02T09:32:50Z,bbc,1,29,55,1,1,0.01818,0.0,,,,,,
2026-09-02T09:32:50Z,guardian,1,35,55,0,0,0.0,,,,,,,
2026-09-02T09:32:50Z,thetimes,1,103,55,2,2,0.03636,0.0,,,,,,
2026-09-02T09:32:50Z,dailymail,1,325,55,0,0,0.0,,,,,,,
2026-09-02T09:32:50Z,dw,1,41,55,0,0,0.0,,,,,,,
2026-09-02T09:32:50Z,ap,0,0,0,0,0,,,,,,,,
2026-09-02T09:32:50Z,lemonde,1,36,55,0,0,0.0,,,,,,,
2026-09-02T09:32:50Z,lefigaro,1,183,55,2,10,0.18182,0.0,,,,,,
2026-09-02T09:32:50Z,spiegel,1,178,55,0,0,0.0,,,,,,,
2026-09-02T09:32:50Z,bild,1,168,55,0,0,0.0,,,,,,,
2026-09-02T09:32:50Z,elpais,0,0,0,0,0,,,,,,,,
2026-09-02T09:32:50Z,corriere,1,240,55,0,0,0.0,,,,,,,
2026-09-02T09:32:50Z,cbc,1,27,55,1,1,0.01818,-1.0,,,,,,
2026-09-02T09:32:50Z,abcau,1,81,55,0,0,0.0,,,,,,,
2026-09-02T09:45:34Z,nyt,1,37,55,0,0,0.0,,,,,,,
2026-09-02T09:45:34Z,usatoday,1,29,55,0,0,0.0,,,,,,,
2026-09-02T09:45:34Z,nypost,1,175,55,0,0,0.0,,,,,,,
2026-09-02T09:45:34Z,cnn,1,42,55,0,0,0.0,,,,,,,
2026-09-02T09:45:34Z,foxnews,1,130,55,0,0,0.0,,,,,,,
2026-09-02T09:45:34Z,nbcnews,1,55,55,1,1,0.01818,1.0,,,,,,
2026-09-02T09:45:34Z,newsweek,1,77,55,0,0,0.0,,,,,,,
2026-09-02T09:45:34Z,bbc,1,31,55,1,1,0.01818,0.0,,,,,,
2026-09-02T09:45:34Z,guardian,1,36,55,0,0,0.0,,,,,,,
2026-09-02T09:45:34Z,thetimes,1,0,0,0,0,,,,,,,,
2026-09-02T09:45:34Z,dailymail,1,326,55,0,0,0.0,,,,,,,
2026-09-02T09:45:34Z,dw,1,41,55,0,0,0.0,,,,,,,
2026-09-02T09:45:34Z,ap,0,0,0,0,0,,,,,,,,
2026-09-02T09:45:34Z,lemonde,1,36,55,0,0,0.0,,,,,,,
2026-09-02T09:45:34Z,lefigaro,1,185,55,2,10,0.18182,0.0,,,,,,
2026-09-02T09:45:34Z,spiegel,1,178,55,0,0,0.0,,,,,,,
2026-09-02T09:45:34Z,bild,1,169,55,0,0,0.0,,,,,,,
2026-09-02T09:45:34Z,elpais,0,0,0,0,0,,,,,,,,
2026-09-02T09:45:34Z,corriere,1,236,55,0,0,0.0,,,,,,,
2026-09-02T09:45:34Z,cbc,1,27,55,1,1,0.01818,-1.0,,,,,,
2026-09-02T09:45:34Z,abcau,1,81,55,0,0,0.0,,,,,,,
2026-09-02T10:45:25Z,nyt,1,38,55,0,0,0.0,,,,,,,
2026-09-02T10:45:25Z,usatoday,1,29,55,0,0,0.0,,,,,,,
2026-09-02T10:45:25Z,nypost,1,138,55,0,0,0.0,,,,,,,
2026-09-02T10:45:25Z,cnn,1,41,55,0,0,0.0,,,,,,,
2026-09-02T10:45:25Z,foxnews,1,131,55,0,0,0.0,,,,,,,
2026-09-02T10:45:25Z,nbcnews,1,55,55,1,1,0.01818,1.0,,,,,,
2026-09-02T10:45:25Z,newsweek,1,77,55,0,0,0.0,,,,,,,
2026-09-02T10:45:25Z,bbc,1,30,55,0,0,0.0,,,,,,,
2026-09-02T10:45:25Z,guardian,1,38,55,0,0,0.0,,,,,,,
2026-09-02T10:45:25Z,thetimes,1,98,55,1,1,0.01818,1.0,,,,,,
2026-09-02T10:45:25Z,dailymail,1,340,55,0,0,0.0,,,,,,,
2026-09-02T10:45:25Z,dw,1,44,55,0,0,0.0,,,,,,,
2026-09-02T10:45:25Z,ap,0,0,0,0,0,,,,,,,,
2026-09-02T10:45:25Z,lemonde,1,37,55,0,0,0.0,,,,,,,
2026-09-02T10:45:25Z,lefigaro,1,192,55,2,10,0.18182,-0.5,,,,,,
2026-09-02T10:45:25Z,spiegel,1,175,55,0,0,0.0,,,,,,,
2026-09-02T10:45:25Z,bild,1,167,55,0,0,0.0,,,,,,,
2026-09-02T10:45:25Z,elpais,0,0,0,0,0,,,,,,,,
2026-09-02T10:45:25Z,corriere,1,235,55,0,0,0.0,,,,,,,
2026-09-02T10:45:25Z,cbc,1,26,55,1,1,0.01818,-1.0,,,,,,
2026-09-02T10:45:25Z,abcau,1,81,55,0,0,0.0,,,,,,,
2026-09-02T11:41:43Z,nyt,1,40,55,0,0,0.0,,,,,,,
2026-09-02T11:41:43Z,usatoday,1,29,55,0,0,0.0,,,,,,,
2026-09-02T11:41:43Z,nypost,1,172,55,0,0,0.0,,,,,,,
2026-09-02T11:41:43Z,cnn,1,43,55,0,0,0.0,,,,,,,
2026-09-02T11:41:43Z,foxnews,1,133,55,0,0,0.0,,,,,,,
2026-09-02T11:41:43Z,nbcnews,1,53,55,0,0,0.0,,,,,,,
2026-09-02T11:41:43Z,newsweek,1,77,55,0,0,0.0,,,,,,,
2026-09-02T11:41:43Z,bbc,1,29,55,1,1,0.01818,0.0,,,,,,
2026-09-02T11:41:43Z,guardian,1,39,55,0,0,0.0,,,,,,,
2026-09-02T11:41:43Z,thetimes,1,97,55,1,1,0.01818,1.0,,,,,,
2026-09-02T11:41:43Z,dailymail,1,346,55,0,0,0.0,,,,,,,
2026-09-02T11:41:43Z,dw,1,42,55,0,0,0.0,,,,,,,
2026-09-02T11:41:43Z,ap,0,0,0,0,0,,,,,,,,
2026-09-02T11:41:43Z,lemonde,1,36,55,0,0,0.0,,,,,,,
2026-09-02T11:41:43Z,lefigaro,1,194,55,1,5,0.09091,-1.0,,,,,,
2026-09-02T11:41:43Z,spiegel,1,179,55,0,0,0.0,,,,,,,
2026-09-02T11:41:43Z,bild,1,166,55,0,0,0.0,,,,,,,
2026-09-02T11:41:43Z,elpais,0,0,0,0,0,,,,,,,,
2026-09-02T11:41:43Z,corriere,1,233,55,0,0,0.0,,,,,,,
2026-09-02T11:41:43Z,cbc,1,24,55,1,1,0.01818,-1.0,,,,,,
2026-09-02T11:41:43Z,abcau,1,82,55,0,0,0.0,,,,,,,
2026-09-02T11:45:22Z,nyt,1,40,55,0,0,0.0,,,,,,,
2026-09-02T11:45:22Z,usatoday,1,29,55,0,0,0.0,,,,,,,
2026-09-02T11:45:22Z,nypost,1,173,55,0,0,0.0,,,,,,,
2026-09-02T11:45:22Z,cnn,1,43,55,0,0,0.0,,,,,,,
2026-09-02T11:45:22Z,foxnews,1,133,55,0,0,0.0,,,,,,,
2026-09-02T11:45:22Z,nbcnews,1,54,55,0,0,0.0,,,,,,,
2026-09-02T11:45:22Z,newsweek,1,77,55,0,0,0.0,,,,,,,
2026-09-02T11:45:22Z,bbc,1,29,55,1,1,0.01818,0.0,,,,,,
2026-09-02T11:45:22Z,guardian,1,39,55,0,0,0.0,,,,,,,
2026-09-02T11:45:22Z,thetimes,1,97,55,1,1,0.01818,1.0,,,,,,
2026-09-02T11:45:22Z,dailymail,1,349,55,0,0,0.0,,,,,,,
2026-09-02T11:45:22Z,dw,1,42,55,0,0,0.0,,,,,,,
2026-09-02T11:45:22Z,ap,0,0,0,0,0,,,,,,,,
2026-09-02T11:45:22Z,lemonde,1,36,55,0,0,0.0,,,,,,,
2026-09-02T11:45:22Z,lefigaro,1,194,55,1,5,0.09091,-1.0,,,,,,
2026-09-02T11:45:22Z,spiegel,1,180,55,0,0,0.0,,,,,,,
2026-09-02T11:45:22Z,bild,1,165,55,0,0,0.0,,,,,,,
2026-09-02T11:45:22Z,elpais,0,0,0,0,0,,,,,,,,
2026-09-02T11:45:22Z,corriere,1,235,55,0,0,0.0,,,,,,,
2026-09-02T11:45:22Z,cbc,1,24,55,1,1,0.01818,-1.0,,,,,,
2026-09-02T11:45:22Z,abcau,1,82,55,0,0,0.0,,,,,,,
2026-09-02T12:45:30Z,nyt,1,38,55,0,0,0.0,,,,,,,
2026-09-02T12:45:30Z,usatoday,1,28,55,0,0,0.0,,,,,,,
2026-09-02T12:45:30Z,nypost,1,143,55,0,0,0.0,,,,,,,
2026-09-02T12:45:30Z,cnn,1,43,55,0,0,0.0,,,,,,,
2026-09-02T12:45:30Z,foxnews,1,133,55,0,0,0.0,,,,,,,
2026-09-02T12:45:30Z,nbcnews,1,52,55,0,0,0.0,,,,,,,
2026-09-02T12:45:30Z,newsweek,1,77,55,0,0,0.0,,,,,,,
2026-09-02T12:45:30Z,bbc,1,31,55,1,1,0.01818,-1.0,,,,,,
2026-09-02T12:45:30Z,guardian,1,38,55,0,0,0.0,,,,,,,
2026-09-02T12:45:30Z,thetimes,1,97,55,1,1,0.01818,1.0,,,,,,
2026-09-02T12:45:30Z,dailymail,1,361,55,1,1,0.01818,0.0,,,,,,
2026-09-02T12:45:30Z,dw,1,42,55,0,0,0.0,,,,,,,
2026-09-02T12:45:30Z,ap,0,0,0,0,0,,,,,,,,
2026-09-02T12:45:30Z,lemonde,1,37,55,0,0,0.0,,,,,,,
2026-09-02T12:45:30Z,lefigaro,1,193,55,1,5,0.09091,-1.0,,,,,,
2026-09-02T12:45:30Z,spiegel,1,171,55,0,0,0.0,,,,,,,
2026-09-02T12:45:30Z,bild,1,168,55,0,0,0.0,,,,,,,
2026-09-02T12:45:30Z,elpais,0,0,0,0,0,,,,,,,,
2026-09-02T12:45:30Z,corriere,1,233,55,0,0,0.0,,,,,,,
2026-09-02T12:45:30Z,cbc,1,24,55,1,1,0.01818,-1.0,,,,,,
2026-09-02T12:45:30Z,abcau,1,82,55,0,0,0.0,,,,,,,
2026-09-02T13:45:23Z,nyt,1,38,55,0,0,0.0,,,,,,,
2026-09-02T13:45:23Z,usatoday,1,28,55,0,0,0.0,,,,,,,
2026-09-02T13:45:23Z,nypost,1,171,55,0,0,0.0,,,,,,,
2026-09-02T13:45:23Z,cnn,1,43,55,0,0,0.0,,,,,,,
2026-09-02T13:45:23Z,foxnews,1,135,55,0,0,0.0,,,,,,,
2026-09-02T13:45:23Z,nbcnews,1,53,55,0,0,0.0,,,,,,,
2026-09-02T13:45:23Z,newsweek,1,77,55,0,0,0.0,,,,,,,
2026-09-02T13:45:23Z,bbc,1,30,55,1,1,0.01818,-1.0,,,,,,
2026-09-02T13:45:23Z,guardian,1,38,55,0,0,0.0,,,,,,,
2026-09-02T13:45:23Z,thetimes,1,95,55,0,0,0.0,,,,,,,
2026-09-02T13:45:23Z,dailymail,1,367,55,0,0,0.0,,,,,,,
2026-09-02T13:45:23Z,dw,1,42,55,0,0,0.0,,,,,,,
2026-09-02T13:45:23Z,ap,0,0,0,0,0,,,,,,,,
2026-09-02T13:45:23Z,lemonde,1,38,55,0,0,0.0,,,,,,,
2026-09-02T13:45:23Z,lefigaro,1,192,55,1,3,0.05455,-1.0,,,,,,
2026-09-02T13:45:23Z,spiegel,1,171,55,0,0,0.0,,,,,,,
2026-09-02T13:45:23Z,bild,1,168,55,0,0,0.0,,,,,,,
2026-09-02T13:45:23Z,elpais,0,0,0,0,0,,,,,,,,
2026-09-02T13:45:23Z,corriere,1,236,55,0,0,0.0,,,,,,,
2026-09-02T13:45:23Z,cbc,1,28,55,0,0,0.0,,,,,,,
2026-09-02T13:45:23Z,abcau,1,82,55,0,0,0.0,,,,,,,
2026-09-02T14:25:48Z,nyt,1,37,55,0,0,0.0,,,,,,,
2026-09-02T14:25:48Z,usatoday,1,26,55,0,0,0.0,,,,,,,
2026-09-02T14:25:48Z,nypost,1,161,55,0,0,0.0,,,,,,,
2026-09-02T14:25:48Z,cnn,1,43,55,0,0,0.0,,,,,,,
2026-09-02T14:25:48Z,foxnews,1,133,55,0,0,0.0,,,,,,,
2026-09-02T14:25:48Z,nbcnews,1,52,55,0,0,0.0,,,,,,,
2026-09-02T14:25:48Z,newsweek,1,77,55,0,0,0.0,,,,,,,
2026-09-02T14:25:48Z,bbc,1,30,55,1,1,0.01818,-1.0,,,,,,
2026-09-02T14:25:48Z,guardian,1,38,55,0,0,0.0,,,,,,,
2026-09-02T14:25:48Z,thetimes,1,94,55,0,0,0.0,,,,,,,
2026-09-02T14:25:48Z,dailymail,1,373,55,0,0,0.0,,,,,,,
2026-09-02T14:25:48Z,dw,1,42,55,0,0,0.0,,,,,,,
2026-09-02T14:25:48Z,ap,0,0,0,0,0,,,,,,,,
2026-09-02T14:25:48Z,lemonde,1,38,55,0,0,0.0,,,,,,,
2026-09-02T14:25:48Z,lefigaro,1,192,55,1,3,0.05455,-1.0,,,,,,
2026-09-02T14:25:48Z,spiegel,1,172,55,0,0,0.0,,,,,,,
2026-09-02T14:25:48Z,bild,1,167,55,0,0,0.0,,,,,,,
2026-09-02T14:25:48Z,elpais,0,0,0,0,0,,,,,,,,
2026-09-02T14:25:48Z,corriere,1,235,55,0,0,0.0,,,,,,,
2026-09-02T14:25:48Z,cbc,1,29,55,0,0,0.0,,,,,,,
2026-09-02T14:25:48Z,abcau,1,82,55,0,0,0.0,,,,,,,
2026-09-02T14:45:22Z,nyt,1,38,55,0,0,0.0,,,,,,,
2026-09-02T14:45:22Z,usatoday,1,26,55,0,0,0.0,,,,,,,
2026-09-02T14:45:22Z,nypost,1,161,55,0,0,0.0,,,,,,,
2026-09-02T14:45:22Z,cnn,1,42,55,0,0,0.0,,,,,,,
2026-09-02T14:45:22Z,foxnews,1,131,55,0,0,0.0,,,,,,,
2026-09-02T14:45:22Z,nbcnews,1,51,55,0,0,0.0,,,,,,,
2026-09-02T14:45:22Z,newsweek,1,76,55,0,0,0.0,,,,,,,
2026-09-02T14:45:22Z,bbc,1,30,55,1,1,0.01818,-1.0,,,,,,
2026-09-02T14:45:22Z,guardian,1,40,55,0,0,0.0,,,,,,,
2026-09-02T14:45:22Z,thetimes,1,95,55,0,0,0.0,,,,,,,
2026-09-02T14:45:22Z,dailymail,1,381,55,0,0,0.0,,,,,,,
2026-09-02T14:45:22Z,dw,1,42,55,0,0,0.0,,,,,,,
2026-09-02T14:45:22Z,ap,0,0,0,0,0,,,,,,,,
2026-09-02T14:45:22Z,lemonde,1,38,55,0,0,0.0,,,,,,,
2026-09-02T14:45:22Z,lefigaro,1,186,55,2,2,0.03636,-0.5,,,,,,
2026-09-02T14:45:22Z,spiegel,1,168,55,0,0,0.0,,,,,,,
2026-09-02T14:45:22Z,bild,1,166,55,0,0,0.0,,,,,,,
2026-09-02T14:45:22Z,elpais,1,109,55,0,0,0.0,,,,,,,
2026-09-02T14:45:22Z,corriere,1,234,55,0,0,0.0,,,,,,,
2026-09-02T14:45:22Z,cbc,1,29,55,0,0,0.0,,,,,,,
2026-09-02T14:45:22Z,abcau,1,82,55,0,0,0.0,,,,,,,
2026-09-02T15:45:29Z,nyt,1,38,55,0,0,0.0,,,,,,,
2026-09-02T15:45:29Z,usatoday,1,27,55,0,0,0.0,,,,,,,
2026-09-02T15:45:29Z,nypost,1,158,55,0,0,0.0,,,,,,,
2026-09-02T15:45:29Z,cnn,1,42,55,0,0,0.0,,,,,,,
2026-09-02T15:45:29Z,foxnews,1,132,55,0,0,0.0,,,,,,,
2026-09-02T15:45:29Z,nbcnews,1,49,55,0,0,0.0,,,,,,,
2026-09-02T15:45:29Z,newsweek,1,76,55,0,0,0.0,,,,,,,
2026-09-02T15:45:29Z,bbc,1,31,55,1,1,0.01818,-1.0,,,,,,
2026-09-02T15:45:29Z,guardian,1,39,55,0,0,0.0,,,,,,,
2026-09-02T15:45:29Z,thetimes,1,96,55,1,1,0.01818,1.0,,,,,,
2026-09-02T15:45:29Z,dailymail,1,391,55,1,1,0.01818,1.0,,,,,,
2026-09-02T15:45:29Z,dw,1,44,55,0,0,0.0,,,,,,,
2026-09-02T15:45:29Z,ap,0,0,0,0,0,,,,,,,,
2026-09-02T15:45:29Z,lemonde,1,39,55,0,0,0.0,,,,,,,
2026-09-02T15:45:29Z,lefigaro,1,196,55,0,0,0.0,,,,,,,
2026-09-02T15:45:29Z,spiegel,1,169,55,0,0,0.0,,,,,,,
2026-09-02T15:45:29Z,bild,1,168,55,0,0,0.0,,,,,,,
2026-09-02T15:45:29Z,elpais,1,112,55,0,0,0.0,,,,,,,
2026-09-02T15:45:29Z,corriere,1,227,55,0,0,0.0,,,,,,,
2026-09-02T15:45:29Z,cbc,1,29,55,0,0,0.0,,,,,,,
2026-09-02T15:45:29Z,abcau,1,83,55,0,0,0.0,,,,,,,
2026-09-02T16:45:23Z,nyt,1,37,55,0,0,0.0,,,,,,,
2026-09-02T16:45:23Z,usatoday,1,27,55,0,0,0.0,,,,,,,
2026-09-02T16:45:23Z,nypost,1,161,55,0,0,0.0,,,,,,,
2026-09-02T16:45:23Z,cnn,1,42,55,0,0,0.0,,,,,,,
2026-09-02T16:45:23Z,foxnews,1,131,55,0,0,0.0,,,,,,,
2026-09-02T16:45:23Z,nbcnews,1,50,55,0,0,0.0,,,,,,,
2026-09-02T16:45:23Z,newsweek,1,77,55,0,0,0.0,,,,,,,
2026-09-02T16:45:23Z,bbc,1,32,55,2,2,0.03636,-1.0,,,,,,
2026-09-02T16:45:23Z,guardian,1,38,55,0,0,0.0,,,,,,,
2026-09-02T16:45:23Z,thetimes,1,96,55,1,1,0.01818,1.0,,,,,,
2026-09-02T16:45:23Z,dailymail,1,390,55,1,3,0.05455,1.0,,,,,,
2026-09-02T16:45:23Z,dw,1,44,55,0,0,0.0,,,,,,,
2026-09-02T16:45:23Z,ap,0,0,0,0,0,,,,,,,,
2026-09-02T16:45:23Z,lemonde,1,39,55,0,0,0.0,,,,,,,
2026-09-02T16:45:23Z,lefigaro,1,196,55,0,0,0.0,,,,,,,
2026-09-02T16:45:23Z,spiegel,1,173,55,0,0,0.0,,,,,,,
2026-09-02T16:45:23Z,bild,1,168,55,0,0,0.0,,,,,,,
2026-09-02T16:45:23Z,elpais,1,114,55,0,0,0.0,,,,,,,
2026-09-02T16:45:23Z,corriere,1,231,55,0,0,0.0,,,,,,,
2026-09-02T16:45:23Z,cbc,1,29,55,0,0,0.0,,,,,,,
2026-09-02T16:45:23Z,abcau,1,83,55,0,0,0.0,,,,,,,
2026-09-02T16:50:32Z,nyt,1,36,55,0,0,0.0,,,,,,,
2026-09-02T16:50:32Z,usatoday,1,27,55,0,0,0.0,,,,,,,
2026-09-02T16:50:32Z,nypost,1,160,55,0,0,0.0,,,,,,,
2026-09-02T16:50:32Z,cnn,1,42,55,0,0,0.0,,,,,,,
2026-09-02T16:50:32Z,foxnews,1,131,55,0,0,0.0,,,,,,,
2026-09-02T16:50:32Z,nbcnews,1,50,55,0,0,0.0,,,,,,,
2026-09-02T16:50:32Z,newsweek,1,77,55,0,0,0.0,,,,,,,
2026-09-02T16:50:32Z,bbc,1,32,55,2,2,0.03636,-1.0,,,,,,
2026-09-02T16:50:32Z,guardian,1,38,55,0,0,0.0,,,,,,,
2026-09-02T16:50:32Z,thetimes,1,96,55,1,1,0.01818,1.0,,,,,,
2026-09-02T16:50:32Z,dailymail,1,392,55,1,3,0.05455,1.0,,,,,,
2026-09-02T16:50:32Z,dw,1,44,55,0,0,0.0,,,,,,,
2026-09-02T16:50:32Z,ap,0,0,0,0,0,,,,,,,,
2026-09-02T16:50:32Z,lemonde,1,237,55,0,0,0.0,,,,,,,
2026-09-02T16:50:32Z,lefigaro,1,196,55,0,0,0.0,,,,,,,
2026-09-02T16:50:32Z,spiegel,1,174,55,0,0,0.0,,,,,,,
2026-09-02T16:50:32Z,bild,1,168,55,0,0,0.0,,,,,,,
2026-09-02T16:50:32Z,elpais,1,114,55,0,0,0.0,,,,,,,
2026-09-02T16:50:32Z,corriere,1,232,55,0,0,0.0,,,,,,,
2026-09-02T16:50:32Z,cbc,1,29,55,0,0,0.0,,,,,,,
2026-09-02T16:50:32Z,abcau,1,83,55,0,0,0.0,,,,,,,
2026-09-02T17:45:24Z,nyt,1,32,55,0,0,0.0,,,,,,,
2026-09-02T17:45:24Z,usatoday,1,27,55,0,0,0.0,,,,,,,
2026-09-02T17:45:24Z,nypost,1,129,55,0,0,0.0,,,,,,,
2026-09-02T17:45:24Z,cnn,1,42,55,0,0,0.0,,,,,,,
2026-09-02T17:45:24Z,foxnews,1,126,55,0,0,0.0,,,,,,,
2026-09-02T17:45:24Z,nbcnews,1,49,55,0,0,0.0,,,,,,,
2026-09-02T17:45:24Z,newsweek,1,77,55,0,0,0.0,,,,,,,
2026-09-02T17:45:24Z,bbc,1,31,55,2,2,0.03636,-1.0,,,,,,
2026-09-02T17:45:24Z,guardian,1,40,55,0,0,0.0,,,,,,,
2026-09-02T17:45:24Z,thetimes,1,98,55,0,0,0.0,,,,,,,
2026-09-02T17:45:24Z,dailymail,1,404,55,1,3,0.05455,1.0,,,,,,
2026-09-02T17:45:24Z,dw,1,44,55,0,0,0.0,,,,,,,
2026-09-02T17:45:24Z,ap,0,0,0,0,0,,,,,,,,
2026-09-02T17:45:24Z,lemonde,1,38,55,0,0,0.0,,,,,,,
2026-09-02T17:45:24Z,lefigaro,1,194,55,0,0,0.0,,,,,,,
2026-09-02T17:45:24Z,spiegel,1,173,55,0,0,0.0,,,,,,,
2026-09-02T17:45:24Z,bild,1,168,55,0,0,0.0,,,,,,,
2026-09-02T17:45:24Z,elpais,0,0,0,0,0,,,,,,,,
2026-09-02T17:45:24Z,corriere,1,235,55,0,0,0.0,,,,,,,
2026-09-02T17:45:24Z,cbc,1,29,55,0,0,0.0,,,,,,,
2026-09-02T17:45:24Z,abcau,1,83,55,0,0,0.0,,,,,,,
2026-09-02T18:38:08Z,nyt,1,35,55,0,0,0.0,,,,,,,
2026-09-02T18:38:08Z,usatoday,1,27,55,0,0,0.0,,,,,,,
2026-09-02T18:38:08Z,nypost,1,130,55,0,0,0.0,,,,,,,
2026-09-02T18:38:08Z,cnn,1,43,55,0,0,0.0,,,,,,,
2026-09-02T18:38:08Z,foxnews,1,131,55,0,0,0.0,,,,,,,
2026-09-02T18:38:08Z,nbcnews,1,50,55,0,0,0.0,,,,,,,
2026-09-02T18:38:08Z,newsweek,1,77,55,0,0,0.0,,,,,,,
2026-09-02T18:38:08Z,bbc,1,32,55,1,1,0.01818,-1.0,,,,,,
2026-09-02T18:38:08Z,guardian,1,36,55,0,0,0.0,,,,,,,
2026-09-02T18:38:08Z,thetimes,1,97,55,0,0,0.0,,,,,,,
2026-09-02T18:38:08Z,dailymail,1,396,55,1,3,0.05455,1.0,,,,,,
2026-09-02T18:38:08Z,dw,1,44,55,0,0,0.0,,,,,,,
2026-09-02T18:38:08Z,ap,0,0,0,0,0,,,,,,,,
2026-09-02T18:38:08Z,lemonde,1,38,55,0,0,0.0,,,,,,,
2026-09-02T18:38:08Z,lefigaro,1,193,55,0,0,0.0,,,,,,,
2026-09-02T18:38:08Z,spiegel,1,175,55,0,0,0.0,,,,,,,
2026-09-02T18:38:08Z,bild,1,169,55,0,0,0.0,,,,,,,
2026-09-02T18:38:08Z,elpais,0,0,0,0,0,,,,,,,,
2026-09-02T18:38:08Z,corriere,1,227,55,0,0,0.0,,,,,,,
2026-09-02T18:38:08Z,cbc,1,26,55,0,0,0.0,,,,,,,
2026-09-02T18:38:08Z,abcau,1,86,55,0,0,0.0,,,,,,,
2026-09-02T18:45:23Z,nyt,1,35,55,0,0,0.0,,,,,,,
2026-09-02T18:45:23Z,usatoday,1,27,55,0,0,0.0,,,,,,,
2026-09-02T18:45:23Z,nypost,1,164,55,0,0,0.0,,,,,,,
2026-09-02T18:45:23Z,cnn,1,43,55,0,0,0.0,,,,,,,
2026-09-02T18:45:23Z,foxnews,1,130,55,0,0,0.0,,,,,,,
2026-09-02T18:45:23Z,nbcnews,1,50,55,0,0,0.0,,,,,,,
2026-09-02T18:45:23Z,newsweek,1,77,55,0,0,0.0,,,,,,,
2026-09-02T18:45:23Z,bbc,1,33,55,1,1,0.01818,-1.0,,,,,,
2026-09-02T18:45:23Z,guardian,1,35,55,0,0,0.0,,,,,,,
2026-09-02T18:45:23Z,thetimes,1,97,55,0,0,0.0,,,,,,,
2026-09-02T18:45:23Z,dailymail,1,396,55,1,3,0.05455,1.0,,,,,,
2026-09-02T18:45:23Z,dw,1,44,55,0,0,0.0,,,,,,,
2026-09-02T18:45:23Z,ap,0,0,0,0,0,,,,,,,,
2026-09-02T18:45:23Z,lemonde,1,38,55,0,0,0.0,,,,,,,
2026-09-02T18:45:23Z,lefigaro,1,193,55,0,0,0.0,,,,,,,
2026-09-02T18:45:23Z,spiegel,1,175,55,0,0,0.0,,,,,,,
2026-09-02T18:45:23Z,bild,1,168,55,0,0,0.0,,,,,,,
2026-09-02T18:45:23Z,elpais,0,0,0,0,0,,,,,,,,
2026-09-02T18:45:23Z,corriere,1,227,55,0,0,0.0,,,,,,,
2026-09-02T18:45:23Z,cbc,1,26,55,0,0,0.0,,,,,,,
2026-09-02T18:45:23Z,abcau,1,86,55,0,0,0.0,,,,,,,
2026-09-02T19:45:20Z,nyt,1,37,55,0,0,0.0,,,,,,,
2026-09-02T19:45:20Z,usatoday,1,27,55,0,0,0.0,,,,,,,
2026-09-02T19:45:20Z,nypost,1,164,55,0,0,0.0,,,,,,,
2026-09-02T19:45:20Z,cnn,1,44,55,0,0,0.0,,,,,,,
2026-09-02T19:45:20Z,foxnews,1,133,55,1,5,0.09091,0.0,,,,,,
2026-09-02T19:45:20Z,nbcnews,1,48,55,0,0,0.0,,,,,,,
2026-09-02T19:45:20Z,newsweek,1,78,55,0,0,0.0,,,,,,,
2026-09-02T19:45:20Z,bbc,1,31,55,0,0,0.0,,,,,,,
2026-09-02T19:45:20Z,guardian,1,34,55,1,5,0.09091,-1.0,,,,,,
2026-09-02T19:45:20Z,thetimes,1,97,55,1,1,0.01818,0.0,,,,,,
2026-09-02T19:45:20Z,dailymail,1,402,55,1,3,0.05455,1.0,,,,,,
2026-09-02T19:45:20Z,dw,1,44,55,0,0,0.0,,,,,,,
2026-09-02T19:45:20Z,ap,0,0,0,0,0,,,,,,,,
2026-09-02T19:45:20Z,lemonde,1,38,55,0,0,0.0,,,,,,,
2026-09-02T19:45:20Z,lefigaro,1,196,55,0,0,0.0,,,,,,,
2026-09-02T19:45:20Z,spiegel,1,175,55,0,0,0.0,,,,,,,
2026-09-02T19:45:20Z,bild,1,169,55,0,0,0.0,,,,,,,
2026-09-02T19:45:20Z,elpais,0,0,0,0,0,,,,,,,,
2026-09-02T19:45:20Z,corriere,1,230,55,0,0,0.0,,,,,,,
2026-09-02T19:45:20Z,cbc,1,27,55,0,0,0.0,,,,,,,
2026-09-02T19:45:20Z,abcau,1,73,55,0,0,0.0,,,,,,,
2026-09-02T20:05:24Z,nyt,1,38,55,0,0,0.0,,,,,,,
2026-09-02T20:05:24Z,usatoday,1,28,55,0,0,0.0,,,,,,,
2026-09-02T20:05:24Z,nypost,1,131,55,0,0,0.0,,,,,,,
2026-09-02T20:05:24Z,cnn,1,44,55,0,0,0.0,,,,,,,
2026-09-02T20:05:24Z,foxnews,1,132,55,1,3,0.05455,0.0,,,,,,
2026-09-02T20:05:24Z,nbcnews,1,49,55,0,0,0.0,,,,,,,
2026-09-02T20:05:24Z,newsweek,1,78,55,0,0,0.0,,,,,,,
2026-09-02T20:05:24Z,bbc,1,30,55,0,0,0.0,,,,,,,
2026-09-02T20:05:24Z,guardian,1,34,55,1,5,0.09091,-1.0,,,,,,
2026-09-02T20:05:24Z,thetimes,1,97,55,1,1,0.01818,0.0,,,,,,
2026-09-02T20:05:24Z,dailymail,1,406,55,1,3,0.05455,1.0,,,,,,
2026-09-02T20:05:24Z,dw,1,44,55,0,0,0.0,,,,,,,
2026-09-02T20:05:24Z,ap,0,0,0,0,0,,,,,,,,
2026-09-02T20:05:24Z,lemonde,1,38,55,0,0,0.0,,,,,,,
2026-09-02T20:05:24Z,lefigaro,1,194,55,0,0,0.0,,,,,,,
2026-09-02T20:05:24Z,spiegel,1,175,55,0,0,0.0,,,,,,,
2026-09-02T20:05:24Z,bild,1,168,55,0,0,0.0,,,,,,,
2026-09-02T20:05:24Z,elpais,0,0,0,0,0,,,,,,,,
2026-09-02T20:05:24Z,corriere,1,230,55,0,0,0.0,,,,,,,
2026-09-02T20:05:24Z,cbc,1,27,55,0,0,0.0,,,,,,,
2026-09-02T20:05:24Z,abcau,1,76,55,0,0,0.0,,,,,,,
2026-09-02T20:45:22Z,nyt,1,37,55,0,0,0.0,,,,,,,
2026-09-02T20:45:22Z,usatoday,1,28,55,0,0,0.0,,,,,,,
2026-09-02T20:45:22Z,nypost,1,164,55,0,0,0.0,,,,,,,
2026-09-02T20:45:22Z,cnn,1,44,55,0,0,0.0,,,,,,,
2026-09-02T20:45:22Z,foxnews,1,128,55,1,5,0.09091,0.0,,,,,,
2026-09-02T20:45:22Z,nbcnews,1,48,55,0,0,0.0,,,,,,,
2026-09-02T20:45:22Z,newsweek,1,78,55,0,0,0.0,,,,,,,
2026-09-02T20:45:22Z,bbc,1,29,55,0,0,0.0,,,,,,,
2026-09-02T20:45:22Z,guardian,1,34,55,2,6,0.10909,-1.0,,,,,,
2026-09-02T20:45:22Z,thetimes,1,97,55,1,1,0.01818,0.0,,,,,,
2026-09-02T20:45:22Z,dailymail,1,391,55,1,3,0.05455,1.0,,,,,,
2026-09-02T20:45:22Z,dw,1,44,55,0,0,0.0,,,,,,,
2026-09-02T20:45:22Z,ap,0,0,0,0,0,,,,,,,,
2026-09-02T20:45:22Z,lemonde,1,38,55,0,0,0.0,,,,,,,
2026-09-02T20:45:22Z,lefigaro,1,191,55,0,0,0.0,,,,,,,
2026-09-02T20:45:22Z,spiegel,1,174,55,0,0,0.0,,,,,,,
2026-09-02T20:45:22Z,bild,1,169,55,0,0,0.0,,,,,,,
2026-09-02T20:45:22Z,elpais,0,0,0,0,0,,,,,,,,
2026-09-02T20:45:22Z,corriere,1,228,55,0,0,0.0,,,,,,,
2026-09-02T20:45:22Z,cbc,1,28,55,0,0,0.0,,,,,,,
2026-09-02T20:45:22Z,abcau,1,81,55,0,0,0.0,,,,,,,
2026-09-02T21:45:24Z,nyt,1,36,55,0,0,0.0,,,,,,,
2026-09-02T21:45:24Z,usatoday,1,28,55,0,0,0.0,,,,,,,
2026-09-02T21:45:24Z,nypost,1,169,55,0,0,0.0,,,,,,,
2026-09-02T21:45:24Z,cnn,1,44,55,0,0,0.0,,,,,,,
2026-09-02T21:45:24Z,foxnews,1,128,55,0,0,0.0,,,,,,,
2026-09-02T21:45:24Z,nbcnews,1,49,55,0,0,0.0,,,,,,,
2026-09-02T21:45:24Z,newsweek,1,78,55,0,0,0.0,,,,,,,
2026-09-02T21:45:24Z,bbc,1,30,55,0,0,0.0,,,,,,,
2026-09-02T21:45:24Z,guardian,1,33,55,1,1,0.01818,-1.0,,,,,,
2026-09-02T21:45:24Z,thetimes,1,97,55,1,1,0.01818,0.0,,,,,,
2026-09-02T21:45:24Z,dailymail,1,399,55,1,3,0.05455,1.0,,,,,,
2026-09-02T21:45:24Z,dw,1,44,55,0,0,0.0,,,,,,,
2026-09-02T21:45:24Z,ap,0,0,0,0,0,,,,,,,,
2026-09-02T21:45:24Z,lemonde,1,36,55,0,0,0.0,,,,,,,
2026-09-02T21:45:24Z,lefigaro,1,182,55,0,0,0.0,,,,,,,
2026-09-02T21:45:24Z,spiegel,1,173,55,0,0,0.0,,,,,,,
2026-09-02T21:45:24Z,bild,1,168,55,0,0,0.0,,,,,,,
2026-09-02T21:45:24Z,elpais,1,117,55,0,0,0.0,,,,,,,
2026-09-02T21:45:24Z,corriere,1,228,55,0,0,0.0,,,,,,,
2026-09-02T21:45:24Z,cbc,1,28,55,0,0,0.0,,,,,,,
2026-09-02T21:45:24Z,abcau,1,79,55,0,0,0.0,,,,,,,
2026-09-02T21:46:27Z,nyt,1,36,55,0,0,0.0,,,,,,,
2026-09-02T21:46:27Z,usatoday,1,28,55,0,0,0.0,,,,,,,
2026-09-02T21:46:27Z,nypost,1,169,55,0,0,0.0,,,,,,,
2026-09-02T21:46:27Z,cnn,1,44,55,0,0,0.0,,,,,,,
2026-09-02T21:46:27Z,foxnews,1,128,55,0,0,0.0,,,,,,,
2026-09-02T21:46:27Z,nbcnews,1,49,55,0,0,0.0,,,,,,,
2026-09-02T21:46:27Z,newsweek,1,78,55,0,0,0.0,,,,,,,
2026-09-02T21:46:27Z,bbc,1,30,55,0,0,0.0,,,,,,,
2026-09-02T21:46:27Z,guardian,1,33,55,1,1,0.01818,-1.0,,,,,,
2026-09-02T21:46:27Z,thetimes,1,97,55,1,1,0.01818,0.0,,,,,,
2026-09-02T21:46:27Z,dailymail,1,399,55,1,3,0.05455,1.0,,,,,,
2026-09-02T21:46:27Z,dw,1,44,55,0,0,0.0,,,,,,,
2026-09-02T21:46:27Z,ap,0,0,0,0,0,,,,,,,,
2026-09-02T21:46:27Z,lemonde,1,36,55,0,0,0.0,,,,,,,
2026-09-02T21:46:27Z,lefigaro,1,182,55,0,0,0.0,,,,,,,
2026-09-02T21:46:27Z,spiegel,1,173,55,0,0,0.0,,,,,,,
2026-09-02T21:46:27Z,bild,1,168,55,0,0,0.0,,,,,,,
2026-09-02T21:46:27Z,elpais,0,0,0,0,0,,,,,,,,
2026-09-02T21:46:27Z,corriere,1,224,55,0,0,0.0,,,,,,,
2026-09-02T21:46:27Z,cbc,1,28,55,0,0,0.0,,,,,,,
2026-09-02T21:46:27Z,abcau,1,78,55,0,0,0.0,,,,,,,
2026-09-02T22:45:24Z,nyt,1,35,55,0,0,0.0,,,,,,,
2026-09-02T22:45:24Z,usatoday,1,28,55,0,0,0.0,,,,,,,
2026-09-02T22:45:24Z,nypost,1,171,55,0,0,0.0,,,,,,,
2026-09-02T22:45:24Z,cnn,1,44,55,0,0,0.0,,,,,,,
2026-09-02T22:45:24Z,foxnews,1,128,55,0,0,0.0,,,,,,,
2026-09-02T22:45:24Z,nbcnews,1,53,55,0,0,0.0,,,,,,,
2026-09-02T22:45:24Z,newsweek,1,78,55,0,0,0.0,,,,,,,
2026-09-02T22:45:24Z,bbc,1,28,55,2,2,0.03636,-0.5,,,,,,
2026-09-02T22:45:24Z,guardian,1,32,55,1,1,0.01818,-1.0,,,,,,
2026-09-02T22:45:24Z,thetimes,1,97,55,1,1,0.01818,0.0,,,,,,
2026-09-02T22:45:24Z,dailymail,1,408,55,1,3,0.05455,1.0,,,,,,
2026-09-02T22:45:24Z,dw,1,43,55,0,0,0.0,,,,,,,
2026-09-02T22:45:24Z,ap,0,0,0,0,0,,,,,,,,
2026-09-02T22:45:24Z,lemonde,1,36,55,0,0,0.0,,,,,,,
2026-09-02T22:45:24Z,lefigaro,1,184,55,0,0,0.0,,,,,,,
2026-09-02T22:45:24Z,spiegel,1,172,55,0,0,0.0,,,,,,,
2026-09-02T22:45:24Z,bild,1,170,55,0,0,0.0,,,,,,,
2026-09-02T22:45:24Z,elpais,1,114,55,0,0,0.0,,,,,,,
2026-09-02T22:45:24Z,corriere,1,229,55,0,0,0.0,,,,,,,
2026-09-02T22:45:24Z,cbc,1,33,55,0,0,0.0,,,,,,,
2026-09-02T22:45:24Z,abcau,1,77,55,0,0,0.0,,,,,,,
2026-09-02T22:49:16Z,nyt,1,33,55,0,0,0.0,,,,,,,
2026-09-02T22:49:16Z,usatoday,1,28,55,0,0,0.0,,,,,,,
2026-09-02T22:49:16Z,nypost,1,171,55,0,0,0.0,,,,,,,
2026-09-02T22:49:16Z,cnn,1,44,55,0,0,0.0,,,,,,,
2026-09-02T22:49:16Z,foxnews,1,128,55,0,0,0.0,,,,,,,
2026-09-02T22:49:16Z,nbcnews,1,53,55,0,0,0.0,,,,,,,
2026-09-02T22:49:16Z,newsweek,1,78,55,0,0,0.0,,,,,,,
2026-09-02T22:49:16Z,bbc,1,28,55,2,2,0.03636,-0.5,,,,,,
2026-09-02T22:49:16Z,guardian,1,32,55,1,1,0.01818,-1.0,,,,,,
2026-09-02T22:49:16Z,thetimes,1,97,55,1,1,0.01818,0.0,,,,,,
2026-09-02T22:49:16Z,dailymail,1,417,55,1,3,0.05455,1.0,,,,,,
2026-09-02T22:49:16Z,dw,1,43,55,0,0,0.0,,,,,,,
2026-09-02T22:49:16Z,ap,0,0,0,0,0,,,,,,,,
2026-09-02T22:49:16Z,lemonde,1,35,55,0,0,0.0,,,,,,,
2026-09-02T22:49:16Z,lefigaro,1,184,55,0,0,0.0,,,,,,,
2026-09-02T22:49:16Z,spiegel,1,172,55,0,0,0.0,,,,,,,
2026-09-02T22:49:16Z,bild,1,170,55,0,0,0.0,,,,,,,
2026-09-02T22:49:16Z,elpais,1,114,55,0,0,0.0,,,,,,,
2026-09-02T22:49:16Z,corriere,1,229,55,0,0,0.0,,,,,,,
2026-09-02T22:49:16Z,cbc,1,33,55,0,0,0.0,,,,,,,
2026-09-02T22:49:16Z,abcau,1,76,55,0,0,0.0,,,,,,,
2026-09-02T23:45:23Z,nyt,1,34,55,0,0,0.0,,,,,,,
2026-09-02T23:45:23Z,usatoday,1,28,55,0,0,0.0,,,,,,,
2026-09-02T23:45:23Z,nypost,1,170,55,0,0,0.0,,,,,,,
2026-09-02T23:45:23Z,cnn,1,46,55,0,0,0.0,,,,,,,
2026-09-02T23:45:23Z,foxnews,1,126,55,0,0,0.0,,,,,,,
2026-09-02T23:45:23Z,nbcnews,1,51,55,0,0,0.0,,,,,,,
2026-09-02T23:45:23Z,newsweek,1,78,55,0,0,0.0,,,,,,,
2026-09-02T23:45:23Z,bbc,1,29,55,2,2,0.03636,-0.5,,,,,,
2026-09-02T23:45:23Z,guardian,1,31,55,1,1,0.01818,-1.0,,,,,,
2026-09-02T23:45:23Z,thetimes,1,97,55,0,0,0.0,,,,,,,
2026-09-02T23:45:23Z,dailymail,1,312,55,1,3,0.05455,1.0,,,,,,
2026-09-02T23:45:23Z,dw,1,43,55,0,0,0.0,,,,,,,
2026-09-02T23:45:23Z,ap,0,0,0,0,0,,,,,,,,
2026-09-02T23:45:23Z,lemonde,1,35,55,0,0,0.0,,,,,,,
2026-09-02T23:45:23Z,lefigaro,1,184,55,0,0,0.0,,,,,,,
2026-09-02T23:45:23Z,spiegel,1,173,55,0,0,0.0,,,,,,,
2026-09-02T23:45:23Z,bild,1,169,55,0,0,0.0,,,,,,,
2026-09-02T23:45:23Z,elpais,1,112,55,0,0,0.0,,,,,,,
2026-09-02T23:45:23Z,corriere,1,230,55,0,0,0.0,,,,,,,
2026-09-02T23:45:23Z,cbc,1,32,55,0,0,0.0,,,,,,,
2026-09-02T23:45:23Z,abcau,1,72,55,0,0,0.0,,,,,,,
2026-09-03T00:09:57Z,nyt,1,33,55,0,0,0.0,,,,,,,
2026-09-03T00:09:57Z,usatoday,1,28,55,0,0,0.0,,,,,,,
2026-09-03T00:09:57Z,nypost,1,138,55,0,0,0.0,,,,,,,
2026-09-03T00:09:57Z,cnn,1,46,55,0,0,0.0,,,,,,,
2026-09-03T00:09:57Z,foxnews,1,127,55,0,0,0.0,,,,,,,
2026-09-03T00:09:57Z,nbcnews,1,51,55,0,0,0.0,,,,,,,
2026-09-03T00:09:57Z,newsweek,1,78,55,0,0,0.0,,,,,,,
2026-09-03T00:09:57Z,bbc,1,29,55,1,1,0.01818,-1.0,,,,,,
2026-09-03T00:09:57Z,guardian,1,31,55,1,1,0.01818,-1.0,,,,,,
2026-09-03T00:09:57Z,thetimes,1,97,55,0,0,0.0,,,,,,,
2026-09-03T00:09:57Z,dailymail,1,312,55,1,3,0.05455,1.0,,,,,,
2026-09-03T00:09:57Z,dw,1,43,55,0,0,0.0,,,,,,,
2026-09-03T00:09:57Z,ap,0,0,0,0,0,,,,,,,,
2026-09-03T00:09:57Z,lemonde,1,35,55,0,0,0.0,,,,,,,
2026-09-03T00:09:57Z,lefigaro,1,184,55,0,0,0.0,,,,,,,
2026-09-03T00:09:57Z,spiegel,1,174,55,0,0,0.0,,,,,,,
2026-09-03T00:09:57Z,bild,1,170,55,0,0,0.0,,,,,,,
2026-09-03T00:09:57Z,elpais,0,0,0,0,0,,,,,,,,
2026-09-03T00:09:57Z,corriere,1,230,55,0,0,0.0,,,,,,,
2026-09-03T00:09:57Z,cbc,1,32,55,0,0,0.0,,,,,,,
2026-09-03T00:09:57Z,abcau,1,73,55,0,0,0.0,,,,,,,
2026-09-03T00:45:24Z,nyt,1,35,55,0,0,0.0,,,,,,,
2026-09-03T00:45:24Z,usatoday,1,28,55,0,0,0.0,,,,,,,
2026-09-03T00:45:24Z,nypost,1,171,55,0,0,0.0,,,,,,,
2026-09-03T00:45:24Z,cnn,1,46,55,0,0,0.0,,,,,,,
2026-09-03T00:45:24Z,foxnews,1,129,55,0,0,0.0,,,,,,,
2026-09-03T00:45:24Z,nbcnews,1,51,55,0,0,0.0,,,,,,,
2026-09-03T00:45:24Z,newsweek,1,78,55,0,0,0.0,,,,,,,
2026-09-03T00:45:24Z,bbc,1,28,55,1,1,0.01818,-1.0,,,,,,
2026-09-03T00:45:24Z,guardian,1,31,55,1,1,0.01818,-1.0,,,,,,
2026-09-03T00:45:24Z,thetimes,1,97,55,0,0,0.0,,,,,,,
2026-09-03T00:45:24Z,dailymail,1,312,55,1,3,0.05455,1.0,,,,,,
2026-09-03T00:45:24Z,dw,1,43,55,0,0,0.0,,,,,,,
2026-09-03T00:45:24Z,ap,0,0,0,0,0,,,,,,,,
2026-09-03T00:45:24Z,lemonde,1,35,55,0,0,0.0,,,,,,,
2026-09-03T00:45:24Z,lefigaro,1,185,55,0,0,0.0,,,,,,,
2026-09-03T00:45:24Z,spiegel,1,174,55,0,0,0.0,,,,,,,
2026-09-03T00:45:24Z,bild,1,170,55,0,0,0.0,,,,,,,
2026-09-03T00:45:24Z,elpais,0,0,0,0,0,,,,,,,,
2026-09-03T00:45:24Z,corriere,1,230,55,0,0,0.0,,,,,,,
2026-09-03T00:45:24Z,cbc,1,31,55,0,0,0.0,,,,,,,
2026-09-03T00:45:24Z,abcau,1,73,55,0,0,0.0,,,,,,,
2026-09-03T01:25:37Z,nyt,1,35,55,0,0,0.0,,,,,,,
2026-09-03T01:25:37Z,usatoday,1,28,55,0,0,0.0,,,,,,,
2026-09-03T01:25:37Z,nypost,1,172,55,0,0,0.0,,,,,,,
2026-09-03T01:25:37Z,cnn,1,47,55,0,0,0.0,,,,,,,
2026-09-03T01:25:37Z,foxnews,1,129,55,0,0,0.0,,,,,,,
2026-09-03T01:25:37Z,nbcnews,1,51,55,0,0,0.0,,,,,,,
2026-09-03T01:25:37Z,newsweek,1,78,55,0,0,0.0,,,,,,,
2026-09-03T01:25:37Z,bbc,1,29,55,0,0,0.0,,,,,,,
2026-09-03T01:25:37Z,guardian,1,32,55,1,1,0.01818,-1.0,,,,,,
2026-09-03T01:25:37Z,thetimes,1,97,55,0,0,0.0,,,,,,,
2026-09-03T01:25:37Z,dailymail,1,307,55,0,0,0.0,,,,,,,
2026-09-03T01:25:37Z,dw,1,41,55,0,0,0.0,,,,,,,
2026-09-03T01:25:37Z,ap,0,0,0,0,0,,,,,,,,
2026-09-03T01:25:37Z,lemonde,1,35,55,0,0,0.0,,,,,,,
2026-09-03T01:25:37Z,lefigaro,1,185,55,0,0,0.0,,,,,,,
2026-09-03T01:25:37Z,spiegel,1,174,55,0,0,0.0,,,,,,,
2026-09-03T01:25:37Z,bild,1,170,55,0,0,0.0,,,,,,,
2026-09-03T01:25:37Z,elpais,1,110,55,0,0,0.0,,,,,,,
2026-09-03T01:25:37Z,corriere,1,230,55,0,0,0.0,,,,,,,
2026-09-03T01:25:37Z,cbc,1,30,55,0,0,0.0,,,,,,,
2026-09-03T01:25:37Z,abcau,1,71,55,0,0,0.0,,,,,,,
2026-09-03T01:45:21Z,nyt,1,35,55,0,0,0.0,,,,,,,
2026-09-03T01:45:21Z,usatoday,1,28,55,0,0,0.0,,,,,,,
2026-09-03T01:45:21Z,nypost,1,173,55,0,0,0.0,,,,,,,
2026-09-03T01:45:21Z,cnn,1,47,55,0,0,0.0,,,,,,,
2026-09-03T01:45:21Z,foxnews,1,129,55,0,0,0.0,,,,,,,
2026-09-03T01:45:21Z,nbcnews,1,51,55,0,0,0.0,,,,,,,
2026-09-03T01:45:21Z,newsweek,1,78,55,0,0,0.0,,,,,,,
2026-09-03T01:45:21Z,bbc,1,29,55,0,0,0.0,,,,,,,
2026-09-03T01:45:21Z,guardian,1,32,55,1,1,0.01818,-1.0,,,,,,
2026-09-03T01:45:21Z,thetimes,1,97,55,0,0,0.0,,,,,,,
2026-09-03T01:45:21Z,dailymail,1,307,55,0,0,0.0,,,,,,,
2026-09-03T01:45:21Z,dw,1,41,55,0,0,0.0,,,,,,,
2026-09-03T01:45:21Z,ap,0,0,0,0,0,,,,,,,,
2026-09-03T01:45:21Z,lemonde,1,35,55,0,0,0.0,,,,,,,
2026-09-03T01:45:21Z,lefigaro,1,185,55,0,0,0.0,,,,,,,
2026-09-03T01:45:21Z,spiegel,1,175,55,0,0,0.0,,,,,,,
2026-09-03T01:45:21Z,bild,1,170,55,0,0,0.0,,,,,,,
2026-09-03T01:45:21Z,elpais,0,0,0,0,0,,,,,,,,
2026-09-03T01:45:21Z,corriere,1,230,55,0,0,0.0,,,,,,,
2026-09-03T01:45:21Z,cbc,1,30,55,0,0,0.0,,,,,,,
2026-09-03T01:45:21Z,abcau,1,73,55,0,0,0.0,,,,,,,
2026-09-03T02:45:22Z,nyt,1,35,55,0,0,0.0,,,,,,,
2026-09-03T02:45:22Z,usatoday,1,28,55,0,0,0.0,,,,,,,
2026-09-03T02:45:22Z,nypost,1,173,55,0,0,0.0,,,,,,,
2026-09-03T02:45:22Z,cnn,1,46,55,0,0,0.0,,,,,,,
2026-09-03T02:45:22Z,foxnews,1,131,55,0,0,0.0,,,,,,,
2026-09-03T02:45:22Z,nbcnews,1,49,55,0,0,0.0,,,,,,,
2026-09-03T02:45:22Z,newsweek,1,78,55,0,0,0.0,,,,,,,
2026-09-03T02:45:22Z,bbc,1,32,55,0,0,0.0,,,,,,,
2026-09-03T02:45:22Z,guardian,1,30,55,1,1,0.01818,-1.0,,,,,,
2026-09-03T02:45:22Z,thetimes,1,97,55,0,0,0.0,,,,,,,
2026-09-03T02:45:22Z,dailymail,1,307,55,0,0,0.0,,,,,,,
2026-09-03T02:45:22Z,dw,1,41,55,0,0,0.0,,,,,,,
2026-09-03T02:45:22Z,ap,0,0,0,0,0,,,,,,,,
2026-09-03T02:45:22Z,lemonde,1,36,55,0,0,0.0,,,,,,,
2026-09-03T02:45:22Z,lefigaro,1,185,55,0,0,0.0,,,,,,,
2026-09-03T02:45:22Z,spiegel,1,175,55,0,0,0.0,,,,,,,
2026-09-03T02:45:22Z,bild,1,169,55,0,0,0.0,,,,,,,
2026-09-03T02:45:22Z,elpais,1,110,55,0,0,0.0,,,,,,,
2026-09-03T02:45:22Z,corriere,1,230,55,0,0,0.0,,,,,,,
2026-09-03T02:45:22Z,cbc,1,30,55,0,0,0.0,,,,,,,
2026-09-03T02:45:22Z,abcau,1,73,55,0,0,0.0,,,,,,,
2026-09-03T03:45:23Z,nyt,1,35,55,0,0,0.0,,,,,,,
2026-09-03T03:45:23Z,usatoday,1,28,55,0,0,0.0,,,,,,,
2026-09-03T03:45:23Z,nypost,1,172,55,0,0,0.0,,,,,,,
2026-09-03T03:45:23Z,cnn,1,47,55,0,0,0.0,,,,,,,
2026-09-03T03:45:23Z,foxnews,1,132,55,0,0,0.0,,,,,,,
2026-09-03T03:45:23Z,nbcnews,1,49,55,0,0,0.0,,,,,,,
2026-09-03T03:45:23Z,newsweek,1,78,55,0,0,0.0,,,,,,,
2026-09-03T03:45:23Z,bbc,1,31,55,0,0,0.0,,,,,,,
2026-09-03T03:45:23Z,guardian,1,31,55,1,1,0.01818,-1.0,,,,,,
2026-09-03T03:45:23Z,thetimes,1,97,55,0,0,0.0,,,,,,,
2026-09-03T03:45:23Z,dailymail,1,307,55,0,0,0.0,,,,,,,
2026-09-03T03:45:23Z,dw,1,41,55,0,0,0.0,,,,,,,
2026-09-03T03:45:23Z,ap,0,0,0,0,0,,,,,,,,
2026-09-03T03:45:23Z,lemonde,1,35,55,0,0,0.0,,,,,,,
2026-09-03T03:45:23Z,lefigaro,1,185,55,0,0,0.0,,,,,,,
2026-09-03T03:45:23Z,spiegel,1,175,55,0,0,0.0,,,,,,,
2026-09-03T03:45:23Z,bild,1,169,55,0,0,0.0,,,,,,,
2026-09-03T03:45:23Z,elpais,0,0,0,0,0,,,,,,,,
2026-09-03T03:45:23Z,corriere,1,230,55,0,0,0.0,,,,,,,
2026-09-03T03:45:23Z,cbc,1,31,55,0,0,0.0,,,,,,,
2026-09-03T03:45:23Z,abcau,1,78,55,0,0,0.0,,,,,,,
2026-09-03T04:45:22Z,nyt,1,32,55,0,0,0.0,,,,,,,
2026-09-03T04:45:22Z,usatoday,1,28,55,0,0,0.0,,,,,,,
2026-09-03T04:45:22Z,nypost,1,172,55,1,1,0.01818,2.0,,,,,,
2026-09-03T04:45:22Z,cnn,1,46,55,0,0,0.0,,,,,,,
2026-09-03T04:45:22Z,foxnews,1,132,55,0,0,0.0,,,,,,,
2026-09-03T04:45:22Z,nbcnews,1,49,55,0,0,0.0,,,,,,,
2026-09-03T04:45:22Z,newsweek,1,78,55,0,0,0.0,,,,,,,
2026-09-03T04:45:22Z,bbc,1,30,55,0,0,0.0,,,,,,,
2026-09-03T04:45:22Z,guardian,1,31,55,1,1,0.01818,-1.0,,,,,,
2026-09-03T04:45:22Z,thetimes,1,97,55,0,0,0.0,,,,,,,
2026-09-03T04:45:22Z,dailymail,1,307,55,0,0,0.0,,,,,,,
2026-09-03T04:45:22Z,dw,1,44,55,0,0,0.0,,,,,,,
2026-09-03T04:45:22Z,ap,0,0,0,0,0,,,,,,,,
2026-09-03T04:45:22Z,lemonde,1,34,55,0,0,0.0,,,,,,,
2026-09-03T04:45:22Z,lefigaro,1,183,55,0,0,0.0,,,,,,,
2026-09-03T04:45:22Z,spiegel,1,179,55,0,0,0.0,,,,,,,
2026-09-03T04:45:22Z,bild,1,170,55,0,0,0.0,,,,,,,
2026-09-03T04:45:22Z,elpais,0,0,0,0,0,,,,,,,,
2026-09-03T04:45:22Z,corriere,1,230,55,0,0,0.0,,,,,,,
2026-09-03T04:45:22Z,cbc,1,31,55,0,0,0.0,,,,,,,
2026-09-03T04:45:22Z,abcau,1,80,55,0,0,0.0,,,,,,,
2026-09-03T05:44:25Z,nyt,1,32,55,0,0,0.0,,,,,,,
2026-09-03T05:44:25Z,usatoday,1,28,55,0,0,0.0,,,,,,,
2026-09-03T05:44:25Z,nypost,1,173,55,1,1,0.01818,2.0,,,,,,
2026-09-03T05:44:25Z,cnn,1,47,55,0,0,0.0,,,,,,,
2026-09-03T05:44:25Z,foxnews,1,132,55,0,0,0.0,,,,,,,
2026-09-03T05:44:25Z,nbcnews,1,49,55,0,0,0.0,,,,,,,
2026-09-03T05:44:25Z,newsweek,1,78,55,0,0,0.0,,,,,,,
2026-09-03T05:44:25Z,bbc,1,33,55,0,0,0.0,,,,,,,
2026-09-03T05:44:25Z,guardian,1,32,55,1,1,0.01818,-1.0,,,,,,
2026-09-03T05:44:25Z,thetimes,1,97,55,0,0,0.0,,,,,,,
2026-09-03T05:44:25Z,dailymail,1,307,55,0,0,0.0,,,,,,,
2026-09-03T05:44:25Z,dw,1,44,55,0,0,0.0,,,,,,,
2026-09-03T05:44:25Z,ap,0,0,0,0,0,,,,,,,,
2026-09-03T05:44:25Z,lemonde,1,35,55,0,0,0.0,,,,,,,
2026-09-03T05:44:25Z,lefigaro,1,185,55,0,0,0.0,,,,,,,
2026-09-03T05:44:25Z,spiegel,1,179,55,0,0,0.0,,,,,,,
2026-09-03T05:44:25Z,bild,1,170,55,0,0,0.0,,,,,,,
2026-09-03T05:44:25Z,elpais,0,0,0,0,0,,,,,,,,
2026-09-03T05:44:25Z,corriere,1,224,55,0,0,0.0,,,,,,,
2026-09-03T05:44:25Z,cbc,1,31,55,0,0,0.0,,,,,,,
2026-09-03T05:44:25Z,abcau,1,83,55,0,0,0.0,,,,,,,
2026-09-03T05:45:22Z,nyt,1,32,55,0,0,0.0,,,,,,,
2026-09-03T05:45:22Z,usatoday,1,28,55,0,0,0.0,,,,,,,
2026-09-03T05:45:22Z,nypost,1,173,55,1,1,0.01818,2.0,,,,,,
2026-09-03T05:45:22Z,cnn,1,47,55,0,0,0.0,,,,,,,
2026-09-03T05:45:22Z,foxnews,1,132,55,0,0,0.0,,,,,,,
2026-09-03T05:45:22Z,nbcnews,1,49,55,0,0,0.0,,,,,,,
2026-09-03T05:45:22Z,newsweek,1,78,55,0,0,0.0,,,,,,,
2026-09-03T05:45:22Z,bbc,1,33,55,0,0,0.0,,,,,,,
2026-09-03T05:45:22Z,guardian,1,32,55,1,1,0.01818,-1.0,,,,,,
2026-09-03T05:45:22Z,thetimes,1,97,55,0,0,0.0,,,,,,,
2026-09-03T05:45:22Z,dailymail,1,307,55,0,0,0.0,,,,,,,
2026-09-03T05:45:22Z,dw,1,44,55,0,0,0.0,,,,,,,
2026-09-03T05:45:22Z,ap,0,0,0,0,0,,,,,,,,
2026-09-03T05:45:22Z,lemonde,1,34,55,0,0,0.0,,,,,,,
2026-09-03T05:45:22Z,lefigaro,1,185,55,0,0,0.0,,,,,,,
2026-09-03T05:45:22Z,spiegel,1,179,55,0,0,0.0,,,,,,,
2026-09-03T05:45:22Z,bild,1,170,55,0,0,0.0,,,,,,,
2026-09-03T05:45:22Z,elpais,1,95,55,1,1,0.01818,0.0,,,,,,
2026-09-03T05:45:22Z,corriere,1,224,55,0,0,0.0,,,,,,,
2026-09-03T05:45:22Z,cbc,1,31,55,0,0,0.0,,,,,,,
2026-09-03T05:45:22Z,abcau,1,83,55,0,0,0.0,,,,,,,
2026-09-03T06:27:58Z,nyt,1,32,55,0,0,0.0,,,,,,,
2026-09-03T06:27:58Z,usatoday,1,28,55,0,0,0.0,,,,,,,
2026-09-03T06:27:58Z,nypost,1,172,55,1,1,0.01818,2.0,,,,,,
2026-09-03T06:27:58Z,cnn,1,47,55,0,0,0.0,,,,,,,
2026-09-03T06:27:58Z,foxnews,1,132,55,0,0,0.0,,,,,,,
2026-09-03T06:27:58Z,nbcnews,1,49,55,0,0,0.0,,,,,,,
2026-09-03T06:27:58Z,newsweek,1,78,55,0,0,0.0,,,,,,,
2026-09-03T06:27:58Z,bbc,1,30,55,0,0,0.0,,,,,,,
2026-09-03T06:27:58Z,guardian,1,31,55,1,1,0.01818,-1.0,,,,,,
2026-09-03T06:27:58Z,thetimes,1,97,55,0,0,0.0,,,,,,,
2026-09-03T06:27:58Z,dailymail,1,314,55,0,0,0.0,,,,,,,
2026-09-03T06:27:58Z,dw,1,44,55,0,0,0.0,,,,,,,
2026-09-03T06:27:58Z,ap,0,0,0,0,0,,,,,,,,
2026-09-03T06:27:58Z,lemonde,1,34,55,0,0,0.0,,,,,,,
2026-09-03T06:27:58Z,lefigaro,1,190,55,0,0,0.0,,,,,,,
2026-09-03T06:27:58Z,spiegel,1,181,55,0,0,0.0,,,,,,,
2026-09-03T06:27:58Z,bild,1,171,55,0,0,0.0,,,,,,,
2026-09-03T06:27:58Z,elpais,0,0,0,0,0,,,,,,,,
2026-09-03T06:27:58Z,corriere,1,227,55,0,0,0.0,,,,,,,
2026-09-03T06:27:58Z,cbc,1,31,55,0,0,0.0,,,,,,,
2026-09-03T06:27:58Z,abcau,1,86,55,0,0,0.0,,,,,,,
2026-09-03T06:45:26Z,nyt,1,32,55,0,0,0.0,,,,,,,
2026-09-03T06:45:26Z,usatoday,1,28,55,0,0,0.0,,,,,,,
2026-09-03T06:45:26Z,nypost,1,172,55,1,1,0.01818,2.0,,,,,,
2026-09-03T06:45:26Z,cnn,1,46,55,0,0,0.0,,,,,,,
2026-09-03T06:45:26Z,foxnews,1,132,55,0,0,0.0,,,,,,,
2026-09-03T06:45:26Z,nbcnews,1,49,55,0,0,0.0,,,,,,,
2026-09-03T06:45:26Z,newsweek,1,78,55,0,0,0.0,,,,,,,
2026-09-03T06:45:26Z,bbc,1,30,55,0,0,0.0,,,,,,,
2026-09-03T06:45:26Z,guardian,1,32,55,1,1,0.01818,-1.0,,,,,,
2026-09-03T06:45:26Z,thetimes,1,101,55,1,1,0.01818,0.0,,,,,,
2026-09-03T06:45:26Z,dailymail,1,315,55,0,0,0.0,,,,,,,
2026-09-03T06:45:26Z,dw,1,44,55,0,0,0.0,,,,,,,
2026-09-03T06:45:26Z,ap,0,0,0,0,0,,,,,,,,
2026-09-03T06:45:26Z,lemonde,1,34,55,0,0,0.0,,,,,,,
2026-09-03T06:45:26Z,lefigaro,1,192,55,0,0,0.0,,,,,,,
2026-09-03T06:45:26Z,spiegel,1,184,55,0,0,0.0,,,,,,,
2026-09-03T06:45:26Z,bild,1,171,55,0,0,0.0,,,,,,,
2026-09-03T06:45:26Z,elpais,0,0,0,0,0,,,,,,,,
2026-09-03T06:45:26Z,corriere,1,237,55,0,0,0.0,,,,,,,
2026-09-03T06:45:26Z,cbc,1,31,55,0,0,0.0,,,,,,,
2026-09-03T06:45:26Z,abcau,1,86,55,0,0,0.0,,,,,,,
2026-09-03T07:45:25Z,nyt,1,32,55,0,0,0.0,,,,,,,
2026-09-03T07:45:25Z,usatoday,1,28,55,0,0,0.0,,,,,,,
2026-09-03T07:45:25Z,nypost,1,171,55,1,1,0.01818,2.0,,,,,,
2026-09-03T07:45:25Z,cnn,1,42,55,0,0,0.0,,,,,,,
2026-09-03T07:45:25Z,foxnews,1,132,55,0,0,0.0,,,,,,,
2026-09-03T07:45:25Z,nbcnews,1,47,55,0,0,0.0,,,,,,,
2026-09-03T07:45:25Z,newsweek,1,78,55,0,0,0.0,,,,,,,
2026-09-03T07:45:25Z,bbc,1,29,55,0,0,0.0,,,,,,,
2026-09-03T07:45:25Z,guardian,1,35,55,0,0,0.0,,,,,,,
2026-09-03T07:45:25Z,thetimes,1,101,55,1,1,0.01818,0.0,,,,,,
2026-09-03T07:45:25Z,dailymail,1,319,55,0,0,0.0,,,,,,,
2026-09-03T07:45:25Z,dw,1,45,55,0,0,0.0,,,,,,,
2026-09-03T07:45:25Z,ap,0,0,0,0,0,,,,,,,,
2026-09-03T07:45:25Z,lemonde,1,35,55,0,0,0.0,,,,,,,
2026-09-03T07:45:25Z,lefigaro,1,195,55,0,0,0.0,,,,,,,
2026-09-03T07:45:25Z,spiegel,1,184,55,0,0,0.0,,,,,,,
2026-09-03T07:45:25Z,bild,1,168,55,0,0,0.0,,,,,,,
2026-09-03T07:45:25Z,elpais,0,0,0,0,0,,,,,,,,
2026-09-03T07:45:25Z,corriere,1,238,55,0,0,0.0,,,,,,,
2026-09-03T07:45:25Z,cbc,1,31,55,0,0,0.0,,,,,,,
2026-09-03T07:45:25Z,abcau,1,82,55,0,0,0.0,,,,,,,
2026-09-03T08:45:22Z,nyt,1,32,55,0,0,0.0,,,,,,,
2026-09-03T08:45:22Z,usatoday,1,28,55,0,0,0.0,,,,,,,
2026-09-03T08:45:22Z,nypost,1,171,55,1,1,0.01818,2.0,,,,,,
2026-09-03T08:45:22Z,cnn,1,42,55,0,0,0.0,,,,,,,
2026-09-03T08:45:22Z,foxnews,1,133,55,0,0,0.0,,,,,,,
2026-09-03T08:45:22Z,nbcnews,1,47,55,0,0,0.0,,,,,,,
2026-09-03T08:45:22Z,newsweek,1,78,55,0,0,0.0,,,,,,,
2026-09-03T08:45:22Z,bbc,1,27,55,0,0,0.0,,,,,,,
2026-09-03T08:45:22Z,guardian,1,35,55,0,0,0.0,,,,,,,
2026-09-03T08:45:22Z,thetimes,1,0,0,0,0,,,,,,,,
2026-09-03T08:45:22Z,dailymail,1,325,55,0,0,0.0,,,,,,,
2026-09-03T08:45:22Z,dw,1,46,55,0,0,0.0,,,,,,,
2026-09-03T08:45:22Z,ap,0,0,0,0,0,,,,,,,,
2026-09-03T08:45:22Z,lemonde,1,33,55,0,0,0.0,,,,,,,
2026-09-03T08:45:22Z,lefigaro,1,193,55,0,0,0.0,,,,,,,
2026-09-03T08:45:22Z,spiegel,1,180,55,0,0,0.0,,,,,,,
2026-09-03T08:45:22Z,bild,1,169,55,0,0,0.0,,,,,,,
2026-09-03T08:45:22Z,elpais,0,0,0,0,0,,,,,,,,
2026-09-03T08:45:22Z,corriere,1,234,55,0,0,0.0,,,,,,,
2026-09-03T08:45:22Z,cbc,1,29,55,0,0,0.0,,,,,,,
2026-09-03T08:45:22Z,abcau,1,88,55,0,0,0.0,,,,,,,
2026-09-03T09:45:27Z,nyt,1,32,55,0,0,0.0,,,,,,,
2026-09-03T09:45:27Z,usatoday,1,28,55,0,0,0.0,,,,,,,
2026-09-03T09:45:27Z,nypost,1,171,55,1,1,0.01818,2.0,,,,,,
2026-09-03T09:45:27Z,cnn,1,41,55,1,5,0.09091,-1.0,,,,,,
2026-09-03T09:45:27Z,foxnews,1,132,55,0,0,0.0,,,,,,,
2026-09-03T09:45:27Z,nbcnews,1,46,55,0,0,0.0,,,,,,,
2026-09-03T09:45:27Z,newsweek,1,77,55,0,0,0.0,,,,,,,
2026-09-03T09:45:27Z,bbc,1,29,55,0,0,0.0,,,,,,,
2026-09-03T09:45:27Z,guardian,1,36,55,0,0,0.0,,,,,,,
2026-09-03T09:45:27Z,thetimes,1,98,55,0,0,0.0,,,,,,,
2026-09-03T09:45:27Z,dailymail,1,339,55,0,0,0.0,,,,,,,
2026-09-03T09:45:27Z,dw,1,46,55,0,0,0.0,,,,,,,
2026-09-03T09:45:27Z,ap,0,0,0,0,0,,,,,,,,
2026-09-03T09:45:27Z,lemonde,1,37,55,0,0,0.0,,,,,,,
2026-09-03T09:45:27Z,lefigaro,1,197,55,0,0,0.0,,,,,,,
2026-09-03T09:45:27Z,spiegel,1,176,55,0,0,0.0,,,,,,,
2026-09-03T09:45:27Z,bild,1,168,55,1,10,0.18182,1.0,,,,,,
2026-09-03T09:45:27Z,elpais,1,93,55,1,1,0.01818,0.0,,,,,,
2026-09-03T09:45:27Z,corriere,1,233,55,0,0,0.0,,,,,,,
2026-09-03T09:45:27Z,cbc,1,29,55,0,0,0.0,,,,,,,
2026-09-03T09:45:27Z,abcau,1,87,55,0,0,0.0,,,,,,,
2026-09-03T10:45:23Z,nyt,1,30,55,0,0,0.0,,,,,,,
2026-09-03T10:45:23Z,usatoday,1,29,55,0,0,0.0,,,,,,,
2026-09-03T10:45:23Z,nypost,1,174,55,1,1,0.01818,2.0,,,,,,
2026-09-03T10:45:23Z,cnn,1,46,55,1,3,0.05455,-1.0,,,,,,
2026-09-03T10:45:23Z,foxnews,1,135,55,0,0,0.0,,,,,,,
2026-09-03T10:45:23Z,nbcnews,1,47,55,0,0,0.0,,,,,,,
2026-09-03T10:45:23Z,newsweek,1,77,55,0,0,0.0,,,,,,,
2026-09-03T10:45:23Z,bbc,1,30,55,0,0,0.0,,,,,,,
2026-09-03T10:45:23Z,guardian,1,34,55,0,0,0.0,,,,,,,
2026-09-03T10:45:23Z,thetimes,1,99,55,0,0,0.0,,,,,,,
2026-09-03T10:45:23Z,dailymail,1,335,55,0,0,0.0,,,,,,,
2026-09-03T10:45:23Z,dw,1,42,55,0,0,0.0,,,,,,,
2026-09-03T10:45:23Z,ap,0,0,0,0,0,,,,,,,,
2026-09-03T10:45:23Z,lemonde,1,37,55,0,0,0.0,,,,,,,
2026-09-03T10:45:23Z,lefigaro,1,198,55,0,0,0.0,,,,,,,
2026-09-03T10:45:23Z,spiegel,1,177,55,0,0,0.0,,,,,,,
2026-09-03T10:45:23Z,bild,1,168,55,1,5,0.09091,1.0,,,,,,
2026-09-03T10:45:23Z,elpais,0,0,0,0,0,,,,,,,,
2026-09-03T10:45:23Z,corriere,1,238,55,0,0,0.0,,,,,,,
2026-09-03T10:45:23Z,cbc,1,27,55,0,0,0.0,,,,,,,
2026-09-03T10:45:23Z,abcau,1,87,55,0,0,0.0,,,,,,,
2026-09-03T11:08:17Z,nyt,1,30,55,0,0,0.0,,,,,,,
2026-09-03T11:08:17Z,usatoday,1,29,55,0,0,0.0,,,,,,,
2026-09-03T11:08:17Z,nypost,1,174,55,1,1,0.01818,2.0,,,,,,
2026-09-03T11:08:17Z,cnn,1,45,55,1,3,0.05455,-1.0,,,,,,
2026-09-03T11:08:17Z,foxnews,1,135,55,0,0,0.0,,,,,,,
2026-09-03T11:08:17Z,nbcnews,1,50,55,0,0,0.0,,,,,,,
2026-09-03T11:08:17Z,newsweek,1,77,55,0,0,0.0,,,,,,,
2026-09-03T11:08:17Z,bbc,1,28,55,0,0,0.0,,,,,,,
2026-09-03T11:08:17Z,guardian,1,35,55,0,0,0.0,,,,,,,
2026-09-03T11:08:17Z,thetimes,1,96,55,0,0,0.0,,,,,,,
2026-09-03T11:08:17Z,dailymail,1,336,55,0,0,0.0,,,,,,,
2026-09-03T11:08:17Z,dw,1,45,55,0,0,0.0,,,,,,,
2026-09-03T11:08:17Z,ap,0,0,0,0,0,,,,,,,,
2026-09-03T11:08:17Z,lemonde,1,37,55,0,0,0.0,,,,,,,
2026-09-03T11:08:17Z,lefigaro,1,194,55,0,0,0.0,,,,,,,
2026-09-03T11:08:17Z,spiegel,1,178,55,0,0,0.0,,,,,,,
2026-09-03T11:08:17Z,bild,1,168,55,1,5,0.09091,1.0,,,,,,
2026-09-03T11:08:17Z,elpais,0,0,0,0,0,,,,,,,,
2026-09-03T11:08:17Z,corriere,1,234,55,0,0,0.0,,,,,,,
2026-09-03T11:08:17Z,cbc,1,28,55,0,0,0.0,,,,,,,
2026-09-03T11:08:17Z,abcau,1,85,55,0,0,0.0,,,,,,,
2026-09-03T11:41:19Z,nyt,1,31,55,0,0,0.0,,,,,,,
2026-09-03T11:41:19Z,usatoday,1,29,55,0,0,0.0,,,,,,,
2026-09-03T11:41:19Z,nypost,1,169,55,1,1,0.01818,2.0,,,,,,
2026-09-03T11:41:19Z,cnn,1,45,55,1,3,0.05455,-1.0,,,,,,
2026-09-03T11:41:19Z,foxnews,1,137,55,0,0,0.0,,,,,,,
2026-09-03T11:41:19Z,nbcnews,1,49,55,0,0,0.0,,,,,,,
2026-09-03T11:41:19Z,newsweek,1,77,55,0,0,0.0,,,,,,,
2026-09-03T11:41:19Z,bbc,1,29,55,0,0,0.0,,,,,,,
2026-09-03T11:41:19Z,guardian,1,33,55,0,0,0.0,,,,,,,
2026-09-03T11:41:19Z,thetimes,1,97,55,0,0,0.0,,,,,,,
2026-09-03T11:41:19Z,dailymail,1,346,55,0,0,0.0,,,,,,,
2026-09-03T11:41:19Z,dw,1,45,55,0,0,0.0,,,,,,,
2026-09-03T11:41:19Z,ap,0,0,0,0,0,,,,,,,,
2026-09-03T11:41:19Z,lemonde,1,37,55,0,0,0.0,,,,,,,
2026-09-03T11:41:19Z,lefigaro,1,200,55,0,0,0.0,,,,,,,
2026-09-03T11:41:19Z,spiegel,1,174,55,0,0,0.0,,,,,,,
2026-09-03T11:41:19Z,bild,1,168,55,1,1,0.01818,1.0,,,,,,
2026-09-03T11:41:19Z,elpais,0,0,0,0,0,,,,,,,,
2026-09-03T11:41:19Z,corriere,1,235,55,0,0,0.0,,,,,,,
2026-09-03T11:41:19Z,cbc,1,29,55,0,0,0.0,,,,,,,
2026-09-03T11:41:19Z,abcau,1,84,55,0,0,0.0,,,,,,,
2026-09-03T11:45:27Z,nyt,1,31,55,0,0,0.0,,,,,,,
2026-09-03T11:45:27Z,usatoday,1,29,55,0,0,0.0,,,,,,,
2026-09-03T11:45:27Z,nypost,1,138,55,0,0,0.0,,,,,,,
2026-09-03T11:45:27Z,cnn,1,45,55,1,3,0.05455,-1.0,,,,,,
2026-09-03T11:45:27Z,foxnews,1,137,55,0,0,0.0,,,,,,,
2026-09-03T11:45:27Z,nbcnews,1,49,55,0,0,0.0,,,,,,,
2026-09-03T11:45:27Z,newsweek,1,77,55,0,0,0.0,,,,,,,
2026-09-03T11:45:27Z,bbc,1,29,55,0,0,0.0,,,,,,,
2026-09-03T11:45:27Z,guardian,1,33,55,0,0,0.0,,,,,,,
2026-09-03T11:45:27Z,thetimes,1,97,55,0,0,0.0,,,,,,,
2026-09-03T11:45:27Z,dailymail,1,346,55,0,0,0.0,,,,,,,
2026-09-03T11:45:27Z,dw,1,45,55,0,0,0.0,,,,,,,
2026-09-03T11:45:27Z,ap,0,0,0,0,0,,,,,,,,
2026-09-03T11:45:27Z,lemonde,1,35,55,0,0,0.0,,,,,,,
2026-09-03T11:45:27Z,lefigaro,1,200,55,0,0,0.0,,,,,,,
2026-09-03T11:45:27Z,spiegel,1,174,55,0,0,0.0,,,,,,,
2026-09-03T11:45:27Z,bild,1,168,55,0,0,0.0,,,,,,,
2026-09-03T11:45:27Z,elpais,0,0,0,0,0,,,,,,,,
2026-09-03T11:45:27Z,corriere,1,236,55,0,0,0.0,,,,,,,
2026-09-03T11:45:27Z,cbc,1,29,55,0,0,0.0,,,,,,,
2026-09-03T11:45:27Z,abcau,1,84,55,0,0,0.0,,,,,,,
2026-09-03T12:45:29Z,nyt,1,34,55,0,0,0.0,,,,,,,
2026-09-03T12:45:29Z,usatoday,1,29,55,0,0,0.0,,,,,,,
2026-09-03T12:45:29Z,nypost,1,139,55,0,0,0.0,,,,,,,
2026-09-03T12:45:29Z,cnn,1,45,55,1,3,0.05455,-1.0,,,,,,
2026-09-03T12:45:29Z,foxnews,1,136,55,0,0,0.0,,,,,,,
2026-09-03T12:45:29Z,nbcnews,1,55,55,0,0,0.0,,,,,,,
2026-09-03T12:45:29Z,newsweek,1,78,55,0,0,0.0,,,,,,,
2026-09-03T12:45:29Z,bbc,1,30,55,0,0,0.0,,,,,,,
2026-09-03T12:45:29Z,guardian,1,35,55,0,0,0.0,,,,,,,
2026-09-03T12:45:29Z,thetimes,1,92,55,0,0,0.0,,,,,,,
2026-09-03T12:45:29Z,dailymail,1,353,55,0,0,0.0,,,,,,,
2026-09-03T12:45:29Z,dw,1,45,55,0,0,0.0,,,,,,,
2026-09-03T12:45:29Z,ap,0,0,0,0,0,,,,,,,,
2026-09-03T12:45:29Z,lemonde,1,37,55,0,0,0.0,,,,,,,
2026-09-03T12:45:29Z,lefigaro,1,197,55,0,0,0.0,,,,,,,
2026-09-03T12:45:29Z,spiegel,1,175,55,0,0,0.0,,,,,,,
2026-09-03T12:45:29Z,bild,1,167,55,0,0,0.0,,,,,,,
2026-09-03T12:45:29Z,elpais,0,0,0,0,0,,,,,,,,
2026-09-03T12:45:29Z,corriere,1,233,55,0,0,0.0,,,,,,,
2026-09-03T12:45:29Z,cbc,1,29,55,0,0,0.0,,,,,,,
2026-09-03T12:45:29Z,abcau,1,84,55,0,0,0.0,,,,,,,
2026-09-03T13:45:31Z,nyt,1,36,55,0,0,0.0,,,,,,,
2026-09-03T13:45:31Z,usatoday,1,29,55,0,0,0.0,,,,,,,
2026-09-03T13:45:31Z,nypost,1,171,55,0,0,0.0,,,,,,,
2026-09-03T13:45:31Z,cnn,1,49,55,1,3,0.05455,-1.0,,,,,,
2026-09-03T13:45:31Z,foxnews,1,134,55,1,1,0.01818,-1.0,,,,,,
2026-09-03T13:45:31Z,nbcnews,1,52,55,0,0,0.0,,,,,,,
2026-09-03T13:45:31Z,newsweek,1,78,55,0,0,0.0,,,,,,,
2026-09-03T13:45:31Z,bbc,1,28,55,0,0,0.0,,,,,,,
2026-09-03T13:45:31Z,guardian,1,38,55,0,0,0.0,,,,,,,
2026-09-03T13:45:31Z,thetimes,1,91,55,0,0,0.0,,,,,,,
2026-09-03T13:45:31Z,dailymail,1,368,55,0,0,0.0,,,,,,,
2026-09-03T13:45:31Z,dw,1,45,55,0,0,0.0,,,,,,,
2026-09-03T13:45:31Z,ap,0,0,0,0,0,,,,,,,,
2026-09-03T13:45:31Z,lemonde,1,37,55,0,0,0.0,,,,,,,
2026-09-03T13:45:31Z,lefigaro,1,196,55,0,0,0.0,,,,,,,
2026-09-03T13:45:31Z,spiegel,1,174,55,0,0,0.0,,,,,,,
2026-09-03T13:45:31Z,bild,1,165,55,0,0,0.0,,,,,,,
2026-09-03T13:45:31Z,elpais,0,0,0,0,0,,,,,,,,
2026-09-03T13:45:31Z,corriere,1,239,55,0,0,0.0,,,,,,,
2026-09-03T13:45:31Z,cbc,1,28,55,0,0,0.0,,,,,,,
2026-09-03T13:45:31Z,abcau,1,84,55,0,0,0.0,,,,,,,
2026-09-03T14:45:29Z,nyt,1,38,55,0,0,0.0,,,,,,,
2026-09-03T14:45:29Z,usatoday,1,30,55,0,0,0.0,,,,,,,
2026-09-03T14:45:29Z,nypost,1,163,55,1,1,0.01818,2.0,,,,,,
2026-09-03T14:45:29Z,cnn,1,46,55,1,3,0.05455,-1.0,,,,,,
2026-09-03T14:45:29Z,foxnews,1,129,55,0,0,0.0,,,,,,,
2026-09-03T14:45:29Z,nbcnews,1,52,55,0,0,0.0,,,,,,,
2026-09-03T14:45:29Z,newsweek,1,78,55,0,0,0.0,,,,,,,
2026-09-03T14:45:29Z,bbc,1,28,55,0,0,0.0,,,,,,,
2026-09-03T14:45:29Z,guardian,1,38,55,0,0,0.0,,,,,,,
2026-09-03T14:45:29Z,thetimes,1,92,55,0,0,0.0,,,,,,,
2026-09-03T14:45:29Z,dailymail,1,376,55,0,0,0.0,,,,,,,
2026-09-03T14:45:29Z,dw,1,45,55,0,0,0.0,,,,,,,
2026-09-03T14:45:29Z,ap,0,0,0,0,0,,,,,,,,
2026-09-03T14:45:29Z,lemonde,1,37,55,0,0,0.0,,,,,,,
2026-09-03T14:45:29Z,lefigaro,1,198,55,0,0,0.0,,,,,,,
2026-09-03T14:45:29Z,spiegel,1,175,55,0,0,0.0,,,,,,,
2026-09-03T14:45:29Z,bild,1,165,55,0,0,0.0,,,,,,,
2026-09-03T14:45:29Z,elpais,0,0,0,0,0,,,,,,,,
2026-09-03T14:45:29Z,corriere,1,240,55,0,0,0.0,,,,,,,
2026-09-03T14:45:29Z,cbc,1,29,55,0,0,0.0,,,,,,,
2026-09-03T14:45:29Z,abcau,1,84,55,0,0,0.0,,,,,,,
2026-09-03T15:45:31Z,nyt,1,40,55,0,0,0.0,,,,,,,
2026-09-03T15:45:31Z,usatoday,1,30,55,0,0,0.0,,,,,,,
2026-09-03T15:45:31Z,nypost,1,162,55,1,1,0.01818,2.0,,,,,,
2026-09-03T15:45:31Z,cnn,1,48,55,2,6,0.10909,-1.0,,,,,,
2026-09-03T15:45:31Z,foxnews,1,129,55,0,0,0.0,,,,,,,
2026-09-03T15:45:31Z,nbcnews,1,53,55,0,0,0.0,,,,,,,
2026-09-03T15:45:31Z,newsweek,1,78,55,1,5,0.09091,0.0,,,,,,
2026-09-03T15:45:31Z,bbc,1,30,55,1,5,0.09091,-1.0,,,,,,
2026-09-03T15:45:31Z,guardian,1,39,55,0,0,0.0,,,,,,,
2026-09-03T15:45:31Z,thetimes,1,91,55,0,0,0.0,,,,,,,
2026-09-03T15:45:31Z,dailymail,1,372,55,0,0,0.0,,,,,,,
2026-09-03T15:45:31Z,dw,1,45,55,0,0,0.0,,,,,,,
2026-09-03T15:45:31Z,ap,0,0,0,0,0,,,,,,,,
2026-09-03T15:45:31Z,lemonde,1,37,55,0,0,0.0,,,,,,,
2026-09-03T15:45:31Z,lefigaro,1,192,55,0,0,0.0,,,,,,,
2026-09-03T15:45:31Z,spiegel,1,174,55,0,0,0.0,,,,,,,
2026-09-03T15:45:31Z,bild,1,168,55,0,0,0.0,,,,,,,
2026-09-03T15:45:31Z,elpais,0,0,0,0,0,,,,,,,,
2026-09-03T15:45:31Z,corriere,1,239,55,0,0,0.0,,,,,,,
2026-09-03T15:45:31Z,cbc,1,27,55,0,0,0.0,,,,,,,
2026-09-03T15:45:31Z,abcau,1,84,55,0,0,0.0,,,,,,,
2026-09-03T16:22:03Z,nyt,1,40,55,0,0,0.0,,,,,,,
2026-09-03T16:22:03Z,usatoday,1,30,55,0,0,0.0,,,,,,,
2026-09-03T16:22:03Z,nypost,1,162,55,1,1,0.01818,2.0,,,,,,
2026-09-03T16:22:03Z,cnn,1,49,55,2,6,0.10909,-1.0,,,,,,
2026-09-03T16:22:03Z,foxnews,1,129,55,0,0,0.0,,,,,,,
2026-09-03T16:22:03Z,nbcnews,1,54,55,0,0,0.0,,,,,,,
2026-09-03T16:22:03Z,newsweek,1,78,55,1,5,0.09091,0.0,,,,,,
2026-09-03T16:22:03Z,bbc,1,31,55,1,5,0.09091,-1.0,,,,,,
2026-09-03T16:22:03Z,guardian,1,39,55,1,3,0.05455,1.0,,,,,,
2026-09-03T16:22:03Z,thetimes,1,93,55,0,0,0.0,,,,,,,
2026-09-03T16:22:03Z,dailymail,1,378,55,0,0,0.0,,,,,,,
2026-09-03T16:22:03Z,dw,1,45,55,0,0,0.0,,,,,,,
2026-09-03T16:22:03Z,ap,0,0,0,0,0,,,,,,,,
2026-09-03T16:22:03Z,lemonde,1,38,55,0,0,0.0,,,,,,,
2026-09-03T16:22:03Z,lefigaro,1,190,55,0,0,0.0,,,,,,,
2026-09-03T16:22:03Z,spiegel,1,178,55,0,0,0.0,,,,,,,
2026-09-03T16:22:03Z,bild,1,169,55,0,0,0.0,,,,,,,
2026-09-03T16:22:03Z,elpais,0,0,0,0,0,,,,,,,,
2026-09-03T16:22:03Z,corriere,1,241,55,0,0,0.0,,,,,,,
2026-09-03T16:22:03Z,cbc,1,27,55,0,0,0.0,,,,,,,
2026-09-03T16:22:03Z,abcau,1,84,55,0,0,0.0,,,,,,,
2026-09-03T16:39:54Z,nyt,1,40,55,0,0,0.0,,,,,,,
2026-09-03T16:39:54Z,usatoday,1,30,55,0,0,0.0,,,,,,,
2026-09-03T16:39:54Z,nypost,1,132,55,0,0,0.0,,,,,,,
2026-09-03T16:39:54Z,cnn,1,50,55,2,6,0.10909,-1.0,,,,,,
2026-09-03T16:39:54Z,foxnews,1,131,55,0,0,0.0,,,,,,,
2026-09-03T16:39:54Z,nbcnews,1,53,55,0,0,0.0,,,,,,,
2026-09-03T16:39:54Z,newsweek,1,78,55,1,3,0.05455,0.0,,,,,,
2026-09-03T16:39:54Z,bbc,1,31,55,1,5,0.09091,-1.0,,,,,,
2026-09-03T16:39:54Z,guardian,1,41,55,1,5,0.09091,1.0,,,,,,
2026-09-03T16:39:54Z,thetimes,1,93,55,0,0,0.0,,,,,,,
2026-09-03T16:39:54Z,dailymail,1,384,55,0,0,0.0,,,,,,,
2026-09-03T16:39:54Z,dw,1,45,55,0,0,0.0,,,,,,,
2026-09-03T16:39:54Z,ap,0,0,0,0,0,,,,,,,,
2026-09-03T16:39:54Z,lemonde,1,37,55,0,0,0.0,,,,,,,
2026-09-03T16:39:54Z,lefigaro,1,192,55,0,0,0.0,,,,,,,
2026-09-03T16:39:54Z,spiegel,1,177,55,0,0,0.0,,,,,,,
2026-09-03T16:39:54Z,bild,1,170,55,0,0,0.0,,,,,,,
2026-09-03T16:39:54Z,elpais,0,0,0,0,0,,,,,,,,
2026-09-03T16:39:54Z,corriere,1,241,55,0,0,0.0,,,,,,,
2026-09-03T16:39:54Z,cbc,1,27,55,0,0,0.0,,,,,,,
2026-09-03T16:39:54Z,abcau,1,84,55,0,0,0.0,,,,,,,
2026-09-03T16:45:24Z,nyt,1,40,55,0,0,0.0,,,,,,,
2026-09-03T16:45:24Z,usatoday,1,30,55,0,0,0.0,,,,,,,
2026-09-03T16:45:24Z,nypost,0,0,0,0,0,,,,,,,,
2026-09-03T16:45:24Z,cnn,1,50,55,2,6,0.10909,-1.0,,,,,,
2026-09-03T16:45:24Z,foxnews,1,132,55,0,0,0.0,,,,,,,
2026-09-03T16:45:24Z,nbcnews,1,53,55,0,0,0.0,,,,,,,
2026-09-03T16:45:24Z,newsweek,1,78,55,1,3,0.05455,0.0,,,,,,
2026-09-03T16:45:24Z,bbc,1,31,55,1,5,0.09091,-1.0,,,,,,
2026-09-03T16:45:24Z,guardian,1,41,55,1,5,0.09091,1.0,,,,,,
2026-09-03T16:45:24Z,thetimes,1,93,55,0,0,0.0,,,,,,,
2026-09-03T16:45:24Z,dailymail,1,386,55,0,0,0.0,,,,,,,
2026-09-03T16:45:24Z,dw,1,45,55,0,0,0.0,,,,,,,
2026-09-03T16:45:24Z,ap,0,0,0,0,0,,,,,,,,
2026-09-03T16:45:24Z,lemonde,1,37,55,0,0,0.0,,,,,,,
2026-09-03T16:45:24Z,lefigaro,1,192,55,0,0,0.0,,,,,,,
2026-09-03T16:45:24Z,spiegel,1,177,55,0,0,0.0,,,,,,,
2026-09-03T16:45:24Z,bild,1,170,55,0,0,0.0,,,,,,,
2026-09-03T16:45:24Z,elpais,0,0,0,0,0,,,,,,,,
2026-09-03T16:45:24Z,corriere,1,236,55,0,0,0.0,,,,,,,
2026-09-03T16:45:24Z,cbc,1,28,55,0,0,0.0,,,,,,,
2026-09-03T16:45:24Z,abcau,1,84,55,0,0,0.0,,,,,,,
2026-09-03T17:45:34Z,nyt,1,41,55,0,0,0.0,,,,,,,
2026-09-03T17:45:34Z,usatoday,1,30,55,0,0,0.0,,,,,,,
2026-09-03T17:45:34Z,nypost,1,164,55,1,1,0.01818,2.0,,,,,,
2026-09-03T17:45:34Z,cnn,1,48,55,2,6,0.10909,-1.0,,,,,,
2026-09-03T17:45:34Z,foxnews,1,127,55,0,0,0.0,,,,,,,
2026-09-03T17:45:34Z,nbcnews,1,56,55,0,0,0.0,,,,,,,
2026-09-03T17:45:34Z,newsweek,1,79,55,1,5,0.09091,0.0,,,,,,
2026-09-03T17:45:34Z,bbc,1,33,55,1,5,0.09091,-1.0,,,,,,
2026-09-03T17:45:34Z,guardian,1,42,55,1,3,0.05455,1.0,,,,,,
2026-09-03T17:45:34Z,thetimes,1,93,55,0,0,0.0,,,,,,,
2026-09-03T17:45:34Z,dailymail,1,392,55,0,0,0.0,,,,,,,
2026-09-03T17:45:34Z,dw,1,44,55,0,0,0.0,,,,,,,
2026-09-03T17:45:34Z,ap,0,0,0,0,0,,,,,,,,
2026-09-03T17:45:34Z,lemonde,1,37,55,0,0,0.0,,,,,,,
2026-09-03T17:45:34Z,lefigaro,1,191,55,0,0,0.0,,,,,,,
2026-09-03T17:45:34Z,spiegel,1,178,55,0,0,0.0,,,,,,,
2026-09-03T17:45:34Z,bild,1,170,55,0,0,0.0,,,,,,,
2026-09-03T17:45:34Z,elpais,0,0,0,0,0,,,,,,,,
2026-09-03T17:45:34Z,corriere,1,239,55,0,0,0.0,,,,,,,
2026-09-03T17:45:34Z,cbc,1,27,55,1,5,0.09091,-1.0,,,,,,
2026-09-03T17:45:34Z,abcau,1,86,55,0,0,0.0,,,,,,,
2026-09-03T18:45:25Z,nyt,1,40,55,0,0,0.0,,,,,,,
2026-09-03T18:45:25Z,usatoday,1,30,55,0,0,0.0,,,,,,,
2026-09-03T18:45:25Z,nypost,1,163,55,1,1,0.01818,2.0,,,,,,
2026-09-03T18:45:25Z,cnn,1,49,55,2,6,0.10909,-1.0,,,,,,
2026-09-03T18:45:25Z,foxnews,1,130,55,0,0,0.0,,,,,,,
2026-09-03T18:45:25Z,nbcnews,1,55,55,0,0,0.0,,,,,,,
2026-09-03T18:45:25Z,newsweek,1,79,55,1,5,0.09091,0.0,,,,,,
2026-09-03T18:45:25Z,bbc,1,31,55,1,5,0.09091,-1.0,,,,,,
2026-09-03T18:45:25Z,guardian,1,42,55,1,3,0.05455,1.0,,,,,,
2026-09-03T18:45:25Z,thetimes,1,92,55,0,0,0.0,,,,,,,
2026-09-03T18:45:25Z,dailymail,1,404,55,0,0,0.0,,,,,,,
2026-09-03T18:45:25Z,dw,1,43,55,0,0,0.0,,,,,,,
2026-09-03T18:45:25Z,ap,0,0,0,0,0,,,,,,,,
2026-09-03T18:45:25Z,lemonde,1,36,55,0,0,0.0,,,,,,,
2026-09-03T18:45:25Z,lefigaro,1,194,55,0,0,0.0,,,,,,,
2026-09-03T18:45:25Z,spiegel,1,181,55,0,0,0.0,,,,,,,
2026-09-03T18:45:25Z,bild,1,170,55,0,0,0.0,,,,,,,
2026-09-03T18:45:25Z,elpais,1,112,55,0,0,0.0,,,,,,,
2026-09-03T18:45:25Z,corriere,1,231,55,0,0,0.0,,,,,,,
2026-09-03T18:45:25Z,cbc,1,31,55,0,0,0.0,,,,,,,
2026-09-03T18:45:25Z,abcau,1,86,55,0,0,0.0,,,,,,,
2026-09-03T19:45:23Z,nyt,1,40,55,0,0,0.0,,,,,,,
2026-09-03T19:45:23Z,usatoday,1,29,55,0,0,0.0,,,,,,,
2026-09-03T19:45:23Z,nypost,1,166,55,1,1,0.01818,2.0,,,,,,
2026-09-03T19:45:23Z,cnn,1,47,55,2,6,0.10909,-1.0,,,,,,
2026-09-03T19:45:23Z,foxnews,1,131,55,0,0,0.0,,,,,,,
2026-09-03T19:45:23Z,nbcnews,1,57,55,0,0,0.0,,,,,,,
2026-09-03T19:45:23Z,newsweek,1,79,55,1,1,0.01818,0.0,,,,,,
2026-09-03T19:45:23Z,bbc,1,33,55,1,3,0.05455,-1.0,,,,,,
2026-09-03T19:45:23Z,guardian,1,43,55,2,13,0.23636,-0.538,,,,,,
2026-09-03T19:45:23Z,thetimes,1,98,55,0,0,0.0,,,,,,,
2026-09-03T19:45:23Z,dailymail,1,413,55,0,0,0.0,,,,,,,
2026-09-03T19:45:23Z,dw,1,42,55,0,0,0.0,,,,,,,
2026-09-03T19:45:23Z,ap,0,0,0,0,0,,,,,,,,
2026-09-03T19:45:23Z,lemonde,1,36,55,0,0,0.0,,,,,,,
2026-09-03T19:45:23Z,lefigaro,1,184,55,0,0,0.0,,,,,,,
2026-09-03T19:45:23Z,spiegel,1,184,55,0,0,0.0,,,,,,,
2026-09-03T19:45:23Z,bild,1,171,55,0,0,0.0,,,,,,,
2026-09-03T19:45:23Z,elpais,1,112,55,0,0,0.0,,,,,,,
2026-09-03T19:45:23Z,corriere,1,221,55,0,0,0.0,,,,,,,
2026-09-03T19:45:23Z,cbc,1,32,55,0,0,0.0,,,,,,,
2026-09-03T19:45:23Z,abcau,1,89,55,1,5,0.09091,-1.0,,,,,,
2026-09-03T19:47:25Z,nyt,1,40,55,0,0,0.0,,,,,,,
2026-09-03T19:47:25Z,usatoday,1,29,55,0,0,0.0,,,,,,,
2026-09-03T19:47:25Z,nypost,1,166,55,1,1,0.01818,2.0,,,,,,
2026-09-03T19:47:25Z,cnn,1,47,55,2,6,0.10909,-1.0,,,,,,
2026-09-03T19:47:25Z,foxnews,1,131,55,0,0,0.0,,,,,,,
2026-09-03T19:47:25Z,nbcnews,1,57,55,0,0,0.0,,,,,,,
2026-09-03T19:47:25Z,newsweek,1,79,55,1,1,0.01818,0.0,,,,,,
2026-09-03T19:47:25Z,bbc,1,33,55,1,3,0.05455,-1.0,,,,,,
2026-09-03T19:47:25Z,guardian,1,43,55,2,13,0.23636,-0.538,,,,,,
2026-09-03T19:47:25Z,thetimes,1,98,55,0,0,0.0,,,,,,,
2026-09-03T19:47:25Z,dailymail,1,413,55,0,0,0.0,,,,,,,
2026-09-03T19:47:25Z,dw,1,42,55,1,3,0.05455,0.0,,,,,,
2026-09-03T19:47:25Z,ap,0,0,0,0,0,,,,,,,,
2026-09-03T19:47:25Z,lemonde,1,36,55,0,0,0.0,,,,,,,
2026-09-03T19:47:25Z,lefigaro,1,184,55,0,0,0.0,,,,,,,
2026-09-03T19:47:25Z,spiegel,1,184,55,0,0,0.0,,,,,,,
2026-09-03T19:47:25Z,bild,1,171,55,0,0,0.0,,,,,,,
2026-09-03T19:47:25Z,elpais,0,0,0,0,0,,,,,,,,
2026-09-03T19:47:25Z,corriere,1,231,55,0,0,0.0,,,,,,,
2026-09-03T19:47:25Z,cbc,1,32,55,0,0,0.0,,,,,,,
2026-09-03T19:47:25Z,abcau,1,89,55,1,5,0.09091,-1.0,,,,,,
2026-09-03T20:06:52Z,nyt,1,40,55,0,0,0.0,,,,,,,
2026-09-03T20:06:52Z,usatoday,1,28,55,0,0,0.0,,,,,,,
2026-09-03T20:06:52Z,nypost,1,129,55,0,0,0.0,,,,,,,
2026-09-03T20:06:52Z,cnn,1,47,55,2,6,0.10909,-1.0,,,,,,
2026-09-03T20:06:52Z,foxnews,1,131,55,0,0,0.0,,,,,,,
2026-09-03T20:06:52Z,nbcnews,1,57,55,0,0,0.0,,,,,,,
2026-09-03T20:06:52Z,newsweek,1,79,55,1,1,0.01818,0.0,,,,,,
2026-09-03T20:06:52Z,bbc,1,32,55,1,3,0.05455,-1.0,,,,,,
2026-09-03T20:06:52Z,guardian,1,41,55,2,13,0.23636,-0.538,,,,,,
2026-09-03T20:06:52Z,thetimes,1,98,55,0,0,0.0,,,,,,,
2026-09-03T20:06:52Z,dailymail,1,414,55,0,0,0.0,,,,,,,
2026-09-03T20:06:52Z,dw,1,42,55,1,3,0.05455,0.0,,,,,,
2026-09-03T20:06:52Z,ap,0,0,0,0,0,,,,,,,,
2026-09-03T20:06:52Z,lemonde,1,36,55,0,0,0.0,,,,,,,
2026-09-03T20:06:52Z,lefigaro,1,186,55,0,0,0.0,,,,,,,
2026-09-03T20:06:52Z,spiegel,1,182,55,0,0,0.0,,,,,,,
2026-09-03T20:06:52Z,bild,1,171,55,0,0,0.0,,,,,,,
2026-09-03T20:06:52Z,elpais,0,0,0,0,0,,,,,,,,
2026-09-03T20:06:52Z,corriere,1,238,55,0,0,0.0,,,,,,,
2026-09-03T20:06:52Z,cbc,1,33,55,1,3,0.05455,-1.0,,,,,,
2026-09-03T20:06:52Z,abcau,1,83,55,1,5,0.09091,-1.0,,,,,,
2026-09-03T20:45:26Z,nyt,1,40,55,0,0,0.0,,,,,,,
2026-09-03T20:45:26Z,usatoday,1,28,55,0,0,0.0,,,,,,,
2026-09-03T20:45:26Z,nypost,1,166,55,1,1,0.01818,2.0,,,,,,
2026-09-03T20:45:26Z,cnn,1,47,55,2,6,0.10909,-1.0,,,,,,
2026-09-03T20:45:26Z,foxnews,1,134,55,0,0,0.0,,,,,,,
2026-09-03T20:45:26Z,nbcnews,1,57,55,0,0,0.0,,,,,,,
2026-09-03T20:45:26Z,newsweek,1,79,55,1,1,0.01818,0.0,,,,,,
2026-09-03T20:45:26Z,bbc,1,31,55,1,3,0.05455,-1.0,,,,,,
2026-09-03T20:45:26Z,guardian,1,39,55,2,13,0.23636,-0.538,,,,,,
2026-09-03T20:45:26Z,thetimes,1,98,55,0,0,0.0,,,,,,,
2026-09-03T20:45:26Z,dailymail,1,414,55,0,0,0.0,,,,,,,
2026-09-03T20:45:26Z,dw,1,42,55,1,3,0.05455,0.0,,,,,,
2026-09-03T20:45:26Z,ap,0,0,0,0,0,,,,,,,,
2026-09-03T20:45:26Z,lemonde,1,35,55,0,0,0.0,,,,,,,
2026-09-03T20:45:26Z,lefigaro,1,185,55,0,0,0.0,,,,,,,
2026-09-03T20:45:26Z,spiegel,1,183,55,0,0,0.0,,,,,,,
2026-09-03T20:45:26Z,bild,1,172,55,0,0,0.0,,,,,,,
2026-09-03T20:45:26Z,elpais,0,0,0,0,0,,,,,,,,
2026-09-03T20:45:26Z,corriere,1,237,55,0,0,0.0,,,,,,,
2026-09-03T20:45:26Z,cbc,1,33,55,1,1,0.01818,-1.0,,,,,,
2026-09-03T20:45:26Z,abcau,1,84,55,1,5,0.09091,-1.0,,,,,,
2026-09-03T21:45:24Z,nyt,1,31,55,0,0,0.0,,,,,,,
2026-09-03T21:45:24Z,usatoday,1,27,55,0,0,0.0,,,,,,,
2026-09-03T21:45:24Z,nypost,1,172,55,1,1,0.01818,2.0,,,,,,
2026-09-03T21:45:24Z,cnn,1,48,55,2,6,0.10909,-1.0,,,,,,
2026-09-03T21:45:24Z,foxnews,1,135,55,1,3,0.05455,0.0,,,,,,
2026-09-03T21:45:24Z,nbcnews,1,59,55,0,0,0.0,,,,,,,
2026-09-03T21:45:24Z,newsweek,1,79,55,1,1,0.01818,0.0,,,,,,
2026-09-03T21:45:24Z,bbc,1,31,55,1,5,0.09091,-1.0,,,,,,
2026-09-03T21:45:24Z,guardian,1,39,55,2,13,0.23636,-0.538,,,,,,
2026-09-03T21:45:24Z,thetimes,1,93,55,0,0,0.0,,,,,,,
2026-09-03T21:45:24Z,dailymail,1,410,55,0,0,0.0,,,,,,,
2026-09-03T21:45:24Z,dw,1,42,55,1,3,0.05455,0.0,,,,,,
2026-09-03T21:45:24Z,ap,0,0,0,0,0,,,,,,,,
2026-09-03T21:45:24Z,lemonde,1,38,55,0,0,0.0,,,,,,,
2026-09-03T21:45:24Z,lefigaro,1,175,55,0,0,0.0,,,,,,,
2026-09-03T21:45:24Z,spiegel,1,183,55,0,0,0.0,,,,,,,
2026-09-03T21:45:24Z,bild,1,172,55,0,0,0.0,,,,,,,
2026-09-03T21:45:24Z,elpais,0,0,0,0,0,,,,,,,,
2026-09-03T21:45:24Z,corriere,1,233,55,0,0,0.0,,,,,,,
2026-09-03T21:45:24Z,cbc,1,29,55,1,1,0.01818,-1.0,,,,,,
2026-09-03T21:45:24Z,abcau,1,80,55,1,3,0.05455,-1.0,,,,,,
2026-09-03T22:31:15Z,nyt,1,34,55,0,0,0.0,,,,,,,
2026-09-03T22:31:15Z,usatoday,1,27,55,0,0,0.0,,,,,,,
2026-09-03T22:31:15Z,nypost,1,174,55,0,0,0.0,,,,,,,
2026-09-03T22:31:15Z,cnn,1,48,55,2,6,0.10909,-1.0,,,,,,
2026-09-03T22:31:15Z,foxnews,1,131,55,1,5,0.09091,0.0,,,,,,
2026-09-03T22:31:15Z,nbcnews,1,61,55,0,0,0.0,,,,,,,
2026-09-03T22:31:15Z,newsweek,1,79,55,1,1,0.01818,0.0,,,,,,
2026-09-03T22:31:15Z,bbc,1,34,55,1,5,0.09091,-1.0,,,,,,
2026-09-03T22:31:15Z,guardian,1,35,55,2,11,0.2,-0.909,,,,,,
2026-09-03T22:31:15Z,thetimes,1,93,55,0,0,0.0,,,,,,,
2026-09-03T22:31:15Z,dailymail,1,417,55,0,0,0.0,,,,,,,
2026-09-03T22:31:15Z,dw,1,41,55,1,3,0.05455,0.0,,,,,,
2026-09-03T22:31:15Z,ap,0,0,0,0,0,,,,,,,,
2026-09-03T22:31:15Z,lemonde,1,37,55,0,0,0.0,,,,,,,
2026-09-03T22:31:15Z,lefigaro,1,175,55,0,0,0.0,,,,,,,
2026-09-03T22:31:15Z,spiegel,1,184,55,0,0,0.0,,,,,,,
2026-09-03T22:31:15Z,bild,1,172,55,0,0,0.0,,,,,,,
2026-09-03T22:31:15Z,elpais,1,111,55,0,0,0.0,,,,,,,
2026-09-03T22:31:15Z,corriere,1,235,55,0,0,0.0,,,,,,,
2026-09-03T22:31:15Z,cbc,1,29,55,1,1,0.01818,-1.0,,,,,,
2026-09-03T22:31:15Z,abcau,1,82,55,1,1,0.01818,-1.0,,,,,,
2026-09-03T22:45:38Z,nyt,1,36,55,0,0,0.0,,,,,,,
2026-09-03T22:45:38Z,usatoday,1,27,55,0,0,0.0,,,,,,,
2026-09-03T22:45:38Z,nypost,1,131,55,0,0,0.0,,,,,,,
2026-09-03T22:45:38Z,cnn,1,50,55,2,6,0.10909,-1.0,,,,,,
2026-09-03T22:45:38Z,foxnews,1,129,55,1,5,0.09091,0.0,,,,,,
2026-09-03T22:45:38Z,nbcnews,1,60,55,0,0,0.0,,,,,,,
2026-09-03T22:45:38Z,newsweek,1,79,55,1,1,0.01818,0.0,,,,,,
2026-09-03T22:45:38Z,bbc,1,33,55,1,5,0.09091,-1.0,,,,,,
2026-09-03T22:45:38Z,guardian,1,35,55,2,11,0.2,-0.909,,,,,,
2026-09-03T22:45:38Z,thetimes,1,93,55,0,0,0.0,,,,,,,
2026-09-03T22:45:38Z,dailymail,1,393,55,0,0,0.0,,,,,,,
2026-09-03T22:45:38Z,dw,1,41,55,1,3,0.05455,0.0,,,,,,
2026-09-03T22:45:38Z,ap,0,0,0,0,0,,,,,,,,
2026-09-03T22:45:38Z,lemonde,1,37,55,0,0,0.0,,,,,,,
2026-09-03T22:45:38Z,lefigaro,1,175,55,0,0,0.0,,,,,,,
2026-09-03T22:45:38Z,spiegel,1,184,55,0,0,0.0,,,,,,,
2026-09-03T22:45:38Z,bild,1,172,55,0,0,0.0,,,,,,,
2026-09-03T22:45:38Z,elpais,0,0,0,0,0,,,,,,,,
2026-09-03T22:45:38Z,corriere,1,238,55,0,0,0.0,,,,,,,
2026-09-03T22:45:38Z,cbc,1,28,55,1,1,0.01818,-1.0,,,,,,
2026-09-03T22:45:38Z,abcau,1,84,55,1,1,0.01818,-1.0,,,,,,
2026-09-03T22:47:57Z,nyt,1,36,55,0,0,0.0,,,,,,,
2026-09-03T22:47:57Z,usatoday,1,27,55,0,0,0.0,,,,,,,
2026-09-03T22:47:57Z,nypost,1,131,55,0,0,0.0,,,,,,,
2026-09-03T22:47:57Z,cnn,1,50,55,2,6,0.10909,-1.0,,,,,,
2026-09-03T22:47:57Z,foxnews,1,129,55,1,5,0.09091,0.0,,,,,,
2026-09-03T22:47:57Z,nbcnews,1,60,55,0,0,0.0,,,,,,,
2026-09-03T22:47:57Z,newsweek,1,79,55,1,1,0.01818,0.0,,,,,,
2026-09-03T22:47:57Z,bbc,1,33,55,1,5,0.09091,-1.0,,,,,,
2026-09-03T22:47:57Z,guardian,1,35,55,2,11,0.2,-0.909,,,,,,
2026-09-03T22:47:57Z,thetimes,1,93,55,0,0,0.0,,,,,,,
2026-09-03T22:47:57Z,dailymail,1,394,55,0,0,0.0,,,,,,,
2026-09-03T22:47:57Z,dw,1,41,55,1,3,0.05455,0.0,,,,,,
2026-09-03T22:47:57Z,ap,0,0,0,0,0,,,,,,,,
2026-09-03T22:47:57Z,lemonde,1,37,55,0,0,0.0,,,,,,,
2026-09-03T22:47:57Z,lefigaro,1,175,55,0,0,0.0,,,,,,,
2026-09-03T22:47:57Z,spiegel,1,184,55,0,0,0.0,,,,,,,
2026-09-03T22:47:57Z,bild,1,172,55,0,0,0.0,,,,,,,
2026-09-03T22:47:57Z,elpais,0,0,0,0,0,,,,,,,,
2026-09-03T22:47:57Z,corriere,1,238,55,0,0,0.0,,,,,,,
2026-09-03T22:47:57Z,cbc,1,28,55,1,1,0.01818,-1.0,,,,,,
2026-09-03T22:47:57Z,abcau,1,84,55,1,1,0.01818,-1.0,,,,,,
2026-09-03T23:45:26Z,nyt,1,37,55,0,0,0.0,,,,,,,
2026-09-03T23:45:26Z,usatoday,1,27,55,0,0,0.0,,,,,,,
2026-09-03T23:45:26Z,nypost,1,171,55,0,0,0.0,,,,,,,
2026-09-03T23:45:26Z,cnn,1,52,55,2,6,0.10909,-1.0,,,,,,
2026-09-03T23:45:26Z,foxnews,1,127,55,1,5,0.09091,0.0,,,,,,
2026-09-03T23:45:26Z,nbcnews,1,60,55,0,0,0.0,,,,,,,
2026-09-03T23:45:26Z,newsweek,1,79,55,1,1,0.01818,0.0,,,,,,
2026-09-03T23:45:26Z,bbc,1,33,55,2,6,0.10909,-1.0,,,,,,
2026-09-03T23:45:26Z,guardian,1,36,55,1,10,0.18182,-1.0,,,,,,
2026-09-03T23:45:26Z,thetimes,1,0,0,0,0,,,,,,,,
2026-09-03T23:45:26Z,dailymail,1,397,55,0,0,0.0,,,,,,,
2026-09-03T23:45:26Z,dw,1,41,55,1,3,0.05455,0.0,,,,,,
2026-09-03T23:45:26Z,ap,0,0,0,0,0,,,,,,,,
2026-09-03T23:45:26Z,lemonde,1,38,55,0,0,0.0,,,,,,,
2026-09-03T23:45:26Z,lefigaro,1,175,55,0,0,0.0,,,,,,,
2026-09-03T23:45:26Z,spiegel,1,184,55,0,0,0.0,,,,,,,
2026-09-03T23:45:26Z,bild,1,172,55,0,0,0.0,,,,,,,
2026-09-03T23:45:26Z,elpais,1,111,55,0,0,0.0,,,,,,,
2026-09-03T23:45:26Z,corriere,1,238,55,0,0,0.0,,,,,,,
2026-09-03T23:45:26Z,cbc,1,27,55,1,1,0.01818,-1.0,,,,,,
2026-09-03T23:45:26Z,abcau,1,82,55,0,0,0.0,,,,,,,
2026-09-04T00:45:23Z,nyt,1,40,55,0,0,0.0,,,,,,,
2026-09-04T00:45:23Z,usatoday,1,27,55,0,0,0.0,,,,,,,
2026-09-04T00:45:23Z,nypost,1,171,55,0,0,0.0,,,,,,,
2026-09-04T00:45:23Z,cnn,1,50,55,2,6,0.10909,-1.0,,,,,,
2026-09-04T00:45:23Z,foxnews,1,123,55,1,10,0.18182,0.0,,,,,,
2026-09-04T00:45:23Z,nbcnews,1,57,55,0,0,0.0,,,,,,,
2026-09-04T00:45:23Z,newsweek,1,79,55,0,0,0.0,,,,,,,
2026-09-04T00:45:23Z,bbc,1,32,55,2,6,0.10909,-1.0,,,,,,
2026-09-04T00:45:23Z,guardian,1,37,55,1,10,0.18182,-1.0,,,,,,
2026-09-04T00:45:23Z,thetimes,1,93,55,0,0,0.0,,,,,,,
2026-09-04T00:45:23Z,dailymail,1,395,55,0,0,0.0,,,,,,,
2026-09-04T00:45:23Z,dw,1,41,55,1,3,0.05455,0.0,,,,,,
2026-09-04T00:45:23Z,ap,0,0,0,0,0,,,,,,,,
2026-09-04T00:45:23Z,lemonde,1,37,55,0,0,0.0,,,,,,,
2026-09-04T00:45:23Z,lefigaro,1,176,55,0,0,0.0,,,,,,,
2026-09-04T00:45:23Z,spiegel,1,185,55,0,0,0.0,,,,,,,
2026-09-04T00:45:23Z,bild,1,171,55,0,0,0.0,,,,,,,
2026-09-04T00:45:23Z,elpais,0,0,0,0,0,,,,,,,,
2026-09-04T00:45:23Z,corriere,1,238,55,0,0,0.0,,,,,,,
2026-09-04T00:45:23Z,cbc,1,29,55,1,1,0.01818,-1.0,,,,,,
2026-09-04T00:45:23Z,abcau,1,81,55,0,0,0.0,,,,,,,
2026-09-04T00:56:54Z,nyt,1,37,55,0,0,0.0,,,,,,,
2026-09-04T00:56:54Z,usatoday,1,27,55,0,0,0.0,,,,,,,
2026-09-04T00:56:54Z,nypost,1,171,55,0,0,0.0,,,,,,,
2026-09-04T00:56:54Z,cnn,1,48,55,2,10,0.18182,-1.0,,,,,,
2026-09-04T00:56:54Z,foxnews,1,123,55,1,10,0.18182,0.0,,,,,,
2026-09-04T00:56:54Z,nbcnews,1,57,55,0,0,0.0,,,,,,,
2026-09-04T00:56:54Z,newsweek,1,79,55,0,0,0.0,,,,,,,
2026-09-04T00:56:54Z,bbc,1,32,55,2,6,0.10909,-1.0,,,,,,
2026-09-04T00:56:54Z,guardian,1,37,55,1,10,0.18182,-1.0,,,,,,
2026-09-04T00:56:54Z,thetimes,1,93,55,0,0,0.0,,,,,,,
2026-09-04T00:56:54Z,dailymail,1,395,55,0,0,0.0,,,,,,,
2026-09-04T00:56:54Z,dw,1,41,55,1,3,0.05455,0.0,,,,,,
2026-09-04T00:56:54Z,ap,0,0,0,0,0,,,,,,,,
2026-09-04T00:56:54Z,lemonde,1,38,55,0,0,0.0,,,,,,,
2026-09-04T00:56:54Z,lefigaro,1,176,55,0,0,0.0,,,,,,,
2026-09-04T00:56:54Z,spiegel,1,185,55,0,0,0.0,,,,,,,
2026-09-04T00:56:54Z,bild,1,171,55,0,0,0.0,,,,,,,
2026-09-04T00:56:54Z,elpais,0,0,0,0,0,,,,,,,,
2026-09-04T00:56:54Z,corriere,1,238,55,0,0,0.0,,,,,,,
2026-09-04T00:56:54Z,cbc,1,28,55,1,1,0.01818,-1.0,,,,,,
2026-09-04T00:56:54Z,abcau,1,83,55,0,0,0.0,,,,,,,
2026-09-04T01:20:14Z,nyt,1,37,55,0,0,0.0,,,,,,,
2026-09-04T01:20:14Z,usatoday,1,27,55,0,0,0.0,,,,,,,
2026-09-04T01:20:14Z,nypost,1,171,55,0,0,0.0,,,,,,,
2026-09-04T01:20:14Z,cnn,1,48,55,2,10,0.18182,-1.0,,,,,,
2026-09-04T01:20:14Z,foxnews,1,123,55,1,10,0.18182,0.0,,,,,,
2026-09-04T01:20:14Z,nbcnews,1,57,55,0,0,0.0,,,,,,,
2026-09-04T01:20:14Z,newsweek,1,79,55,0,0,0.0,,,,,,,
2026-09-04T01:20:14Z,bbc,1,32,55,2,6,0.10909,-1.0,,,,,,
2026-09-04T01:20:14Z,guardian,1,34,55,3,12,0.21818,-0.917,,,,,,
2026-09-04T01:20:14Z,thetimes,1,93,55,0,0,0.0,,,,,,,
2026-09-04T01:20:14Z,dailymail,1,395,55,0,0,0.0,,,,,,,
2026-09-04T01:20:14Z,dw,1,40,55,1,3,0.05455,0.0,,,,,,
2026-09-04T01:20:14Z,ap,0,0,0,0,0,,,,,,,,
2026-09-04T01:20:14Z,lemonde,1,38,55,0,0,0.0,,,,,,,
2026-09-04T01:20:14Z,lefigaro,1,176,55,0,0,0.0,,,,,,,
2026-09-04T01:20:14Z,spiegel,1,185,55,0,0,0.0,,,,,,,
2026-09-04T01:20:14Z,bild,1,171,55,0,0,0.0,,,,,,,
2026-09-04T01:20:14Z,elpais,1,111,55,0,0,0.0,,,,,,,
2026-09-04T01:20:14Z,corriere,1,238,55,0,0,0.0,,,,,,,
2026-09-04T01:20:14Z,cbc,1,28,55,1,1,0.01818,-1.0,,,,,,
2026-09-04T01:20:14Z,abcau,1,82,55,0,0,0.0,,,,,,,
2026-09-04T01:45:27Z,nyt,1,37,55,0,0,0.0,,,,,,,
2026-09-04T01:45:27Z,usatoday,1,27,55,0,0,0.0,,,,,,,
2026-09-04T01:45:27Z,nypost,1,172,55,0,0,0.0,,,,,,,
2026-09-04T01:45:27Z,cnn,1,48,55,2,10,0.18182,-1.0,,,,,,
2026-09-04T01:45:27Z,foxnews,1,121,55,1,10,0.18182,0.0,,,,,,
2026-09-04T01:45:27Z,nbcnews,1,57,55,0,0,0.0,,,,,,,
2026-09-04T01:45:27Z,newsweek,1,79,55,0,0,0.0,,,,,,,
2026-09-04T01:45:27Z,bbc,1,32,55,2,2,0.03636,-1.0,,,,,,
2026-09-04T01:45:27Z,guardian,1,34,55,3,12,0.21818,-0.917,,,,,,
2026-09-04T01:45:27Z,thetimes,1,93,55,0,0,0.0,,,,,,,
2026-09-04T01:45:27Z,dailymail,1,395,55,0,0,0.0,,,,,,,
2026-09-04T01:45:27Z,dw,1,40,55,1,3,0.05455,0.0,,,,,,
2026-09-04T01:45:27Z,ap,0,0,0,0,0,,,,,,,,
2026-09-04T01:45:27Z,lemonde,1,38,55,0,0,0.0,,,,,,,
2026-09-04T01:45:27Z,lefigaro,1,176,55,0,0,0.0,,,,,,,
2026-09-04T01:45:27Z,spiegel,1,185,55,0,0,0.0,,,,,,,
2026-09-04T01:45:27Z,bild,1,171,55,0,0,0.0,,,,,,,
2026-09-04T01:45:27Z,elpais,1,111,55,0,0,0.0,,,,,,,
2026-09-04T01:45:27Z,corriere,1,238,55,0,0,0.0,,,,,,,
2026-09-04T01:45:27Z,cbc,1,28,55,1,1,0.01818,-1.0,,,,,,
2026-09-04T01:45:27Z,abcau,1,79,55,0,0,0.0,,,,,,,
2026-09-04T02:45:25Z,nyt,1,36,55,0,0,0.0,,,,,,,
2026-09-04T02:45:25Z,usatoday,1,27,55,0,0,0.0,,,,,,,
2026-09-04T02:45:25Z,nypost,1,169,55,0,0,0.0,,,,,,,
2026-09-04T02:45:25Z,cnn,1,48,55,2,10,0.18182,-1.0,,,,,,
2026-09-04T02:45:25Z,foxnews,1,119,55,1,10,0.18182,0.0,,,,,,
2026-09-04T02:45:25Z,nbcnews,1,59,55,0,0,0.0,,,,,,,
2026-09-04T02:45:25Z,newsweek,1,79,55,0,0,0.0,,,,,,,
2026-09-04T02:45:25Z,bbc,1,33,55,1,1,0.01818,-1.0,,,,,,
2026-09-04T02:45:25Z,guardian,1,34,55,2,11,0.2,-0.909,,,,,,
2026-09-04T02:45:25Z,thetimes,1,93,55,0,0,0.0,,,,,,,
2026-09-04T02:45:25Z,dailymail,1,398,55,0,0,0.0,,,,,,,
2026-09-04T02:45:25Z,dw,1,41,55,1,3,0.05455,0.0,,,,,,
2026-09-04T02:45:25Z,ap,0,0,0,0,0,,,,,,,,
2026-09-04T02:45:25Z,lemonde,1,37,55,0,0,0.0,,,,,,,
2026-09-04T02:45:25Z,lefigaro,1,176,55,0,0,0.0,,,,,,,
2026-09-04T02:45:25Z,spiegel,1,186,55,0,0,0.0,,,,,,,
2026-09-04T02:45:25Z,bild,1,172,55,0,0,0.0,,,,,,,
2026-09-04T02:45:25Z,elpais,0,0,0,0,0,,,,,,,,
2026-09-04T02:45:25Z,corriere,1,238,55,0,0,0.0,,,,,,,
2026-09-04T02:45:25Z,cbc,1,31,55,0,0,0.0,,,,,,,
2026-09-04T02:45:25Z,abcau,1,84,55,0,0,0.0,,,,,,,
2026-09-04T03:45:24Z,nyt,1,34,55,0,0,0.0,,,,,,,
2026-09-04T03:45:24Z,usatoday,1,27,55,0,0,0.0,,,,,,,
2026-09-04T03:45:24Z,nypost,1,170,55,0,0,0.0,,,,,,,
2026-09-04T03:45:24Z,cnn,1,49,55,2,10,0.18182,-1.0,,,,,,
2026-09-04T03:45:24Z,foxnews,1,119,55,1,10,0.18182,0.0,,,,,,
2026-09-04T03:45:24Z,nbcnews,1,53,55,0,0,0.0,,,,,,,
2026-09-04T03:45:24Z,newsweek,1,79,55,0,0,0.0,,,,,,,
2026-09-04T03:45:24Z,bbc,1,32,55,0,0,0.0,,,,,,,
2026-09-04T03:45:24Z,guardian,1,36,55,1,10,0.18182,-1.0,,,,,,
2026-09-04T03:45:24Z,thetimes,1,93,55,0,0,0.0,,,,,,,
2026-09-04T03:45:24Z,dailymail,1,398,55,0,0,0.0,,,,,,,
2026-09-04T03:45:24Z,dw,1,42,55,1,3,0.05455,0.0,,,,,,
2026-09-04T03:45:24Z,ap,0,0,0,0,0,,,,,,,,
2026-09-04T03:45:24Z,lemonde,1,38,55,0,0,0.0,,,,,,,
2026-09-04T03:45:24Z,lefigaro,1,176,55,0,0,0.0,,,,,,,
2026-09-04T03:45:24Z,spiegel,1,183,55,0,0,0.0,,,,,,,
2026-09-04T03:45:24Z,bild,1,172,55,0,0,0.0,,,,,,,
2026-09-04T03:45:24Z,elpais,0,0,0,0,0,,,,,,,,
2026-09-04T03:45:24Z,corriere,1,238,55,0,0,0.0,,,,,,,
2026-09-04T03:45:24Z,cbc,1,30,55,0,0,0.0,,,,,,,
2026-09-04T03:45:24Z,abcau,1,80,55,0,0,0.0,,,,,,,
2026-09-04T04:45:27Z,nyt,1,32,55,0,0,0.0,,,,,,,
2026-09-04T04:45:27Z,usatoday,1,27,55,0,0,0.0,,,,,,,
2026-09-04T04:45:27Z,nypost,1,167,55,0,0,0.0,,,,,,,
2026-09-04T04:45:27Z,cnn,1,47,55,0,0,0.0,,,,,,,
2026-09-04T04:45:27Z,foxnews,1,121,55,1,10,0.18182,0.0,,,,,,
2026-09-04T04:45:27Z,nbcnews,1,54,55,0,0,0.0,,,,,,,
2026-09-04T04:45:27Z,newsweek,1,78,55,0,0,0.0,,,,,,,
2026-09-04T04:45:27Z,bbc,1,34,55,0,0,0.0,,,,,,,
2026-09-04T04:45:27Z,guardian,1,36,55,1,5,0.09091,-1.0,,,,,,
2026-09-04T04:45:27Z,thetimes,1,92,55,0,0,0.0,,,,,,,
2026-09-04T04:45:27Z,dailymail,1,398,55,0,0,0.0,,,,,,,
2026-09-04T04:45:27Z,dw,1,41,55,1,3,0.05455,0.0,,,,,,
2026-09-04T04:45:27Z,ap,0,0,0,0,0,,,,,,,,
2026-09-04T04:45:27Z,lemonde,1,38,55,0,0,0.0,,,,,,,
2026-09-04T04:45:27Z,lefigaro,1,194,55,0,0,0.0,,,,,,,
2026-09-04T04:45:27Z,spiegel,1,168,55,0,0,0.0,,,,,,,
2026-09-04T04:45:27Z,bild,1,171,55,0,0,0.0,,,,,,,
2026-09-04T04:45:27Z,elpais,0,0,0,0,0,,,,,,,,
2026-09-04T04:45:27Z,corriere,1,238,55,0,0,0.0,,,,,,,
2026-09-04T04:45:27Z,cbc,1,30,55,0,0,0.0,,,,,,,
2026-09-04T04:45:27Z,abcau,1,80,55,0,0,0.0,,,,,,,
2026-09-04T05:45:23Z,nyt,1,31,55,0,0,0.0,,,,,,,
2026-09-04T05:45:23Z,usatoday,1,27,55,0,0,0.0,,,,,,,
2026-09-04T05:45:23Z,nypost,1,167,55,0,0,0.0,,,,,,,
2026-09-04T05:45:23Z,cnn,1,47,55,0,0,0.0,,,,,,,
2026-09-04T05:45:23Z,foxnews,1,121,55,1,10,0.18182,0.0,,,,,,
2026-09-04T05:45:23Z,nbcnews,1,55,55,0,0,0.0,,,,,,,
2026-09-04T05:45:23Z,newsweek,1,78,55,0,0,0.0,,,,,,,
2026-09-04T05:45:23Z,bbc,1,33,55,1,1,0.01818,-1.0,,,,,,
2026-09-04T05:45:23Z,guardian,1,41,55,1,5,0.09091,-1.0,,,,,,
2026-09-04T05:45:23Z,thetimes,1,91,55,0,0,0.0,,,,,,,
2026-09-04T05:45:23Z,dailymail,1,398,55,0,0,0.0,,,,,,,
2026-09-04T05:45:23Z,dw,1,41,55,1,3,0.05455,0.0,,,,,,
2026-09-04T05:45:23Z,ap,0,0,0,0,0,,,,,,,,
2026-09-04T05:45:23Z,lemonde,1,38,55,0,0,0.0,,,,,,,
2026-09-04T05:45:23Z,lefigaro,1,189,55,0,0,0.0,,,,,,,
2026-09-04T05:45:23Z,spiegel,1,169,55,0,0,0.0,,,,,,,
2026-09-04T05:45:23Z,bild,1,170,55,0,0,0.0,,,,,,,
2026-09-04T05:45:23Z,elpais,0,0,0,0,0,,,,,,,,
2026-09-04T05:45:23Z,corriere,1,240,55,0,0,0.0,,,,,,,
2026-09-04T05:45:23Z,cbc,1,30,55,0,0,0.0,,,,,,,
2026-09-04T05:45:23Z,abcau,1,86,55,0,0,0.0,,,,,,,
2026-09-04T05:50:19Z,nyt,1,31,55,0,0,0.0,,,,,,,
2026-09-04T05:50:19Z,usatoday,1,27,55,0,0,0.0,,,,,,,
2026-09-04T05:50:19Z,nypost,1,126,55,0,0,0.0,,,,,,,
2026-09-04T05:50:19Z,cnn,1,47,55,0,0,0.0,,,,,,,
2026-09-04T05:50:19Z,foxnews,1,121,55,1,10,0.18182,0.0,,,,,,
2026-09-04T05:50:19Z,nbcnews,1,55,55,0,0,0.0,,,,,,,
2026-09-04T05:50:19Z,newsweek,1,78,55,0,0,0.0,,,,,,,
2026-09-04T05:50:19Z,bbc,1,33,55,1,1,0.01818,-1.0,,,,,,
2026-09-04T05:50:19Z,guardian,1,41,55,1,5,0.09091,-1.0,,,,,,
2026-09-04T05:50:19Z,thetimes,1,91,55,0,0,0.0,,,,,,,
2026-09-04T05:50:19Z,dailymail,1,396,55,0,0,0.0,,,,,,,
2026-09-04T05:50:19Z,dw,1,41,55,1,3,0.05455,0.0,,,,,,
2026-09-04T05:50:19Z,ap,0,0,0,0,0,,,,,,,,
2026-09-04T05:50:19Z,lemonde,1,38,55,0,0,0.0,,,,,,,
2026-09-04T05:50:19Z,lefigaro,1,189,55,0,0,0.0,,,,,,,
2026-09-04T05:50:19Z,spiegel,1,170,55,0,0,0.0,,,,,,,
2026-09-04T05:50:19Z,bild,1,170,55,0,0,0.0,,,,,,,
2026-09-04T05:50:19Z,elpais,0,0,0,0,0,,,,,,,,
2026-09-04T05:50:19Z,corriere,1,243,55,0,0,0.0,,,,,,,
2026-09-04T05:50:19Z,cbc,1,30,55,0,0,0.0,,,,,,,
2026-09-04T05:50:19Z,abcau,1,88,55,0,0,0.0,,,,,,,
2026-09-04T06:30:57Z,nyt,1,30,55,0,0,0.0,,,,,,,
2026-09-04T06:30:57Z,usatoday,1,27,55,0,0,0.0,,,,,,,
2026-09-04T06:30:57Z,nypost,1,126,55,0,0,0.0,,,,,,,
2026-09-04T06:30:57Z,cnn,1,47,55,0,0,0.0,,,,,,,
2026-09-04T06:30:57Z,foxnews,1,121,55,1,10,0.18182,0.0,,,,,,
2026-09-04T06:30:57Z,nbcnews,1,55,55,0,0,0.0,,,,,,,
2026-09-04T06:30:57Z,newsweek,1,78,55,0,0,0.0,,,,,,,
2026-09-04T06:30:57Z,bbc,1,32,55,1,1,0.01818,-1.0,,,,,,
2026-09-04T06:30:57Z,guardian,1,43,55,2,10,0.18182,-0.5,,,,,,
2026-09-04T06:30:57Z,thetimes,1,92,55,0,0,0.0,,,,,,,
2026-09-04T06:30:57Z,dailymail,1,366,55,0,0,0.0,,,,,,,
2026-09-04T06:30:57Z,dw,1,41,55,1,3,0.05455,0.0,,,,,,
2026-09-04T06:30:57Z,ap,0,0,0,0,0,,,,,,,,
2026-09-04T06:30:57Z,lemonde,1,37,55,0,0,0.0,,,,,,,
2026-09-04T06:30:57Z,lefigaro,1,197,55,0,0,0.0,,,,,,,
2026-09-04T06:30:57Z,spiegel,1,168,55,0,0,0.0,,,,,,,
2026-09-04T06:30:57Z,bild,1,171,55,0,0,0.0,,,,,,,
2026-09-04T06:30:57Z,elpais,0,0,0,0,0,,,,,,,,
2026-09-04T06:30:57Z,corriere,1,238,55,0,0,0.0,,,,,,,
2026-09-04T06:30:57Z,cbc,1,30,55,0,0,0.0,,,,,,,
2026-09-04T06:30:57Z,abcau,1,87,55,0,0,0.0,,,,,,,
2026-09-04T06:45:23Z,nyt,1,30,55,0,0,0.0,,,,,,,
2026-09-04T06:45:23Z,usatoday,1,27,55,0,0,0.0,,,,,,,
2026-09-04T06:45:23Z,nypost,1,166,55,0,0,0.0,,,,,,,
2026-09-04T06:45:23Z,cnn,1,47,55,0,0,0.0,,,,,,,
2026-09-04T06:45:23Z,foxnews,1,121,55,1,10,0.18182,0.0,,,,,,
2026-09-04T06:45:23Z,nbcnews,1,55,55,0,0,0.0,,,,,,,
2026-09-04T06:45:23Z,newsweek,1,78,55,0,0,0.0,,,,,,,
2026-09-04T06:45:23Z,bbc,1,32,55,1,1,0.01818,-1.0,,,,,,
2026-09-04T06:45:23Z,guardian,1,43,55,2,10,0.18182,-0.5,,,,,,
2026-09-04T06:45:23Z,thetimes,1,92,55,0,0,0.0,,,,,,,
2026-09-04T06:45:23Z,dailymail,1,365,55,0,0,0.0,,,,,,,
2026-09-04T06:45:23Z,dw,1,42,55,1,3,0.05455,0.0,,,,,,
2026-09-04T06:45:23Z,ap,0,0,0,0,0,,,,,,,,
2026-09-04T06:45:23Z,lemonde,1,38,55,0,0,0.0,,,,,,,
2026-09-04T06:45:23Z,lefigaro,1,194,55,0,0,0.0,,,,,,,
2026-09-04T06:45:23Z,spiegel,1,166,55,0,0,0.0,,,,,,,
2026-09-04T06:45:23Z,bild,1,173,55,0,0,0.0,,,,,,,
2026-09-04T06:45:23Z,elpais,0,0,0,0,0,,,,,,,,
2026-09-04T06:45:23Z,corriere,1,240,55,0,0,0.0,,,,,,,
2026-09-04T06:45:23Z,cbc,1,30,55,0,0,0.0,,,,,,,
2026-09-04T06:45:23Z,abcau,1,86,55,0,0,0.0,,,,,,,
2026-09-04T07:45:27Z,nyt,1,30,55,0,0,0.0,,,,,,,
2026-09-04T07:45:27Z,usatoday,1,27,55,0,0,0.0,,,,,,,
2026-09-04T07:45:27Z,nypost,1,166,55,0,0,0.0,,,,,,,
2026-09-04T07:45:27Z,cnn,1,47,55,0,0,0.0,,,,,,,
2026-09-04T07:45:27Z,foxnews,1,121,55,1,10,0.18182,0.0,,,,,,
2026-09-04T07:45:27Z,nbcnews,1,55,55,0,0,0.0,,,,,,,
2026-09-04T07:45:27Z,newsweek,1,78,55,0,0,0.0,,,,,,,
2026-09-04T07:45:27Z,bbc,1,33,55,1,1,0.01818,-1.0,,,,,,
2026-09-04T07:45:27Z,guardian,1,44,55,2,8,0.14545,-0.625,,,,,,
2026-09-04T07:45:27Z,thetimes,1,95,55,0,0,0.0,,,,,,,
2026-09-04T07:45:27Z,dailymail,1,372,55,0,0,0.0,,,,,,,
2026-09-04T07:45:27Z,dw,1,43,55,1,3,0.05455,0.0,,,,,,
2026-09-04T07:45:27Z,ap,0,0,0,0,0,,,,,,,,
2026-09-04T07:45:27Z,lemonde,1,38,55,0,0,0.0,,,,,,,
2026-09-04T07:45:27Z,lefigaro,1,198,55,0,0,0.0,,,,,,,
2026-09-04T07:45:27Z,spiegel,1,168,55,0,0,0.0,,,,,,,
2026-09-04T07:45:27Z,bild,1,172,55,0,0,0.0,,,,,,,
2026-09-04T07:45:27Z,elpais,0,0,0,0,0,,,,,,,,
2026-09-04T07:45:27Z,corriere,1,243,55,0,0,0.0,,,,,,,
2026-09-04T07:45:27Z,cbc,1,30,55,0,0,0.0,,,,,,,
2026-09-04T07:45:27Z,abcau,1,85,55,0,0,0.0,,,,,,,
2026-09-04T08:45:31Z,nyt,1,30,55,0,0,0.0,,,,,,,
2026-09-04T08:45:31Z,usatoday,1,27,55,0,0,0.0,,,,,,,
2026-09-04T08:45:31Z,nypost,1,164,55,0,0,0.0,,,,,,,
2026-09-04T08:45:31Z,cnn,1,47,55,0,0,0.0,,,,,,,
2026-09-04T08:45:31Z,foxnews,1,121,55,1,5,0.09091,0.0,,,,,,
2026-09-04T08:45:31Z,nbcnews,1,56,55,0,0,0.0,,,,,,,
2026-09-04T08:45:31Z,newsweek,1,79,55,0,0,0.0,,,,,,,
2026-09-04T08:45:31Z,bbc,1,33,55,0,0,0.0,,,,,,,
2026-09-04T08:45:31Z,guardian,1,48,55,2,8,0.14545,-0.625,,,,,,
2026-09-04T08:45:31Z,thetimes,1,94,55,0,0,0.0,,,,,,,
2026-09-04T08:45:31Z,dailymail,1,373,55,0,0,0.0,,,,,,,
2026-09-04T08:45:31Z,dw,1,43,55,1,3,0.05455,0.0,,,,,,
2026-09-04T08:45:31Z,ap,0,0,0,0,0,,,,,,,,
2026-09-04T08:45:31Z,lemonde,1,37,55,0,0,0.0,,,,,,,
2026-09-04T08:45:31Z,lefigaro,1,191,55,0,0,0.0,,,,,,,
2026-09-04T08:45:31Z,spiegel,1,171,55,0,0,0.0,,,,,,,
2026-09-04T08:45:31Z,bild,1,173,55,0,0,0.0,,,,,,,
2026-09-04T08:45:31Z,elpais,0,0,0,0,0,,,,,,,,
2026-09-04T08:45:31Z,corriere,1,247,55,0,0,0.0,,,,,,,
2026-09-04T08:45:31Z,cbc,1,29,55,0,0,0.0,,,,,,,
2026-09-04T08:45:31Z,abcau,1,83,55,0,0,0.0,,,,,,,
2026-09-04T09:45:29Z,nyt,1,31,55,0,0,0.0,,,,,,,
2026-09-04T09:45:29Z,usatoday,1,27,55,0,0,0.0,,,,,,,
2026-09-04T09:45:29Z,nypost,1,164,55,0,0,0.0,,,,,,,
2026-09-04T09:45:29Z,cnn,1,46,55,0,0,0.0,,,,,,,
2026-09-04T09:45:29Z,foxnews,1,118,55,1,5,0.09091,0.0,,,,,,
2026-09-04T09:45:29Z,nbcnews,1,57,55,0,0,0.0,,,,,,,
2026-09-04T09:45:29Z,newsweek,1,79,55,0,0,0.0,,,,,,,
2026-09-04T09:45:29Z,bbc,1,32,55,0,0,0.0,,,,,,,
2026-09-04T09:45:29Z,guardian,1,48,55,2,8,0.14545,-0.625,,,,,,
2026-09-04T09:45:29Z,thetimes,1,94,55,0,0,0.0,,,,,,,
2026-09-04T09:45:29Z,dailymail,1,390,55,0,0,0.0,,,,,,,
2026-09-04T09:45:29Z,dw,1,44,55,1,1,0.01818,0.0,,,,,,
2026-09-04T09:45:29Z,ap,0,0,0,0,0,,,,,,,,
2026-09-04T09:45:29Z,lemonde,1,37,55,0,0,0.0,,,,,,,
2026-09-04T09:45:29Z,lefigaro,1,197,55,0,0,0.0,,,,,,,
2026-09-04T09:45:29Z,spiegel,1,171,55,0,0,0.0,,,,,,,
2026-09-04T09:45:29Z,bild,1,172,55,0,0,0.0,,,,,,,
2026-09-04T09:45:29Z,elpais,0,0,0,0,0,,,,,,,,
2026-09-04T09:45:29Z,corriere,1,247,55,0,0,0.0,,,,,,,
2026-09-04T09:45:29Z,cbc,1,30,55,0,0,0.0,,,,,,,
2026-09-04T09:45:29Z,abcau,1,81,55,0,0,0.0,,,,,,,
2026-09-04T10:45:32Z,nyt,1,36,55,0,0,0.0,,,,,,,
2026-09-04T10:45:32Z,usatoday,1,27,55,0,0,0.0,,,,,,,
2026-09-04T10:45:32Z,nypost,1,164,55,0,0,0.0,,,,,,,
2026-09-04T10:45:32Z,cnn,1,45,55,0,0,0.0,,,,,,,
2026-09-04T10:45:32Z,foxnews,1,117,55,1,5,0.09091,0.0,,,,,,
2026-09-04T10:45:32Z,nbcnews,1,55,55,0,0,0.0,,,,,,,
2026-09-04T10:45:32Z,newsweek,1,79,55,0,0,0.0,,,,,,,
2026-09-04T10:45:32Z,bbc,1,30,55,0,0,0.0,,,,,,,
2026-09-04T10:45:32Z,guardian,1,47,55,2,8,0.14545,-0.375,,,,,,
2026-09-04T10:45:32Z,thetimes,1,94,55,0,0,0.0,,,,,,,
2026-09-04T10:45:32Z,dailymail,1,394,55,0,0,0.0,,,,,,,
2026-09-04T10:45:32Z,dw,1,44,55,1,1,0.01818,0.0,,,,,,
2026-09-04T10:45:32Z,ap,0,0,0,0,0,,,,,,,,
2026-09-04T10:45:32Z,lemonde,1,37,55,0,0,0.0,,,,,,,
2026-09-04T10:45:32Z,lefigaro,1,181,55,0,0,0.0,,,,,,,
2026-09-04T10:45:32Z,spiegel,1,172,55,0,0,0.0,,,,,,,
2026-09-04T10:45:32Z,bild,1,172,55,0,0,0.0,,,,,,,
2026-09-04T10:45:32Z,elpais,0,0,0,0,0,,,,,,,,
2026-09-04T10:45:32Z,corriere,1,247,55,0,0,0.0,,,,,,,
2026-09-04T10:45:32Z,cbc,1,28,55,0,0,0.0,,,,,,,
2026-09-04T10:45:32Z,abcau,1,81,55,0,0,0.0,,,,,,,
2026-09-04T11:11:42Z,nyt,1,38,55,0,0,0.0,,,,,,,
2026-09-04T11:11:42Z,usatoday,1,27,55,0,0,0.0,,,,,,,
2026-09-04T11:11:42Z,nypost,1,164,55,0,0,0.0,,,,,,,
2026-09-04T11:11:42Z,cnn,1,45,55,0,0,0.0,,,,,,,
2026-09-04T11:11:42Z,foxnews,1,116,55,1,5,0.09091,0.0,,,,,,
2026-09-04T11:11:42Z,nbcnews,1,57,55,0,0,0.0,,,,,,,
2026-09-04T11:11:42Z,newsweek,1,79,55,0,0,0.0,,,,,,,
2026-09-04T11:11:42Z,bbc,1,33,55,0,0,0.0,,,,,,,
2026-09-04T11:11:42Z,guardian,1,50,55,2,8,0.14545,-0.375,,,,,,
2026-09-04T11:11:42Z,thetimes,1,0,0,0,0,,,,,,,,
2026-09-04T11:11:42Z,dailymail,1,387,55,0,0,0.0,,,,,,,
2026-09-04T11:11:42Z,dw,1,45,55,1,1,0.01818,0.0,,,,,,
2026-09-04T11:11:42Z,ap,0,0,0,0,0,,,,,,,,
2026-09-04T11:11:42Z,lemonde,1,38,55,0,0,0.0,,,,,,,
2026-09-04T11:11:42Z,lefigaro,1,184,55,0,0,0.0,,,,,,,
2026-09-04T11:11:42Z,spiegel,1,172,55,0,0,0.0,,,,,,,
2026-09-04T11:11:42Z,bild,1,171,55,0,0,0.0,,,,,,,
2026-09-04T11:11:42Z,elpais,0,0,0,0,0,,,,,,,,
2026-09-04T11:11:42Z,corriere,1,247,55,0,0,0.0,,,,,,,
2026-09-04T11:11:42Z,cbc,1,28,55,0,0,0.0,,,,,,,
2026-09-04T11:11:42Z,abcau,1,81,55,0,0,0.0,,,,,,,
2026-09-04T11:42:34Z,nyt,1,39,55,0,0,0.0,,,,,,,
2026-09-04T11:42:34Z,usatoday,1,27,55,0,0,0.0,,,,,,,
2026-09-04T11:42:34Z,nypost,1,168,55,0,0,0.0,,,,,,,
2026-09-04T11:42:34Z,cnn,1,46,55,0,0,0.0,,,,,,,
2026-09-04T11:42:34Z,foxnews,1,119,55,1,5,0.09091,0.0,,,,,,
2026-09-04T11:42:34Z,nbcnews,1,57,55,0,0,0.0,,,,,,,
2026-09-04T11:42:34Z,newsweek,1,79,55,0,0,0.0,,,,,,,
2026-09-04T11:42:34Z,bbc,1,32,55,0,0,0.0,,,,,,,
2026-09-04T11:42:34Z,guardian,1,49,55,2,8,0.14545,-0.375,,,,,,
2026-09-04T11:42:34Z,thetimes,1,94,55,0,0,0.0,,,,,,,
2026-09-04T11:42:34Z,dailymail,1,402,55,0,0,0.0,,,,,,,
2026-09-04T11:42:34Z,dw,1,45,55,1,1,0.01818,0.0,,,,,,
2026-09-04T11:42:34Z,ap,0,0,0,0,0,,,,,,,,
2026-09-04T11:42:34Z,lemonde,1,37,55,0,0,0.0,,,,,,,
2026-09-04T11:42:34Z,lefigaro,1,190,55,0,0,0.0,,,,,,,
2026-09-04T11:42:34Z,spiegel,1,169,55,0,0,0.0,,,,,,,
2026-09-04T11:42:34Z,bild,1,170,55,0,0,0.0,,,,,,,
2026-09-04T11:42:34Z,elpais,0,0,0,0,0,,,,,,,,
2026-09-04T11:42:34Z,corriere,1,247,55,0,0,0.0,,,,,,,
2026-09-04T11:42:34Z,cbc,1,28,55,0,0,0.0,,,,,,,
2026-09-04T11:42:34Z,abcau,1,81,55,0,0,0.0,,,,,,,
2026-09-04T11:45:24Z,nyt,1,39,55,0,0,0.0,,,,,,,
2026-09-04T11:45:24Z,usatoday,1,27,55,0,0,0.0,,,,,,,
2026-09-04T11:45:24Z,nypost,1,128,55,0,0,0.0,,,,,,,
2026-09-04T11:45:24Z,cnn,1,46,55,0,0,0.0,,,,,,,
2026-09-04T11:45:24Z,foxnews,1,119,55,1,5,0.09091,0.0,,,,,,
2026-09-04T11:45:24Z,nbcnews,1,57,55,0,0,0.0,,,,,,,
2026-09-04T11:45:24Z,newsweek,1,79,55,0,0,0.0,,,,,,,
2026-09-04T11:45:24Z,bbc,1,32,55,0,0,0.0,,,,,,,
2026-09-04T11:45:24Z,guardian,1,50,55,2,8,0.14545,-0.375,,,,,,
2026-09-04T11:45:24Z,thetimes,1,94,55,0,0,0.0,,,,,,,
2026-09-04T11:45:24Z,dailymail,1,402,55,0,0,0.0,,,,,,,
2026-09-04T11:45:24Z,dw,1,45,55,1,1,0.01818,0.0,,,,,,
2026-09-04T11:45:24Z,ap,0,0,0,0,0,,,,,,,,
2026-09-04T11:45:24Z,lemonde,1,37,55,0,0,0.0,,,,,,,
2026-09-04T11:45:24Z,lefigaro,1,191,55,0,0,0.0,,,,,,,
2026-09-04T11:45:24Z,spiegel,1,169,55,0,0,0.0,,,,,,,
2026-09-04T11:45:24Z,bild,1,171,55,0,0,0.0,,,,,,,
2026-09-04T11:45:24Z,elpais,0,0,0,0,0,,,,,,,,
2026-09-04T11:45:24Z,corriere,1,247,55,0,0,0.0,,,,,,,
2026-09-04T11:45:24Z,cbc,1,28,55,0,0,0.0,,,,,,,
2026-09-04T11:45:24Z,abcau,1,81,55,0,0,0.0,,,,,,,
2026-09-04T12:45:23Z,nyt,1,39,55,0,0,0.0,,,,,,,
2026-09-04T12:45:23Z,usatoday,1,28,55,0,0,0.0,,,,,,,
2026-09-04T12:45:23Z,nypost,1,169,55,0,0,0.0,,,,,,,
2026-09-04T12:45:23Z,cnn,1,47,55,0,0,0.0,,,,,,,
2026-09-04T12:45:23Z,foxnews,1,120,55,0,0,0.0,,,,,,,
2026-09-04T12:45:23Z,nbcnews,1,55,55,0,0,0.0,,,,,,,
2026-09-04T12:45:23Z,newsweek,1,79,55,0,0,0.0,,,,,,,
2026-09-04T12:45:23Z,bbc,1,33,55,0,0,0.0,,,,,,,
2026-09-04T12:45:23Z,guardian,1,45,55,0,0,0.0,,,,,,,
2026-09-04T12:45:23Z,thetimes,1,92,55,0,0,0.0,,,,,,,
2026-09-04T12:45:23Z,dailymail,1,415,55,0,0,0.0,,,,,,,
2026-09-04T12:45:23Z,dw,1,43,55,0,0,0.0,,,,,,,
2026-09-04T12:45:23Z,ap,0,0,0,0,0,,,,,,,,
2026-09-04T12:45:23Z,lemonde,1,35,55,0,0,0.0,,,,,,,
2026-09-04T12:45:23Z,lefigaro,1,188,55,0,0,0.0,,,,,,,
2026-09-04T12:45:23Z,spiegel,1,173,55,0,0,0.0,,,,,,,
2026-09-04T12:45:23Z,bild,1,173,55,0,0,0.0,,,,,,,
2026-09-04T12:45:23Z,elpais,1,105,55,1,1,0.01818,-1.0,,,,,,
2026-09-04T12:45:23Z,corriere,1,250,55,0,0,0.0,,,,,,,
2026-09-04T12:45:23Z,cbc,1,31,55,0,0,0.0,,,,,,,
2026-09-04T12:45:23Z,abcau,1,81,55,0,0,0.0,,,,,,,
2026-09-04T13:45:24Z,nyt,1,39,55,0,0,0.0,,,,,,,
2026-09-04T13:45:24Z,usatoday,1,26,55,0,0,0.0,,,,,,,
2026-09-04T13:45:24Z,nypost,1,169,55,0,0,0.0,,,,,,,
2026-09-04T13:45:24Z,cnn,1,47,55,0,0,0.0,,,,,,,
2026-09-04T13:45:24Z,foxnews,1,122,55,0,0,0.0,,,,,,,
2026-09-04T13:45:24Z,nbcnews,1,56,55,0,0,0.0,,,,,,,
2026-09-04T13:45:24Z,newsweek,1,79,55,0,0,0.0,,,,,,,
2026-09-04T13:45:24Z,bbc,1,31,55,0,0,0.0,,,,,,,
2026-09-04T13:45:24Z,guardian,1,47,55,0,0,0.0,,,,,,,
2026-09-04T13:45:24Z,thetimes,1,91,55,0,0,0.0,,,,,,,
2026-09-04T13:45:24Z,dailymail,1,396,55,0,0,0.0,,,,,,,
2026-09-04T13:45:24Z,dw,1,42,55,0,0,0.0,,,,,,,
2026-09-04T13:45:24Z,ap,0,0,0,0,0,,,,,,,,
2026-09-04T13:45:24Z,lemonde,1,34,55,0,0,0.0,,,,,,,
2026-09-04T13:45:24Z,lefigaro,1,183,55,0,0,0.0,,,,,,,
2026-09-04T13:45:24Z,spiegel,1,172,55,0,0,0.0,,,,,,,
2026-09-04T13:45:24Z,bild,1,172,55,0,0,0.0,,,,,,,
2026-09-04T13:45:24Z,elpais,0,0,0,0,0,,,,,,,,
2026-09-04T13:45:24Z,corriere,1,249,55,0,0,0.0,,,,,,,
2026-09-04T13:45:24Z,cbc,1,31,55,0,0,0.0,,,,,,,
2026-09-04T13:45:24Z,abcau,1,81,55,0,0,0.0,,,,,,,
2026-09-04T14:45:24Z,nyt,1,39,55,0,0,0.0,,,,,,,
2026-09-04T14:45:24Z,usatoday,1,26,55,0,0,0.0,,,,,,,
2026-09-04T14:45:24Z,nypost,1,167,55,0,0,0.0,,,,,,,
2026-09-04T14:45:24Z,cnn,1,47,55,0,0,0.0,,,,,,,
2026-09-04T14:45:24Z,foxnews,1,120,55,0,0,0.0,,,,,,,
2026-09-04T14:45:24Z,nbcnews,1,54,55,0,0,0.0,,,,,,,
2026-09-04T14:45:24Z,newsweek,1,79,55,0,0,0.0,,,,,,,
2026-09-04T14:45:24Z,bbc,1,31,55,0,0,0.0,,,,,,,
2026-09-04T14:45:24Z,guardian,1,49,55,0,0,0.0,,,,,,,
2026-09-04T14:45:24Z,thetimes,1,92,55,0,0,0.0,,,,,,,
2026-09-04T14:45:24Z,dailymail,1,409,55,0,0,0.0,,,,,,,
2026-09-04T14:45:24Z,dw,1,45,55,1,1,0.01818,-1.0,,,,,,
2026-09-04T14:45:24Z,ap,0,0,0,0,0,,,,,,,,
2026-09-04T14:45:24Z,lemonde,1,37,55,0,0,0.0,,,,,,,
2026-09-04T14:45:24Z,lefigaro,1,188,55,0,0,0.0,,,,,,,
2026-09-04T14:45:24Z,spiegel,1,174,55,0,0,0.0,,,,,,,
2026-09-04T14:45:24Z,bild,1,183,55,0,0,0.0,,,,,,,
2026-09-04T14:45:24Z,elpais,0,0,0,0,0,,,,,,,,
2026-09-04T14:45:24Z,corriere,1,247,55,0,0,0.0,,,,,,,
2026-09-04T14:45:24Z,cbc,1,32,55,0,0,0.0,,,,,,,
2026-09-04T14:45:24Z,abcau,1,81,55,0,0,0.0,,,,,,,
2026-09-04T15:45:26Z,nyt,1,41,55,0,0,0.0,,,,,,,
2026-09-04T15:45:26Z,usatoday,1,26,55,0,0,0.0,,,,,,,
2026-09-04T15:45:26Z,nypost,1,162,55,0,0,0.0,,,,,,,
2026-09-04T15:45:26Z,cnn,1,46,55,0,0,0.0,,,,,,,
2026-09-04T15:45:26Z,foxnews,1,122,55,0,0,0.0,,,,,,,
2026-09-04T15:45:26Z,nbcnews,1,56,55,0,0,0.0,,,,,,,
2026-09-04T15:45:26Z,newsweek,1,78,55,0,0,0.0,,,,,,,
2026-09-04T15:45:26Z,bbc,1,34,55,0,0,0.0,,,,,,,
2026-09-04T15:45:26Z,guardian,1,41,55,0,0,0.0,,,,,,,
2026-09-04T15:45:26Z,thetimes,1,92,55,0,0,0.0,,,,,,,
2026-09-04T15:45:26Z,dailymail,1,399,55,0,0,0.0,,,,,,,
2026-09-04T15:45:26Z,dw,1,45,55,1,1,0.01818,-1.0,,,,,,
2026-09-04T15:45:26Z,ap,0,0,0,0,0,,,,,,,,
2026-09-04T15:45:26Z,lemonde,1,36,55,0,0,0.0,,,,,,,
2026-09-04T15:45:26Z,lefigaro,1,188,55,0,0,0.0,,,,,,,
2026-09-04T15:45:26Z,spiegel,1,178,55,0,0,0.0,,,,,,,
2026-09-04T15:45:26Z,bild,1,185,55,0,0,0.0,,,,,,,
2026-09-04T15:45:26Z,elpais,0,0,0,0,0,,,,,,,,
2026-09-04T15:45:26Z,corriere,1,249,55,0,0,0.0,,,,,,,
2026-09-04T15:45:26Z,cbc,1,33,55,0,0,0.0,,,,,,,
2026-09-04T15:45:26Z,abcau,1,80,55,0,0,0.0,,,,,,,
2026-09-04T16:17:41Z,nyt,1,37,55,1,3,0.05455,0.0,,,,,,
2026-09-04T16:17:41Z,usatoday,1,26,55,0,0,0.0,,,,,,,
2026-09-04T16:17:41Z,nypost,1,160,55,0,0,0.0,,,,,,,
2026-09-04T16:17:41Z,cnn,1,46,55,0,0,0.0,,,,,,,
2026-09-04T16:17:41Z,foxnews,1,124,55,0,0,0.0,,,,,,,
2026-09-04T16:17:41Z,nbcnews,1,56,55,0,0,0.0,,,,,,,
2026-09-04T16:17:41Z,newsweek,1,77,55,0,0,0.0,,,,,,,
2026-09-04T16:17:41Z,bbc,1,32,55,0,0,0.0,,,,,,,
2026-09-04T16:17:41Z,guardian,1,43,55,0,0,0.0,,,,,,,
2026-09-04T16:17:41Z,thetimes,1,97,55,0,0,0.0,,,,,,,
2026-09-04T16:17:41Z,dailymail,1,408,55,0,0,0.0,,,,,,,
2026-09-04T16:17:41Z,dw,1,45,55,1,1,0.01818,-1.0,,,,,,
2026-09-04T16:17:41Z,ap,0,0,0,0,0,,,,,,,,
2026-09-04T16:17:41Z,lemonde,1,39,55,0,0,0.0,,,,,,,
2026-09-04T16:17:41Z,lefigaro,1,186,55,0,0,0.0,,,,,,,
2026-09-04T16:17:41Z,spiegel,1,176,55,0,0,0.0,,,,,,,
2026-09-04T16:17:41Z,bild,1,184,55,0,0,0.0,,,,,,,
2026-09-04T16:17:41Z,elpais,0,0,0,0,0,,,,,,,,
2026-09-04T16:17:41Z,corriere,1,249,55,0,0,0.0,,,,,,,
2026-09-04T16:17:41Z,cbc,1,32,55,0,0,0.0,,,,,,,
2026-09-04T16:17:41Z,abcau,1,80,55,0,0,0.0,,,,,,,
2026-09-04T16:35:06Z,nyt,1,36,55,1,3,0.05455,0.0,,,,,,
2026-09-04T16:35:06Z,usatoday,1,26,55,0,0,0.0,,,,,,,
2026-09-04T16:35:06Z,nypost,1,158,55,0,0,0.0,,,,,,,
2026-09-04T16:35:06Z,cnn,1,46,55,0,0,0.0,,,,,,,
2026-09-04T16:35:06Z,foxnews,1,125,55,0,0,0.0,,,,,,,
2026-09-04T16:35:06Z,nbcnews,1,55,55,0,0,0.0,,,,,,,
2026-09-04T16:35:06Z,newsweek,1,77,55,0,0,0.0,,,,,,,
2026-09-04T16:35:06Z,bbc,1,33,55,0,0,0.0,,,,,,,
2026-09-04T16:35:06Z,guardian,1,44,55,0,0,0.0,,,,,,,
2026-09-04T16:35:06Z,thetimes,1,97,55,0,0,0.0,,,,,,,
2026-09-04T16:35:06Z,dailymail,1,414,55,0,0,0.0,,,,,,,
2026-09-04T16:35:06Z,dw,1,45,55,1,1,0.01818,-1.0,,,,,,
2026-09-04T16:35:06Z,ap,0,0,0,0,0,,,,,,,,
2026-09-04T16:35:06Z,lemonde,1,243,55,0,0,0.0,,,,,,,
2026-09-04T16:35:06Z,lefigaro,1,179,55,0,0,0.0,,,,,,,
2026-09-04T16:35:06Z,spiegel,1,176,55,0,0,0.0,,,,,,,
2026-09-04T16:35:06Z,bild,1,183,55,0,0,0.0,,,,,,,
2026-09-04T16:35:06Z,elpais,1,113,55,1,1,0.01818,-1.0,,,,,,
2026-09-04T16:35:06Z,corriere,1,246,55,0,0,0.0,,,,,,,
2026-09-04T16:35:06Z,cbc,1,32,55,0,0,0.0,,,,,,,
2026-09-04T16:35:06Z,abcau,1,80,55,0,0,0.0,,,,,,,
2026-09-04T16:45:24Z,nyt,1,37,55,1,3,0.05455,0.0,,,,,,
2026-09-04T16:45:24Z,usatoday,1,26,55,0,0,0.0,,,,,,,
2026-09-04T16:45:24Z,nypost,1,157,55,0,0,0.0,,,,,,,
2026-09-04T16:45:24Z,cnn,1,46,55,0,0,0.0,,,,,,,
2026-09-04T16:45:24Z,foxnews,1,126,55,0,0,0.0,,,,,,,
2026-09-04T16:45:24Z,nbcnews,1,55,55,0,0,0.0,,,,,,,
2026-09-04T16:45:24Z,newsweek,1,77,55,0,0,0.0,,,,,,,
2026-09-04T16:45:24Z,bbc,1,34,55,0,0,0.0,,,,,,,
2026-09-04T16:45:24Z,guardian,1,44,55,0,0,0.0,,,,,,,
2026-09-04T16:45:24Z,thetimes,1,97,55,0,0,0.0,,,,,,,
2026-09-04T16:45:24Z,dailymail,1,417,55,0,0,0.0,,,,,,,
2026-09-04T16:45:24Z,dw,1,45,55,1,1,0.01818,-1.0,,,,,,
2026-09-04T16:45:24Z,ap,0,0,0,0,0,,,,,,,,
2026-09-04T16:45:24Z,lemonde,1,38,55,0,0,0.0,,,,,,,
2026-09-04T16:45:24Z,lefigaro,1,180,55,0,0,0.0,,,,,,,
2026-09-04T16:45:24Z,spiegel,1,177,55,0,0,0.0,,,,,,,
2026-09-04T16:45:24Z,bild,1,183,55,0,0,0.0,,,,,,,
2026-09-04T16:45:24Z,elpais,1,106,55,0,0,0.0,,,,,,,
2026-09-04T16:45:24Z,corriere,1,249,55,0,0,0.0,,,,,,,
2026-09-04T16:45:24Z,cbc,1,32,55,0,0,0.0,,,,,,,
2026-09-04T16:45:24Z,abcau,1,80,55,0,0,0.0,,,,,,,
2026-09-04T17:45:26Z,nyt,1,38,55,1,3,0.05455,0.0,,,,,,
2026-09-04T17:45:26Z,usatoday,1,27,55,0,0,0.0,,,,,,,
2026-09-04T17:45:26Z,nypost,1,159,55,0,0,0.0,,,,,,,
2026-09-04T17:45:26Z,cnn,1,45,55,0,0,0.0,,,,,,,
2026-09-04T17:45:26Z,foxnews,1,127,55,0,0,0.0,,,,,,,
2026-09-04T17:45:26Z,nbcnews,1,57,55,0,0,0.0,,,,,,,
2026-09-04T17:45:26Z,newsweek,1,78,55,0,0,0.0,,,,,,,
2026-09-04T17:45:26Z,bbc,1,33,55,0,0,0.0,,,,,,,
2026-09-04T17:45:26Z,guardian,1,45,55,0,0,0.0,,,,,,,
2026-09-04T17:45:26Z,thetimes,1,101,55,0,0,0.0,,,,,,,
2026-09-04T17:45:26Z,dailymail,1,423,55,0,0,0.0,,,,,,,
2026-09-04T17:45:26Z,dw,1,45,55,1,1,0.01818,-1.0,,,,,,
2026-09-04T17:45:26Z,ap,0,0,0,0,0,,,,,,,,
2026-09-04T17:45:26Z,lemonde,1,38,55,0,0,0.0,,,,,,,
2026-09-04T17:45:26Z,lefigaro,1,189,55,0,0,0.0,,,,,,,
2026-09-04T17:45:26Z,spiegel,1,177,55,0,0,0.0,,,,,,,
2026-09-04T17:45:26Z,bild,1,183,55,0,0,0.0,,,,,,,
2026-09-04T17:45:26Z,elpais,0,0,0,0,0,,,,,,,,
2026-09-04T17:45:26Z,corriere,1,248,55,0,0,0.0,,,,,,,
2026-09-04T17:45:26Z,cbc,1,32,55,0,0,0.0,,,,,,,
2026-09-04T17:45:26Z,abcau,1,80,55,0,0,0.0,,,,,,,
2026-09-04T18:45:22Z,nyt,1,39,55,1,3,0.05455,0.0,,,,,,
2026-09-04T18:45:22Z,usatoday,1,26,55,0,0,0.0,,,,,,,
2026-09-04T18:45:22Z,nypost,1,162,55,0,0,0.0,,,,,,,
2026-09-04T18:45:22Z,cnn,1,45,55,0,0,0.0,,,,,,,
2026-09-04T18:45:22Z,foxnews,1,128,55,0,0,0.0,,,,,,,
2026-09-04T18:45:22Z,nbcnews,1,60,55,0,0,0.0,,,,,,,
2026-09-04T18:45:22Z,newsweek,1,78,55,0,0,0.0,,,,,,,
2026-09-04T18:45:22Z,bbc,1,33,55,0,0,0.0,,,,,,,
2026-09-04T18:45:22Z,guardian,1,44,55,0,0,0.0,,,,,,,
2026-09-04T18:45:22Z,thetimes,1,100,55,0,0,0.0,,,,,,,
2026-09-04T18:45:22Z,dailymail,1,427,55,0,0,0.0,,,,,,,
2026-09-04T18:45:22Z,dw,1,44,55,1,1,0.01818,-1.0,,,,,,
2026-09-04T18:45:22Z,ap,0,0,0,0,0,,,,,,,,
2026-09-04T18:45:22Z,lemonde,1,38,55,0,0,0.0,,,,,,,
2026-09-04T18:45:22Z,lefigaro,1,197,55,0,0,0.0,,,,,,,
2026-09-04T18:45:22Z,spiegel,1,181,55,0,0,0.0,,,,,,,
2026-09-04T18:45:22Z,bild,1,183,55,0,0,0.0,,,,,,,
2026-09-04T18:45:22Z,elpais,0,0,0,0,0,,,,,,,,
2026-09-04T18:45:22Z,corriere,1,248,55,0,0,0.0,,,,,,,
2026-09-04T18:45:22Z,cbc,1,33,55,0,0,0.0,,,,,,,
2026-09-04T18:45:22Z,abcau,1,83,55,0,0,0.0,,,,,,,
2026-09-04T19:07:51Z,nyt,1,37,55,1,3,0.05455,0.0,,,,,,
2026-09-04T19:07:51Z,usatoday,1,26,55,0,0,0.0,,,,,,,
2026-09-04T19:07:51Z,nypost,1,161,55,0,0,0.0,,,,,,,
2026-09-04T19:07:51Z,cnn,1,45,55,0,0,0.0,,,,,,,
2026-09-04T19:07:51Z,foxnews,1,129,55,0,0,0.0,,,,,,,
2026-09-04T19:07:51Z,nbcnews,1,54,55,0,0,0.0,,,,,,,
2026-09-04T19:07:51Z,newsweek,1,78,55,0,0,0.0,,,,,,,
2026-09-04T19:07:51Z,bbc,1,34,55,0,0,0.0,,,,,,,
2026-09-04T19:07:51Z,guardian,1,46,55,0,0,0.0,,,,,,,
2026-09-04T19:07:51Z,thetimes,1,100,55,0,0,0.0,,,,,,,
2026-09-04T19:07:51Z,dailymail,1,429,55,0,0,0.0,,,,,,,
2026-09-04T19:07:51Z,dw,1,44,55,1,1,0.01818,-1.0,,,,,,
2026-09-04T19:07:51Z,ap,0,0,0,0,0,,,,,,,,
2026-09-04T19:07:51Z,lemonde,1,36,55,0,0,0.0,,,,,,,
2026-09-04T19:07:51Z,lefigaro,1,190,55,0,0,0.0,,,,,,,
2026-09-04T19:07:51Z,spiegel,1,179,55,0,0,0.0,,,,,,,
2026-09-04T19:07:51Z,bild,1,181,55,0,0,0.0,,,,,,,
2026-09-04T19:07:51Z,elpais,1,108,55,0,0,0.0,,,,,,,
2026-09-04T19:07:51Z,corriere,1,248,55,0,0,0.0,,,,,,,
2026-09-04T19:07:51Z,cbc,1,33,55,0,0,0.0,,,,,,,
2026-09-04T19:07:51Z,abcau,1,81,55,0,0,0.0,,,,,,,
2026-09-04T19:31:18Z,nyt,1,37,55,1,3,0.05455,0.0,,,,,,
2026-09-04T19:31:18Z,usatoday,1,26,55,0,0,0.0,,,,,,,
2026-09-04T19:31:18Z,nypost,1,125,55,0,0,0.0,,,,,,,
2026-09-04T19:31:18Z,cnn,1,45,55,0,0,0.0,,,,,,,
2026-09-04T19:31:18Z,foxnews,1,131,55,0,0,0.0,,,,,,,
2026-09-04T19:31:18Z,nbcnews,1,55,55,0,0,0.0,,,,,,,
2026-09-04T19:31:18Z,newsweek,1,78,55,0,0,0.0,,,,,,,
2026-09-04T19:31:18Z,bbc,1,34,55,0,0,0.0,,,,,,,
2026-09-04T19:31:18Z,guardian,1,46,55,0,0,0.0,,,,,,,
2026-09-04T19:31:18Z,thetimes,1,102,55,0,0,0.0,,,,,,,
2026-09-04T19:31:18Z,dailymail,1,432,55,0,0,0.0,,,,,,,
2026-09-04T19:31:18Z,dw,1,44,55,1,1,0.01818,-1.0,,,,,,
2026-09-04T19:31:18Z,ap,0,0,0,0,0,,,,,,,,
2026-09-04T19:31:18Z,lemonde,1,38,55,0,0,0.0,,,,,,,
2026-09-04T19:31:18Z,lefigaro,1,189,55,0,0,0.0,,,,,,,
2026-09-04T19:31:18Z,spiegel,1,179,55,0,0,0.0,,,,,,,
2026-09-04T19:31:18Z,bild,1,181,55,0,0,0.0,,,,,,,
2026-09-04T19:31:18Z,elpais,0,0,0,0,0,,,,,,,,
2026-09-04T19:31:18Z,corriere,1,248,55,0,0,0.0,,,,,,,
2026-09-04T19:31:18Z,cbc,1,33,55,0,0,0.0,,,,,,,
2026-09-04T19:31:18Z,abcau,1,76,55,0,0,0.0,,,,,,,
2026-09-04T19:45:25Z,nyt,1,37,55,1,3,0.05455,0.0,,,,,,
2026-09-04T19:45:25Z,usatoday,1,26,55,0,0,0.0,,,,,,,
2026-09-04T19:45:25Z,nypost,1,162,55,0,0,0.0,,,,,,,
2026-09-04T19:45:25Z,cnn,1,45,55,0,0,0.0,,,,,,,
2026-09-04T19:45:25Z,foxnews,1,133,55,0,0,0.0,,,,,,,
2026-09-04T19:45:25Z,nbcnews,1,53,55,0,0,0.0,,,,,,,
2026-09-04T19:45:25Z,newsweek,1,78,55,0,0,0.0,,,,,,,
2026-09-04T19:45:25Z,bbc,1,33,55,0,0,0.0,,,,,,,
2026-09-04T19:45:25Z,guardian,1,46,55,0,0,0.0,,,,,,,
2026-09-04T19:45:25Z,thetimes,1,101,55,0,0,0.0,,,,,,,
2026-09-04T19:45:25Z,dailymail,1,364,55,0,0,0.0,,,,,,,
2026-09-04T19:45:25Z,dw,1,44,55,1,1,0.01818,-1.0,,,,,,
2026-09-04T19:45:25Z,ap,0,0,0,0,0,,,,,,,,
2026-09-04T19:45:25Z,lemonde,1,36,55,0,0,0.0,,,,,,,
2026-09-04T19:45:25Z,lefigaro,1,191,55,0,0,0.0,,,,,,,
2026-09-04T19:45:25Z,spiegel,1,178,55,0,0,0.0,,,,,,,
2026-09-04T19:45:25Z,bild,1,181,55,0,0,0.0,,,,,,,
2026-09-04T19:45:25Z,elpais,0,0,0,0,0,,,,,,,,
2026-09-04T19:45:25Z,corriere,1,248,55,0,0,0.0,,,,,,,
2026-09-04T19:45:25Z,cbc,1,33,55,0,0,0.0,,,,,,,
2026-09-04T19:45:25Z,abcau,1,77,55,0,0,0.0,,,,,,,
2026-09-04T20:45:25Z,nyt,1,39,55,1,3,0.05455,0.0,,,,,,
2026-09-04T20:45:25Z,usatoday,1,26,55,0,0,0.0,,,,,,,
2026-09-04T20:45:25Z,nypost,1,166,55,0,0,0.0,,,,,,,
2026-09-04T20:45:25Z,cnn,1,45,55,0,0,0.0,,,,,,,
2026-09-04T20:45:25Z,foxnews,1,135,55,0,0,0.0,,,,,,,
2026-09-04T20:45:25Z,nbcnews,1,52,55,0,0,0.0,,,,,,,
2026-09-04T20:45:25Z,newsweek,1,79,55,0,0,0.0,,,,,,,
2026-09-04T20:45:25Z,bbc,1,33,55,0,0,0.0,,,,,,,
2026-09-04T20:45:25Z,guardian,1,44,55,1,1,0.01818,1.0,,,,,,
2026-09-04T20:45:25Z,thetimes,1,101,55,0,0,0.0,,,,,,,
2026-09-04T20:45:25Z,dailymail,1,364,55,0,0,0.0,,,,,,,
2026-09-04T20:45:25Z,dw,1,44,55,1,1,0.01818,-1.0,,,,,,
2026-09-04T20:45:25Z,ap,0,0,0,0,0,,,,,,,,
2026-09-04T20:45:25Z,lemonde,1,37,55,0,0,0.0,,,,,,,
2026-09-04T20:45:25Z,lefigaro,1,187,55,0,0,0.0,,,,,,,
2026-09-04T20:45:25Z,spiegel,1,178,55,0,0,0.0,,,,,,,
2026-09-04T20:45:25Z,bild,1,182,55,0,0,0.0,,,,,,,
2026-09-04T20:45:25Z,elpais,0,0,0,0,0,,,,,,,,
2026-09-04T20:45:25Z,corriere,1,241,55,0,0,0.0,,,,,,,
2026-09-04T20:45:25Z,cbc,1,33,55,0,0,0.0,,,,,,,
2026-09-04T20:45:25Z,abcau,1,76,55,0,0,0.0,,,,,,,
2026-09-04T21:45:26Z,nyt,1,36,55,0,0,0.0,,,,,,,
2026-09-04T21:45:26Z,usatoday,1,25,55,0,0,0.0,,,,,,,
2026-09-04T21:45:26Z,nypost,1,164,55,0,0,0.0,,,,,,,
2026-09-04T21:45:26Z,cnn,1,45,55,0,0,0.0,,,,,,,
2026-09-04T21:45:26Z,foxnews,1,136,55,0,0,0.0,,,,,,,
2026-09-04T21:45:26Z,nbcnews,1,55,55,0,0,0.0,,,,,,,
2026-09-04T21:45:26Z,newsweek,1,79,55,0,0,0.0,,,,,,,
2026-09-04T21:45:26Z,bbc,1,34,55,0,0,0.0,,,,,,,
2026-09-04T21:45:26Z,guardian,1,46,55,1,1,0.01818,1.0,,,,,,
2026-09-04T21:45:26Z,thetimes,1,105,55,0,0,0.0,,,,,,,
2026-09-04T21:45:26Z,dailymail,1,373,55,0,0,0.0,,,,,,,
2026-09-04T21:45:26Z,dw,1,43,55,1,1,0.01818,-1.0,,,,,,
2026-09-04T21:45:26Z,ap,0,0,0,0,0,,,,,,,,
2026-09-04T21:45:26Z,lemonde,1,37,55,0,0,0.0,,,,,,,
2026-09-04T21:45:26Z,lefigaro,1,175,55,0,0,0.0,,,,,,,
2026-09-04T21:45:26Z,spiegel,1,171,55,0,0,0.0,,,,,,,
2026-09-04T21:45:26Z,bild,1,183,55,0,0,0.0,,,,,,,
2026-09-04T21:45:26Z,elpais,1,108,55,0,0,0.0,,,,,,,
2026-09-04T21:45:26Z,corriere,1,237,55,0,0,0.0,,,,,,,
2026-09-04T21:45:26Z,cbc,1,29,55,0,0,0.0,,,,,,,
2026-09-04T21:45:26Z,abcau,1,75,55,0,0,0.0,,,,,,,
2026-09-04T21:46:20Z,nyt,1,36,55,0,0,0.0,,,,,,,
2026-09-04T21:46:20Z,usatoday,1,25,55,0,0,0.0,,,,,,,
2026-09-04T21:46:20Z,nypost,1,164,55,0,0,0.0,,,,,,,
2026-09-04T21:46:20Z,cnn,1,45,55,0,0,0.0,,,,,,,
2026-09-04T21:46:20Z,foxnews,1,136,55,0,0,0.0,,,,,,,
2026-09-04T21:46:20Z,nbcnews,1,55,55,0,0,0.0,,,,,,,
2026-09-04T21:46:20Z,newsweek,1,79,55,0,0,0.0,,,,,,,
2026-09-04T21:46:20Z,bbc,1,34,55,0,0,0.0,,,,,,,
2026-09-04T21:46:20Z,guardian,1,46,55,1,1,0.01818,1.0,,,,,,
2026-09-04T21:46:20Z,thetimes,1,105,55,0,0,0.0,,,,,,,
2026-09-04T21:46:20Z,dailymail,1,373,55,0,0,0.0,,,,,,,
2026-09-04T21:46:20Z,dw,1,43,55,1,1,0.01818,-1.0,,,,,,
2026-09-04T21:46:20Z,ap,0,0,0,0,0,,,,,,,,
2026-09-04T21:46:20Z,lemonde,1,36,55,0,0,0.0,,,,,,,
2026-09-04T21:46:20Z,lefigaro,1,175,55,0,0,0.0,,,,,,,
2026-09-04T21:46:20Z,spiegel,1,171,55,0,0,0.0,,,,,,,
2026-09-04T21:46:20Z,bild,1,183,55,0,0,0.0,,,,,,,
2026-09-04T21:46:20Z,elpais,0,0,0,0,0,,,,,,,,
2026-09-04T21:46:20Z,corriere,1,237,55,0,0,0.0,,,,,,,
2026-09-04T21:46:20Z,cbc,1,29,55,0,0,0.0,,,,,,,
2026-09-04T21:46:20Z,abcau,1,75,55,0,0,0.0,,,,,,,
2026-09-04T22:19:59Z,nyt,1,38,55,0,0,0.0,,,,,,,
2026-09-04T22:19:59Z,usatoday,1,25,55,0,0,0.0,,,,,,,
2026-09-04T22:19:59Z,nypost,1,165,55,0,0,0.0,,,,,,,
2026-09-04T22:19:59Z,cnn,1,45,55,0,0,0.0,,,,,,,
2026-09-04T22:19:59Z,foxnews,1,135,55,0,0,0.0,,,,,,,
2026-09-04T22:19:59Z,nbcnews,1,60,55,0,0,0.0,,,,,,,
2026-09-04T22:19:59Z,newsweek,1,79,55,0,0,0.0,,,,,,,
2026-09-04T22:19:59Z,bbc,1,33,55,0,0,0.0,,,,,,,
2026-09-04T22:19:59Z,guardian,1,44,55,1,1,0.01818,1.0,,,,,,
2026-09-04T22:19:59Z,thetimes,1,100,55,0,0,0.0,,,,,,,
2026-09-04T22:19:59Z,dailymail,1,377,55,0,0,0.0,,,,,,,
2026-09-04T22:19:59Z,dw,1,43,55,1,1,0.01818,-1.0,,,,,,
2026-09-04T22:19:59Z,ap,0,0,0,0,0,,,,,,,,
2026-09-04T22:19:59Z,lemonde,1,37,55,0,0,0.0,,,,,,,
2026-09-04T22:19:59Z,lefigaro,1,176,55,0,0,0.0,,,,,,,
2026-09-04T22:19:59Z,spiegel,1,170,55,0,0,0.0,,,,,,,
2026-09-04T22:19:59Z,bild,1,183,55,0,0,0.0,,,,,,,
2026-09-04T22:19:59Z,elpais,1,109,55,0,0,0.0,,,,,,,
2026-09-04T22:19:59Z,corriere,1,234,55,0,0,0.0,,,,,,,
2026-09-04T22:19:59Z,cbc,1,29,55,0,0,0.0,,,,,,,
2026-09-04T22:19:59Z,abcau,1,75,55,0,0,0.0,,,,,,,
2026-09-04T22:45:23Z,nyt,1,38,55,0,0,0.0,,,,,,,
2026-09-04T22:45:23Z,usatoday,1,24,55,0,0,0.0,,,,,,,
2026-09-04T22:45:23Z,nypost,1,124,55,0,0,0.0,,,,,,,
2026-09-04T22:45:23Z,cnn,1,45,55,0,0,0.0,,,,,,,
2026-09-04T22:45:23Z,foxnews,1,135,55,0,0,0.0,,,,,,,
2026-09-04T22:45:23Z,nbcnews,1,59,55,0,0,0.0,,,,,,,
2026-09-04T22:45:23Z,newsweek,1,79,55,0,0,0.0,,,,,,,
2026-09-04T22:45:23Z,bbc,1,33,55,0,0,0.0,,,,,,,
2026-09-04T22:45:23Z,guardian,1,42,55,1,1,0.01818,1.0,,,,,,
2026-09-04T22:45:23Z,thetimes,1,100,55,0,0,0.0,,,,,,,
2026-09-04T22:45:23Z,dailymail,1,377,55,0,0,0.0,,,,,,,
2026-09-04T22:45:23Z,dw,1,43,55,1,1,0.01818,-1.0,,,,,,
2026-09-04T22:45:23Z,ap,0,0,0,0,0,,,,,,,,
2026-09-04T22:45:23Z,lemonde,1,38,55,0,0,0.0,,,,,,,
2026-09-04T22:45:23Z,lefigaro,1,176,55,0,0,0.0,,,,,,,
2026-09-04T22:45:23Z,spiegel,1,170,55,0,0,0.0,,,,,,,
2026-09-04T22:45:23Z,bild,1,183,55,0,0,0.0,,,,,,,
2026-09-04T22:45:23Z,elpais,0,0,0,0,0,,,,,,,,
2026-09-04T22:45:23Z,corriere,1,235,55,0,0,0.0,,,,,,,
2026-09-04T22:45:23Z,cbc,1,28,55,0,0,0.0,,,,,,,
2026-09-04T22:45:23Z,abcau,1,74,55,0,0,0.0,,,,,,,
2026-09-04T23:45:21Z,nyt,1,40,55,0,0,0.0,,,,,,,
2026-09-04T23:45:21Z,usatoday,1,24,55,0,0,0.0,,,,,,,
2026-09-04T23:45:21Z,nypost,1,166,55,0,0,0.0,,,,,,,
2026-09-04T23:45:21Z,cnn,1,47,55,0,0,0.0,,,,,,,
2026-09-04T23:45:21Z,foxnews,1,134,55,0,0,0.0,,,,,,,
2026-09-04T23:45:21Z,nbcnews,1,61,55,0,0,0.0,,,,,,,
2026-09-04T23:45:21Z,newsweek,1,79,55,0,0,0.0,,,,,,,
2026-09-04T23:45:21Z,bbc,1,30,55,0,0,0.0,,,,,,,
2026-09-04T23:45:21Z,guardian,1,40,55,1,3,0.05455,1.0,,,,,,
2026-09-04T23:45:21Z,thetimes,1,0,0,0,0,,,,,,,,
2026-09-04T23:45:21Z,dailymail,1,378,55,0,0,0.0,,,,,,,
2026-09-04T23:45:21Z,dw,1,44,55,1,1,0.01818,-1.0,,,,,,
2026-09-04T23:45:21Z,ap,0,0,0,0,0,,,,,,,,
2026-09-04T23:45:21Z,lemonde,1,37,55,0,0,0.0,,,,,,,
2026-09-04T23:45:21Z,lefigaro,1,176,55,0,0,0.0,,,,,,,
2026-09-04T23:45:21Z,spiegel,1,171,55,0,0,0.0,,,,,,,
2026-09-04T23:45:21Z,bild,1,184,55,0,0,0.0,,,,,,,
2026-09-04T23:45:21Z,elpais,0,0,0,0,0,,,,,,,,
2026-09-04T23:45:21Z,corriere,1,245,55,0,0,0.0,,,,,,,
2026-09-04T23:45:21Z,cbc,1,27,55,0,0,0.0,,,,,,,
2026-09-04T23:45:21Z,abcau,1,79,55,0,0,0.0,,,,,,,
2026-09-05T00:22:01Z,nyt,1,40,55,0,0,0.0,,,,,,,
2026-09-05T00:22:01Z,usatoday,1,23,55,0,0,0.0,,,,,,,
2026-09-05T00:22:01Z,nypost,1,166,55,0,0,0.0,,,,,,,
2026-09-05T00:22:01Z,cnn,1,47,55,0,0,0.0,,,,,,,
2026-09-05T00:22:01Z,foxnews,1,131,55,0,0,0.0,,,,,,,
2026-09-05T00:22:01Z,nbcnews,1,61,55,0,0,0.0,,,,,,,
2026-09-05T00:22:01Z,newsweek,1,79,55,0,0,0.0,,,,,,,
2026-09-05T00:22:01Z,bbc,1,30,55,0,0,0.0,,,,,,,
2026-09-05T00:22:01Z,guardian,1,40,55,2,13,0.23636,-0.538,,,,,,
2026-09-05T00:22:01Z,thetimes,1,0,0,0,0,,,,,,,,
2026-09-05T00:22:01Z,dailymail,1,389,55,0,0,0.0,,,,,,,
2026-09-05T00:22:01Z,dw,1,44,55,1,1,0.01818,-1.0,,,,,,
2026-09-05T00:22:01Z,ap,0,0,0,0,0,,,,,,,,
2026-09-05T00:22:01Z,lemonde,1,39,55,0,0,0.0,,,,,,,
2026-09-05T00:22:01Z,lefigaro,1,177,55,0,0,0.0,,,,,,,
2026-09-05T00:22:01Z,spiegel,1,171,55,0,0,0.0,,,,,,,
2026-09-05T00:22:01Z,bild,1,184,55,0,0,0.0,,,,,,,
2026-09-05T00:22:01Z,elpais,0,0,0,0,0,,,,,,,,
2026-09-05T00:22:01Z,corriere,1,245,55,0,0,0.0,,,,,,,
2026-09-05T00:22:01Z,cbc,1,27,55,0,0,0.0,,,,,,,
2026-09-05T00:22:01Z,abcau,1,84,55,0,0,0.0,,,,,,,
2026-09-05T00:45:23Z,nyt,1,40,55,0,0,0.0,,,,,,,
2026-09-05T00:45:23Z,usatoday,1,23,55,0,0,0.0,,,,,,,
2026-09-05T00:45:23Z,nypost,1,165,55,0,0,0.0,,,,,,,
2026-09-05T00:45:23Z,cnn,1,47,55,0,0,0.0,,,,,,,
2026-09-05T00:45:23Z,foxnews,1,131,55,0,0,0.0,,,,,,,
2026-09-05T00:45:23Z,nbcnews,1,61,55,0,0,0.0,,,,,,,
2026-09-05T00:45:23Z,newsweek,1,79,55,0,0,0.0,,,,,,,
2026-09-05T00:45:23Z,bbc,1,32,55,0,0,0.0,,,,,,,
2026-09-05T00:45:23Z,guardian,1,40,55,2,13,0.23636,-0.538,,,,,,
2026-09-05T00:45:23Z,thetimes,1,99,55,0,0,0.0,,,,,,,
2026-09-05T00:45:23Z,dailymail,1,389,55,0,0,0.0,,,,,,,
2026-09-05T00:45:23Z,dw,1,44,55,1,1,0.01818,-1.0,,,,,,
2026-09-05T00:45:23Z,ap,0,0,0,0,0,,,,,,,,
2026-09-05T00:45:23Z,lemonde,1,37,55,0,0,0.0,,,,,,,
2026-09-05T00:45:23Z,lefigaro,1,177,55,0,0,0.0,,,,,,,
2026-09-05T00:45:23Z,spiegel,1,171,55,0,0,0.0,,,,,,,
2026-09-05T00:45:23Z,bild,1,184,55,0,0,0.0,,,,,,,
2026-09-05T00:45:23Z,elpais,0,0,0,0,0,,,,,,,,
2026-09-05T00:45:23Z,corriere,1,245,55,0,0,0.0,,,,,,,
2026-09-05T00:45:23Z,cbc,1,32,55,0,0,0.0,,,,,,,
2026-09-05T00:45:23Z,abcau,1,83,55,0,0,0.0,,,,,,,
2026-09-05T00:54:02Z,nyt,1,40,55,0,0,0.0,,,,,,,
2026-09-05T00:54:02Z,usatoday,1,23,55,0,0,0.0,,,,,,,
2026-09-05T00:54:02Z,nypost,1,165,55,0,0,0.0,,,,,,,
2026-09-05T00:54:02Z,cnn,1,47,55,0,0,0.0,,,,,,,
2026-09-05T00:54:02Z,foxnews,1,131,55,0,0,0.0,,,,,,,
2026-09-05T00:54:02Z,nbcnews,1,61,55,0,0,0.0,,,,,,,
2026-09-05T00:54:02Z,newsweek,1,79,55,0,0,0.0,,,,,,,
2026-09-05T00:54:02Z,bbc,1,33,55,0,0,0.0,,,,,,,
2026-09-05T00:54:02Z,guardian,1,40,55,2,13,0.23636,-0.538,,,,,,
2026-09-05T00:54:02Z,thetimes,1,0,0,0,0,,,,,,,,
2026-09-05T00:54:02Z,dailymail,1,389,55,0,0,0.0,,,,,,,
2026-09-05T00:54:02Z,dw,1,44,55,1,1,0.01818,-1.0,,,,,,
2026-09-05T00:54:02Z,ap,0,0,0,0,0,,,,,,,,
2026-09-05T00:54:02Z,lemonde,1,38,55,0,0,0.0,,,,,,,
2026-09-05T00:54:02Z,lefigaro,1,177,55,0,0,0.0,,,,,,,
2026-09-05T00:54:02Z,spiegel,1,171,55,0,0,0.0,,,,,,,
2026-09-05T00:54:02Z,bild,1,184,55,0,0,0.0,,,,,,,
2026-09-05T00:54:02Z,elpais,1,109,55,0,0,0.0,,,,,,,
2026-09-05T00:54:02Z,corriere,1,245,55,0,0,0.0,,,,,,,
2026-09-05T00:54:02Z,cbc,1,32,55,0,0,0.0,,,,,,,
2026-09-05T00:54:02Z,abcau,1,83,55,0,0,0.0,,,,,,,
2026-09-05T01:45:21Z,nyt,1,40,55,0,0,0.0,,,,,,,
2026-09-05T01:45:21Z,usatoday,1,24,55,0,0,0.0,,,,,,,
2026-09-05T01:45:21Z,nypost,1,168,55,0,0,0.0,,,,,,,
2026-09-05T01:45:21Z,cnn,1,48,55,0,0,0.0,,,,,,,
2026-09-05T01:45:21Z,foxnews,1,131,55,0,0,0.0,,,,,,,
2026-09-05T01:45:21Z,nbcnews,1,56,55,0,0,0.0,,,,,,,
2026-09-05T01:45:21Z,newsweek,1,79,55,0,0,0.0,,,,,,,
2026-09-05T01:45:21Z,bbc,1,32,55,0,0,0.0,,,,,,,
2026-09-05T01:45:21Z,guardian,1,42,55,2,13,0.23636,-0.538,,,,,,
2026-09-05T01:45:21Z,thetimes,1,99,55,0,0,0.0,,,,,,,
2026-09-05T01:45:21Z,dailymail,1,383,55,0,0,0.0,,,,,,,
2026-09-05T01:45:21Z,dw,1,44,55,1,1,0.01818,-1.0,,,,,,
2026-09-05T01:45:21Z,ap,0,0,0,0,0,,,,,,,,
2026-09-05T01:45:21Z,lemonde,1,38,55,0,0,0.0,,,,,,,
2026-09-05T01:45:21Z,lefigaro,1,177,55,0,0,0.0,,,,,,,
2026-09-05T01:45:21Z,spiegel,1,172,55,0,0,0.0,,,,,,,
2026-09-05T01:45:21Z,bild,1,185,55,0,0,0.0,,,,,,,
2026-09-05T01:45:21Z,elpais,1,110,55,0,0,0.0,,,,,,,
2026-09-05T01:45:21Z,corriere,1,245,55,0,0,0.0,,,,,,,
2026-09-05T01:45:21Z,cbc,1,32,55,0,0,0.0,,,,,,,
2026-09-05T01:45:21Z,abcau,1,84,55,0,0,0.0,,,,,,,
2026-09-05T02:45:25Z,nyt,1,37,55,0,0,0.0,,,,,,,
2026-09-05T02:45:25Z,usatoday,1,24,55,0,0,0.0,,,,,,,
2026-09-05T02:45:25Z,nypost,1,169,55,0,0,0.0,,,,,,,
2026-09-05T02:45:25Z,cnn,1,49,55,0,0,0.0,,,,,,,
2026-09-05T02:45:25Z,foxnews,1,131,55,0,0,0.0,,,,,,,
2026-09-05T02:45:25Z,nbcnews,1,55,55,0,0,0.0,,,,,,,
2026-09-05T02:45:25Z,newsweek,1,79,55,0,0,0.0,,,,,,,
2026-09-05T02:45:25Z,bbc,1,35,55,0,0,0.0,,,,,,,
2026-09-05T02:45:25Z,guardian,1,43,55,1,10,0.18182,-1.0,,,,,,
2026-09-05T02:45:25Z,thetimes,1,99,55,0,0,0.0,,,,,,,
2026-09-05T02:45:25Z,dailymail,1,384,55,0,0,0.0,,,,,,,
2026-09-05T02:45:25Z,dw,1,44,55,1,1,0.01818,-1.0,,,,,,
2026-09-05T02:45:25Z,ap,0,0,0,0,0,,,,,,,,
2026-09-05T02:45:25Z,lemonde,1,38,55,0,0,0.0,,,,,,,
2026-09-05T02:45:25Z,lefigaro,1,177,55,0,0,0.0,,,,,,,
2026-09-05T02:45:25Z,spiegel,1,173,55,0,0,0.0,,,,,,,
2026-09-05T02:45:25Z,bild,1,184,55,0,0,0.0,,,,,,,
2026-09-05T02:45:25Z,elpais,0,0,0,0,0,,,,,,,,
2026-09-05T02:45:25Z,corriere,1,245,55,0,0,0.0,,,,,,,
2026-09-05T02:45:25Z,cbc,1,33,55,0,0,0.0,,,,,,,
2026-09-05T02:45:25Z,abcau,1,82,55,0,0,0.0,,,,,,,
2026-09-05T03:45:23Z,nyt,1,37,55,0,0,0.0,,,,,,,
2026-09-05T03:45:23Z,usatoday,1,24,55,0,0,0.0,,,,,,,
2026-09-05T03:45:23Z,nypost,1,172,55,0,0,0.0,,,,,,,
2026-09-05T03:45:23Z,cnn,1,49,55,0,0,0.0,,,,,,,
2026-09-05T03:45:23Z,foxnews,1,130,55,0,0,0.0,,,,,,,
2026-09-05T03:45:23Z,nbcnews,1,55,55,0,0,0.0,,,,,,,
2026-09-05T03:45:23Z,newsweek,1,79,55,0,0,0.0,,,,,,,
2026-09-05T03:45:23Z,bbc,1,32,55,0,0,0.0,,,,,,,
2026-09-05T03:45:23Z,guardian,1,43,55,1,10,0.18182,-1.0,,,,,,
2026-09-05T03:45:23Z,thetimes,1,99,55,0,0,0.0,,,,,,,
2026-09-05T03:45:23Z,dailymail,1,384,55,0,0,0.0,,,,,,,
2026-09-05T03:45:23Z,dw,1,44,55,1,1,0.01818,-1.0,,,,,,
2026-09-05T03:45:23Z,ap,0,0,0,0,0,,,,,,,,
2026-09-05T03:45:23Z,lemonde,1,34,55,0,0,0.0,,,,,,,
2026-09-05T03:45:23Z,lefigaro,1,177,55,0,0,0.0,,,,,,,
2026-09-05T03:45:23Z,spiegel,1,174,55,0,0,0.0,,,,,,,
2026-09-05T03:45:23Z,bild,1,184,55,0,0,0.0,,,,,,,
2026-09-05T03:45:23Z,elpais,0,0,0,0,0,,,,,,,,
2026-09-05T03:45:23Z,corriere,1,245,55,0,0,0.0,,,,,,,
2026-09-05T03:45:23Z,cbc,1,33,55,0,0,0.0,,,,,,,
2026-09-05T03:45:23Z,abcau,1,81,55,0,0,0.0,,,,,,,
2026-09-05T04:45:26Z,nyt,1,36,55,0,0,0.0,,,,,,,
2026-09-05T04:45:26Z,usatoday,1,24,55,0,0,0.0,,,,,,,
2026-09-05T04:45:26Z,nypost,1,125,55,0,0,0.0,,,,,,,
2026-09-05T04:45:26Z,cnn,1,49,55,0,0,0.0,,,,,,,
2026-09-05T04:45:26Z,foxnews,1,130,55,0,0,0.0,,,,,,,
2026-09-05T04:45:26Z,nbcnews,1,54,55,0,0,0.0,,,,,,,
2026-09-05T04:45:26Z,newsweek,1,79,55,0,0,0.0,,,,,,,
2026-09-05T04:45:26Z,bbc,1,31,55,0,0,0.0,,,,,,,
2026-09-05T04:45:26Z,guardian,1,36,55,1,10,0.18182,-1.0,,,,,,
2026-09-05T04:45:26Z,thetimes,1,101,55,0,0,0.0,,,,,,,
2026-09-05T04:45:26Z,dailymail,1,384,55,0,0,0.0,,,,,,,
2026-09-05T04:45:26Z,dw,1,44,55,1,1,0.01818,-1.0,,,,,,
2026-09-05T04:45:26Z,ap,0,0,0,0,0,,,,,,,,
2026-09-05T04:45:26Z,lemonde,1,33,55,0,0,0.0,,,,,,,
2026-09-05T04:45:26Z,lefigaro,1,178,55,0,0,0.0,,,,,,,
2026-09-05T04:45:26Z,spiegel,1,175,55,0,0,0.0,,,,,,,
2026-09-05T04:45:26Z,bild,1,184,55,0,0,0.0,,,,,,,
2026-09-05T04:45:26Z,elpais,0,0,0,0,0,,,,,,,,
2026-09-05T04:45:26Z,corriere,1,245,55,0,0,0.0,,,,,,,
2026-09-05T04:45:26Z,cbc,1,33,55,0,0,0.0,,,,,,,
2026-09-05T04:45:26Z,abcau,1,73,55,0,0,0.0,,,,,,,
2026-09-05T04:54:32Z,nyt,1,36,55,0,0,0.0,,,,,,,
2026-09-05T04:54:32Z,usatoday,1,24,55,0,0,0.0,,,,,,,
2026-09-05T04:54:32Z,nypost,1,172,55,0,0,0.0,,,,,,,
2026-09-05T04:54:32Z,cnn,1,49,55,0,0,0.0,,,,,,,
2026-09-05T04:54:32Z,foxnews,1,130,55,0,0,0.0,,,,,,,
2026-09-05T04:54:32Z,nbcnews,1,54,55,0,0,0.0,,,,,,,
2026-09-05T04:54:32Z,newsweek,1,79,55,0,0,0.0,,,,,,,
2026-09-05T04:54:32Z,bbc,1,31,55,0,0,0.0,,,,,,,
2026-09-05T04:54:32Z,guardian,1,36,55,1,10,0.18182,-1.0,,,,,,
2026-09-05T04:54:32Z,thetimes,1,101,55,0,0,0.0,,,,,,,
2026-09-05T04:54:32Z,dailymail,1,384,55,0,0,0.0,,,,,,,
2026-09-05T04:54:32Z,dw,1,44,55,1,1,0.01818,-1.0,,,,,,
2026-09-05T04:54:32Z,ap,0,0,0,0,0,,,,,,,,
2026-09-05T04:54:32Z,lemonde,1,33,55,0,0,0.0,,,,,,,
2026-09-05T04:54:32Z,lefigaro,1,178,55,0,0,0.0,,,,,,,
2026-09-05T04:54:32Z,spiegel,1,175,55,0,0,0.0,,,,,,,
2026-09-05T04:54:32Z,bild,1,184,55,0,0,0.0,,,,,,,
2026-09-05T04:54:32Z,elpais,0,0,0,0,0,,,,,,,,
2026-09-05T04:54:32Z,corriere,1,245,55,0,0,0.0,,,,,,,
2026-09-05T04:54:32Z,cbc,1,33,55,0,0,0.0,,,,,,,
2026-09-05T04:54:32Z,abcau,1,72,55,0,0,0.0,,,,,,,
2026-09-05T05:41:12Z,nyt,1,35,55,0,0,0.0,,,,,,,
2026-09-05T05:41:12Z,usatoday,1,24,55,0,0,0.0,,,,,,,
2026-09-05T05:41:12Z,nypost,1,171,55,1,1,0.01818,1.0,,,,,,
2026-09-05T05:41:12Z,cnn,1,49,55,0,0,0.0,,,,,,,
2026-09-05T05:41:12Z,foxnews,1,130,55,0,0,0.0,,,,,,,
2026-09-05T05:41:12Z,nbcnews,1,54,55,0,0,0.0,,,,,,,
2026-09-05T05:41:12Z,newsweek,1,79,55,0,0,0.0,,,,,,,
2026-09-05T05:41:12Z,bbc,1,30,55,0,0,0.0,,,,,,,
2026-09-05T05:41:12Z,guardian,1,37,55,1,10,0.18182,-1.0,,,,,,
2026-09-05T05:41:12Z,thetimes,1,101,55,0,0,0.0,,,,,,,
2026-09-05T05:41:12Z,dailymail,1,384,55,0,0,0.0,,,,,,,
2026-09-05T05:41:12Z,dw,1,44,55,1,1,0.01818,-1.0,,,,,,
2026-09-05T05:41:12Z,ap,0,0,0,0,0,,,,,,,,
2026-09-05T05:41:12Z,lemonde,1,33,55,0,0,0.0,,,,,,,
2026-09-05T05:41:12Z,lefigaro,1,187,55,0,0,0.0,,,,,,,
2026-09-05T05:41:12Z,spiegel,1,172,55,0,0,0.0,,,,,,,
2026-09-05T05:41:12Z,bild,1,184,55,0,0,0.0,,,,,,,
2026-09-05T05:41:12Z,elpais,0,0,0,0,0,,,,,,,,
2026-09-05T05:41:12Z,corriere,1,239,55,0,0,0.0,,,,,,,
2026-09-05T05:41:12Z,cbc,1,33,55,0,0,0.0,,,,,,,
2026-09-05T05:41:12Z,abcau,1,72,55,0,0,0.0,,,,,,,
2026-09-05T05:45:20Z,nyt,1,35,55,0,0,0.0,,,,,,,
2026-09-05T05:45:20Z,usatoday,1,24,55,0,0,0.0,,,,,,,
2026-09-05T05:45:20Z,nypost,1,171,55,1,1,0.01818,1.0,,,,,,
2026-09-05T05:45:20Z,cnn,1,49,55,0,0,0.0,,,,,,,
2026-09-05T05:45:20Z,foxnews,1,130,55,0,0,0.0,,,,,,,
2026-09-05T05:45:20Z,nbcnews,1,54,55,0,0,0.0,,,,,,,
2026-09-05T05:45:20Z,newsweek,1,79,55,0,0,0.0,,,,,,,
2026-09-05T05:45:20Z,bbc,1,30,55,0,0,0.0,,,,,,,
2026-09-05T05:45:20Z,guardian,1,37,55,1,10,0.18182,-1.0,,,,,,
2026-09-05T05:45:20Z,thetimes,1,101,55,0,0,0.0,,,,,,,
2026-09-05T05:45:20Z,dailymail,1,384,55,0,0,0.0,,,,,,,
2026-09-05T05:45:20Z,dw,1,44,55,1,1,0.01818,-1.0,,,,,,
2026-09-05T05:45:20Z,ap,0,0,0,0,0,,,,,,,,
2026-09-05T05:45:20Z,lemonde,1,33,55,0,0,0.0,,,,,,,
2026-09-05T05:45:20Z,lefigaro,1,188,55,0,0,0.0,,,,,,,
2026-09-05T05:45:20Z,spiegel,1,172,55,0,0,0.0,,,,,,,
2026-09-05T05:45:20Z,bild,1,184,55,0,0,0.0,,,,,,,
2026-09-05T05:45:20Z,elpais,0,0,0,0,0,,,,,,,,
2026-09-05T05:45:20Z,corriere,1,239,55,0,0,0.0,,,,,,,
2026-09-05T05:45:20Z,cbc,1,33,55,0,0,0.0,,,,,,,
2026-09-05T05:45:20Z,abcau,1,72,55,0,0,0.0,,,,,,,
2026-09-05T06:45:21Z,nyt,1,35,55,0,0,0.0,,,,,,,
2026-09-05T06:45:21Z,usatoday,1,24,55,0,0,0.0,,,,,,,
2026-09-05T06:45:21Z,nypost,1,172,55,1,3,0.05455,1.0,,,,,,
2026-09-05T06:45:21Z,cnn,1,49,55,0,0,0.0,,,,,,,
2026-09-05T06:45:21Z,foxnews,1,130,55,0,0,0.0,,,,,,,
2026-09-05T06:45:21Z,nbcnews,1,54,55,0,0,0.0,,,,,,,
2026-09-05T06:45:21Z,newsweek,1,79,55,0,0,0.0,,,,,,,
2026-09-05T06:45:21Z,bbc,1,31,55,0,0,0.0,,,,,,,
2026-09-05T06:45:21Z,guardian,1,38,55,1,10,0.18182,-1.0,,,,,,
2026-09-05T06:45:21Z,thetimes,1,101,55,0,0,0.0,,,,,,,
2026-09-05T06:45:21Z,dailymail,1,382,55,0,0,0.0,,,,,,,
2026-09-05T06:45:21Z,dw,1,45,55,1,1,0.01818,-1.0,,,,,,
2026-09-05T06:45:21Z,ap,0,0,0,0,0,,,,,,,,
2026-09-05T06:45:21Z,lemonde,1,34,55,0,0,0.0,,,,,,,
2026-09-05T06:45:21Z,lefigaro,1,196,55,0,0,0.0,,,,,,,
2026-09-05T06:45:21Z,spiegel,1,172,55,0,0,0.0,,,,,,,
2026-09-05T06:45:21Z,bild,1,179,55,0,0,0.0,,,,,,,
2026-09-05T06:45:21Z,elpais,0,0,0,0,0,,,,,,,,
2026-09-05T06:45:21Z,corriere,1,230,55,0,0,0.0,,,,,,,
2026-09-05T06:45:21Z,cbc,1,33,55,0,0,0.0,,,,,,,
2026-09-05T06:45:21Z,abcau,1,73,55,0,0,0.0,,,,,,,
2026-09-05T07:45:28Z,nyt,1,35,55,0,0,0.0,,,,,,,
2026-09-05T07:45:28Z,usatoday,1,24,55,0,0,0.0,,,,,,,
2026-09-05T07:45:28Z,nypost,1,172,55,1,3,0.05455,1.0,,,,,,
2026-09-05T07:45:28Z,cnn,1,47,55,0,0,0.0,,,,,,,
2026-09-05T07:45:28Z,foxnews,1,130,55,0,0,0.0,,,,,,,
2026-09-05T07:45:28Z,nbcnews,1,54,55,0,0,0.0,,,,,,,
2026-09-05T07:45:28Z,newsweek,1,79,55,0,0,0.0,,,,,,,
2026-09-05T07:45:28Z,bbc,1,28,55,0,0,0.0,,,,,,,
2026-09-05T07:45:28Z,guardian,1,38,55,1,10,0.18182,-1.0,,,,,,
2026-09-05T07:45:28Z,thetimes,1,93,55,0,0,0.0,,,,,,,
2026-09-05T07:45:28Z,dailymail,1,368,55,0,0,0.0,,,,,,,
2026-09-05T07:45:28Z,dw,1,47,55,0,0,0.0,,,,,,,
2026-09-05T07:45:28Z,ap,0,0,0,0,0,,,,,,,,
2026-09-05T07:45:28Z,lemonde,1,34,55,0,0,0.0,,,,,,,
2026-09-05T07:45:28Z,lefigaro,1,193,55,0,0,0.0,,,,,,,
2026-09-05T07:45:28Z,spiegel,1,173,55,0,0,0.0,,,,,,,
2026-09-05T07:45:28Z,bild,1,181,55,0,0,0.0,,,,,,,
2026-09-05T07:45:28Z,elpais,0,0,0,0,0,,,,,,,,
2026-09-05T07:45:28Z,corriere,1,236,55,0,0,0.0,,,,,,,
2026-09-05T07:45:28Z,cbc,1,33,55,0,0,0.0,,,,,,,
2026-09-05T07:45:28Z,abcau,1,75,55,0,0,0.0,,,,,,,
2026-09-05T08:45:19Z,nyt,1,35,55,0,0,0.0,,,,,,,
2026-09-05T08:45:19Z,usatoday,1,24,55,0,0,0.0,,,,,,,
2026-09-05T08:45:19Z,nypost,1,172,55,1,3,0.05455,1.0,,,,,,
2026-09-05T08:45:19Z,cnn,1,47,55,0,0,0.0,,,,,,,
2026-09-05T08:45:19Z,foxnews,1,130,55,0,0,0.0,,,,,,,
2026-09-05T08:45:19Z,nbcnews,1,54,55,0,0,0.0,,,,,,,
2026-09-05T08:45:19Z,newsweek,1,79,55,0,0,0.0,,,,,,,
2026-09-05T08:45:19Z,bbc,1,28,55,0,0,0.0,,,,,,,
2026-09-05T08:45:19Z,guardian,1,39,55,1,10,0.18182,-1.0,,,,,,
2026-09-05T08:45:19Z,thetimes,1,93,55,0,0,0.0,,,,,,,
2026-09-05T08:45:19Z,dailymail,1,374,55,0,0,0.0,,,,,,,
2026-09-05T08:45:19Z,dw,1,47,55,0,0,0.0,,,,,,,
2026-09-05T08:45:19Z,ap,0,0,0,0,0,,,,,,,,
2026-09-05T08:45:19Z,lemonde,1,32,55,0,0,0.0,,,,,,,
2026-09-05T08:45:19Z,lefigaro,1,197,55,0,0,0.0,,,,,,,
2026-09-05T08:45:19Z,spiegel,1,170,55,0,0,0.0,,,,,,,
2026-09-05T08:45:19Z,bild,1,181,55,0,0,0.0,,,,,,,
2026-09-05T08:45:19Z,elpais,0,0,0,0,0,,,,,,,,
2026-09-05T08:45:19Z,corriere,1,237,55,0,0,0.0,,,,,,,
2026-09-05T08:45:19Z,cbc,1,27,55,0,0,0.0,,,,,,,
2026-09-05T08:45:19Z,abcau,1,76,55,0,0,0.0,,,,,,,
2026-09-05T09:18:39Z,nyt,1,35,55,0,0,0.0,,,,,,,
2026-09-05T09:18:39Z,usatoday,1,24,55,0,0,0.0,,,,,,,
2026-09-05T09:18:39Z,nypost,1,172,55,1,3,0.05455,1.0,,,,,,
2026-09-05T09:18:39Z,cnn,1,47,55,0,0,0.0,,,,,,,
2026-09-05T09:18:39Z,foxnews,1,130,55,0,0,0.0,,,,,,,
2026-09-05T09:18:39Z,nbcnews,1,56,55,0,0,0.0,,,,,,,
2026-09-05T09:18:39Z,newsweek,1,78,55,0,0,0.0,,,,,,,
2026-09-05T09:18:39Z,bbc,1,30,55,0,0,0.0,,,,,,,
2026-09-05T09:18:39Z,guardian,1,40,55,1,10,0.18182,-1.0,,,,,,
2026-09-05T09:18:39Z,thetimes,1,93,55,0,0,0.0,,,,,,,
2026-09-05T09:18:39Z,dailymail,1,370,55,0,0,0.0,,,,,,,
2026-09-05T09:18:39Z,dw,1,46,55,0,0,0.0,,,,,,,
2026-09-05T09:18:39Z,ap,0,0,0,0,0,,,,,,,,
2026-09-05T09:18:39Z,lemonde,1,32,55,0,0,0.0,,,,,,,
2026-09-05T09:18:39Z,lefigaro,1,201,55,0,0,0.0,,,,,,,
2026-09-05T09:18:39Z,spiegel,1,168,55,0,0,0.0,,,,,,,
2026-09-05T09:18:39Z,bild,1,180,55,0,0,0.0,,,,,,,
2026-09-05T09:18:39Z,elpais,0,0,0,0,0,,,,,,,,
2026-09-05T09:18:39Z,corriere,1,237,55,0,0,0.0,,,,,,,
2026-09-05T09:18:39Z,cbc,1,27,55,0,0,0.0,,,,,,,
2026-09-05T09:18:39Z,abcau,1,77,55,0,0,0.0,,,,,,,
2026-09-05T09:45:22Z,nyt,1,35,55,0,0,0.0,,,,,,,
2026-09-05T09:45:22Z,usatoday,1,24,55,0,0,0.0,,,,,,,
2026-09-05T09:45:22Z,nypost,1,172,55,1,1,0.01818,1.0,,,,,,
2026-09-05T09:45:22Z,cnn,1,47,55,0,0,0.0,,,,,,,
2026-09-05T09:45:22Z,foxnews,1,130,55,0,0,0.0,,,,,,,
2026-09-05T09:45:22Z,nbcnews,1,51,55,0,0,0.0,,,,,,,
2026-09-05T09:45:22Z,newsweek,1,78,55,0,0,0.0,,,,,,,
2026-09-05T09:45:22Z,bbc,1,31,55,0,0,0.0,,,,,,,
2026-09-05T09:45:22Z,guardian,1,41,55,1,10,0.18182,-1.0,,,,,,
2026-09-05T09:45:22Z,thetimes,1,93,55,0,0,0.0,,,,,,,
2026-09-05T09:45:22Z,dailymail,1,373,55,0,0,0.0,,,,,,,
2026-09-05T09:45:22Z,dw,1,46,55,0,0,0.0,,,,,,,
2026-09-05T09:45:22Z,ap,0,0,0,0,0,,,,,,,,
2026-09-05T09:45:22Z,lemonde,1,32,55,0,0,0.0,,,,,,,
2026-09-05T09:45:22Z,lefigaro,1,195,55,0,0,0.0,,,,,,,
2026-09-05T09:45:22Z,spiegel,1,169,55,0,0,0.0,,,,,,,
2026-09-05T09:45:22Z,bild,1,179,55,0,0,0.0,,,,,,,
2026-09-05T09:45:22Z,elpais,0,0,0,0,0,,,,,,,,
2026-09-05T09:45:22Z,corriere,1,236,55,0,0,0.0,,,,,,,
2026-09-05T09:45:22Z,cbc,1,27,55,0,0,0.0,,,,,,,
2026-09-05T09:45:22Z,abcau,1,77,55,0,0,0.0,,,,,,,
2026-09-05T10:29:54Z,nyt,1,36,55,0,0,0.0,,,,,,,
2026-09-05T10:29:54Z,usatoday,1,26,55,0,0,0.0,,,,,,,
2026-09-05T10:29:54Z,nypost,1,171,55,1,1,0.01818,1.0,,,,,,
2026-09-05T10:29:54Z,cnn,1,47,55,0,0,0.0,,,,,,,
2026-09-05T10:29:54Z,foxnews,1,126,55,0,0,0.0,,,,,,,
2026-09-05T10:29:54Z,nbcnews,1,53,55,0,0,0.0,,,,,,,
2026-09-05T10:29:54Z,newsweek,1,78,55,0,0,0.0,,,,,,,
2026-09-05T10:29:54Z,bbc,1,30,55,0,0,0.0,,,,,,,
2026-09-05T10:29:54Z,guardian,1,43,55,2,15,0.27273,-0.667,,,,,,
2026-09-05T10:29:54Z,thetimes,1,93,55,0,0,0.0,,,,,,,
2026-09-05T10:29:54Z,dailymail,1,375,55,0,0,0.0,,,,,,,
2026-09-05T10:29:54Z,dw,1,46,55,0,0,0.0,,,,,,,
2026-09-05T10:29:54Z,ap,0,0,0,0,0,,,,,,,,
2026-09-05T10:29:54Z,lemonde,1,33,55,0,0,0.0,,,,,,,
2026-09-05T10:29:54Z,lefigaro,1,194,55,0,0,0.0,,,,,,,
2026-09-05T10:29:54Z,spiegel,1,169,55,0,0,0.0,,,,,,,
2026-09-05T10:29:54Z,bild,1,182,55,0,0,0.0,,,,,,,
2026-09-05T10:29:54Z,elpais,0,0,0,0,0,,,,,,,,
2026-09-05T10:29:54Z,corriere,1,239,55,0,0,0.0,,,,,,,
2026-09-05T10:29:54Z,cbc,1,27,55,0,0,0.0,,,,,,,
2026-09-05T10:29:54Z,abcau,1,77,55,0,0,0.0,,,,,,,
2026-09-05T10:45:22Z,nyt,1,36,55,0,0,0.0,,,,,,,
2026-09-05T10:45:22Z,usatoday,1,26,55,0,0,0.0,,,,,,,
2026-09-05T10:45:22Z,nypost,1,171,55,1,1,0.01818,1.0,,,,,,
2026-09-05T10:45:22Z,cnn,1,47,55,0,0,0.0,,,,,,,
2026-09-05T10:45:22Z,foxnews,1,126,55,0,0,0.0,,,,,,,
2026-09-05T10:45:22Z,nbcnews,1,53,55,0,0,0.0,,,,,,,
2026-09-05T10:45:22Z,newsweek,1,78,55,0,0,0.0,,,,,,,
2026-09-05T10:45:22Z,bbc,1,30,55,0,0,0.0,,,,,,,
2026-09-05T10:45:22Z,guardian,1,43,55,2,15,0.27273,-0.667,,,,,,
2026-09-05T10:45:22Z,thetimes,1,93,55,0,0,0.0,,,,,,,
2026-09-05T10:45:22Z,dailymail,1,378,55,0,0,0.0,,,,,,,
2026-09-05T10:45:22Z,dw,1,46,55,0,0,0.0,,,,,,,
2026-09-05T10:45:22Z,ap,0,0,0,0,0,,,,,,,,
2026-09-05T10:45:22Z,lemonde,1,36,55,0,0,0.0,,,,,,,
2026-09-05T10:45:22Z,lefigaro,1,194,55,0,0,0.0,,,,,,,
2026-09-05T10:45:22Z,spiegel,1,166,55,0,0,0.0,,,,,,,
2026-09-05T10:45:22Z,bild,1,183,55,0,0,0.0,,,,,,,
2026-09-05T10:45:22Z,elpais,0,0,0,0,0,,,,,,,,
2026-09-05T10:45:22Z,corriere,1,240,55,0,0,0.0,,,,,,,
2026-09-05T10:45:22Z,cbc,1,27,55,0,0,0.0,,,,,,,
2026-09-05T10:45:22Z,abcau,1,77,55,0,0,0.0,,,,,,,
2026-09-05T11:45:22Z,nyt,1,36,55,0,0,0.0,,,,,,,
2026-09-05T11:45:22Z,usatoday,1,26,55,0,0,0.0,,,,,,,
2026-09-05T11:45:22Z,nypost,1,171,55,1,1,0.01818,1.0,,,,,,
2026-09-05T11:45:22Z,cnn,1,47,55,0,0,0.0,,,,,,,
2026-09-05T11:45:22Z,foxnews,1,124,55,0,0,0.0,,,,,,,
2026-09-05T11:45:22Z,nbcnews,1,53,55,0,0,0.0,,,,,,,
2026-09-05T11:45:22Z,newsweek,1,78,55,0,0,0.0,,,,,,,
2026-09-05T11:45:22Z,bbc,1,29,55,0,0,0.0,,,,,,,
2026-09-05T11:45:22Z,guardian,1,44,55,2,15,0.27273,-0.667,,,,,,
2026-09-05T11:45:22Z,thetimes,1,91,55,0,0,0.0,,,,,,,
2026-09-05T11:45:22Z,dailymail,1,379,55,0,0,0.0,,,,,,,
2026-09-05T11:45:22Z,dw,1,46,55,0,0,0.0,,,,,,,
2026-09-05T11:45:22Z,ap,0,0,0,0,0,,,,,,,,
2026-09-05T11:45:22Z,lemonde,1,36,55,0,0,0.0,,,,,,,
2026-09-05T11:45:22Z,lefigaro,1,196,55,0,0,0.0,,,,,,,
2026-09-05T11:45:22Z,spiegel,1,164,55,0,0,0.0,,,,,,,
2026-09-05T11:45:22Z,bild,1,178,55,0,0,0.0,,,,,,,
2026-09-05T11:45:22Z,elpais,0,0,0,0,0,,,,,,,,
2026-09-05T11:45:22Z,corriere,1,244,55,0,0,0.0,,,,,,,
2026-09-05T11:45:22Z,cbc,1,27,55,0,0,0.0,,,,,,,
2026-09-05T11:45:22Z,abcau,1,78,55,0,0,0.0,,,,,,,
2026-09-05T12:45:23Z,nyt,1,36,55,0,0,0.0,,,,,,,
2026-09-05T12:45:23Z,usatoday,1,26,55,0,0,0.0,,,,,,,
2026-09-05T12:45:23Z,nypost,1,125,55,0,0,0.0,,,,,,,
2026-09-05T12:45:23Z,cnn,1,48,55,0,0,0.0,,,,,,,
2026-09-05T12:45:23Z,foxnews,1,123,55,0,0,0.0,,,,,,,
2026-09-05T12:45:23Z,nbcnews,1,54,55,0,0,0.0,,,,,,,
2026-09-05T12:45:23Z,newsweek,1,78,55,0,0,0.0,,,,,,,
2026-09-05T12:45:23Z,bbc,1,29,55,0,0,0.0,,,,,,,
2026-09-05T12:45:23Z,guardian,1,44,55,2,15,0.27273,-0.667,,,,,,
2026-09-05T12:45:23Z,thetimes,1,91,55,0,0,0.0,,,,,,,
2026-09-05T12:45:23Z,dailymail,1,392,55,0,0,0.0,,,,,,,
2026-09-05T12:45:23Z,dw,1,43,55,0,0,0.0,,,,,,,
2026-09-05T12:45:23Z,ap,0,0,0,0,0,,,,,,,,
2026-09-05T12:45:23Z,lemonde,1,35,55,0,0,0.0,,,,,,,
2026-09-05T12:45:23Z,lefigaro,1,197,55,0,0,0.0,,,,,,,
2026-09-05T12:45:23Z,spiegel,1,168,55,0,0,0.0,,,,,,,
2026-09-05T12:45:23Z,bild,1,180,55,0,0,0.0,,,,,,,
2026-09-05T12:45:23Z,elpais,0,0,0,0,0,,,,,,,,
2026-09-05T12:45:23Z,corriere,1,241,55,0,0,0.0,,,,,,,
2026-09-05T12:45:23Z,cbc,1,31,55,0,0,0.0,,,,,,,
2026-09-05T12:45:23Z,abcau,1,79,55,0,0,0.0,,,,,,,
2026-09-05T13:00:56Z,nyt,1,35,55,0,0,0.0,,,,,,,
2026-09-05T13:00:56Z,usatoday,1,26,55,0,0,0.0,,,,,,,
2026-09-05T13:00:56Z,nypost,1,170,55,1,3,0.05455,1.0,,,,,,
2026-09-05T13:00:56Z,cnn,1,48,55,0,0,0.0,,,,,,,
2026-09-05T13:00:56Z,foxnews,1,124,55,0,0,0.0,,,,,,,
2026-09-05T13:00:56Z,nbcnews,1,54,55,0,0,0.0,,,,,,,
2026-09-05T13:00:56Z,newsweek,1,78,55,0,0,0.0,,,,,,,
2026-09-05T13:00:56Z,bbc,1,29,55,0,0,0.0,,,,,,,
2026-09-05T13:00:56Z,guardian,1,45,55,2,15,0.27273,-0.667,,,,,,
2026-09-05T13:00:56Z,thetimes,1,0,0,0,0,,,,,,,,
2026-09-05T13:00:56Z,dailymail,1,391,55,0,0,0.0,,,,,,,
2026-09-05T13:00:56Z,dw,1,42,55,0,0,0.0,,,,,,,
2026-09-05T13:00:56Z,ap,0,0,0,0,0,,,,,,,,
2026-09-05T13:00:56Z,lemonde,1,36,55,0,0,0.0,,,,,,,
2026-09-05T13:00:56Z,lefigaro,1,197,55,0,0,0.0,,,,,,,
2026-09-05T13:00:56Z,spiegel,1,167,55,0,0,0.0,,,,,,,
2026-09-05T13:00:56Z,bild,1,181,55,0,0,0.0,,,,,,,
2026-09-05T13:00:56Z,elpais,0,0,0,0,0,,,,,,,,
2026-09-05T13:00:56Z,corriere,1,242,55,0,0,0.0,,,,,,,
2026-09-05T13:00:56Z,cbc,1,31,55,0,0,0.0,,,,,,,
2026-09-05T13:00:56Z,abcau,1,79,55,0,0,0.0,,,,,,,
2026-09-05T13:45:24Z,nyt,1,34,55,0,0,0.0,,,,,,,
2026-09-05T13:45:24Z,usatoday,1,26,55,0,0,0.0,,,,,,,
2026-09-05T13:45:24Z,nypost,1,167,55,1,1,0.01818,1.0,,,,,,
2026-09-05T13:45:24Z,cnn,1,48,55,0,0,0.0,,,,,,,
2026-09-05T13:45:24Z,foxnews,1,127,55,0,0,0.0,,,,,,,
2026-09-05T13:45:24Z,nbcnews,1,55,55,0,0,0.0,,,,,,,
2026-09-05T13:45:24Z,newsweek,1,78,55,0,0,0.0,,,,,,,
2026-09-05T13:45:24Z,bbc,1,31,55,0,0,0.0,,,,,,,
2026-09-05T13:45:24Z,guardian,1,47,55,2,15,0.27273,-0.667,,,,,,
2026-09-05T13:45:24Z,thetimes,1,91,55,0,0,0.0,,,,,,,
2026-09-05T13:45:24Z,dailymail,1,401,55,0,0,0.0,,,,,,,
2026-09-05T13:45:24Z,dw,1,41,55,0,0,0.0,,,,,,,
2026-09-05T13:45:24Z,ap,0,0,0,0,0,,,,,,,,
2026-09-05T13:45:24Z,lemonde,1,36,55,0,0,0.0,,,,,,,
2026-09-05T13:45:24Z,lefigaro,1,194,55,0,0,0.0,,,,,,,
2026-09-05T13:45:24Z,spiegel,1,167,55,0,0,0.0,,,,,,,
2026-09-05T13:45:24Z,bild,1,183,55,0,0,0.0,,,,,,,
2026-09-05T13:45:24Z,elpais,0,0,0,0,0,,,,,,,,
2026-09-05T13:45:24Z,corriere,1,243,55,0,0,0.0,,,,,,,
2026-09-05T13:45:24Z,cbc,1,30,55,0,0,0.0,,,,,,,
2026-09-05T13:45:24Z,abcau,1,80,55,1,1,0.01818,1.0,,,,,,
2026-09-05T13:50:55Z,nyt,1,34,55,0,0,0.0,,,,,,,
2026-09-05T13:50:55Z,usatoday,1,26,55,0,0,0.0,,,,,,,
2026-09-05T13:50:55Z,nypost,1,167,55,0,0,0.0,,,,,,,
2026-09-05T13:50:55Z,cnn,1,48,55,0,0,0.0,,,,,,,
2026-09-05T13:50:55Z,foxnews,1,126,55,0,0,0.0,,,,,,,
2026-09-05T13:50:55Z,nbcnews,1,54,55,0,0,0.0,,,,,,,
2026-09-05T13:50:55Z,newsweek,1,78,55,0,0,0.0,,,,,,,
2026-09-05T13:50:55Z,bbc,1,31,55,0,0,0.0,,,,,,,
2026-09-05T13:50:55Z,guardian,1,45,55,2,15,0.27273,-0.667,,,,,,
2026-09-05T13:50:55Z,thetimes,1,91,55,0,0,0.0,,,,,,,
2026-09-05T13:50:55Z,dailymail,1,401,55,0,0,0.0,,,,,,,
2026-09-05T13:50:55Z,dw,1,41,55,0,0,0.0,,,,,,,
2026-09-05T13:50:55Z,ap,0,0,0,0,0,,,,,,,,
2026-09-05T13:50:55Z,lemonde,1,36,55,0,0,0.0,,,,,,,
2026-09-05T13:50:55Z,lefigaro,1,194,55,0,0,0.0,,,,,,,
2026-09-05T13:50:55Z,spiegel,1,167,55,0,0,0.0,,,,,,,
2026-09-05T13:50:55Z,bild,1,183,55,0,0,0.0,,,,,,,
2026-09-05T13:50:55Z,elpais,1,102,55,0,0,0.0,,,,,,,
2026-09-05T13:50:55Z,corriere,1,243,55,0,0,0.0,,,,,,,
2026-09-05T13:50:55Z,cbc,1,30,55,0,0,0.0,,,,,,,
2026-09-05T13:50:55Z,abcau,1,80,55,1,1,0.01818,1.0,,,,,,
2026-09-05T14:45:24Z,nyt,1,33,55,0,0,0.0,,,,,,,
2026-09-05T14:45:24Z,usatoday,1,26,55,0,0,0.0,,,,,,,
2026-09-05T14:45:24Z,nypost,1,128,55,0,0,0.0,,,,,,,
2026-09-05T14:45:24Z,cnn,1,50,55,0,0,0.0,,,,,,,
2026-09-05T14:45:24Z,foxnews,1,127,55,0,0,0.0,,,,,,,
2026-09-05T14:45:24Z,nbcnews,1,53,55,0,0,0.0,,,,,,,
2026-09-05T14:45:24Z,newsweek,1,78,55,0,0,0.0,,,,,,,
2026-09-05T14:45:24Z,bbc,1,29,55,0,0,0.0,,,,,,,
2026-09-05T14:45:24Z,guardian,1,46,55,2,15,0.27273,-0.667,,,,,,
2026-09-05T14:45:24Z,thetimes,1,92,55,0,0,0.0,,,,,,,
2026-09-05T14:45:24Z,dailymail,1,397,55,0,0,0.0,,,,,,,
2026-09-05T14:45:24Z,dw,1,41,55,0,0,0.0,,,,,,,
2026-09-05T14:45:24Z,ap,0,0,0,0,0,,,,,,,,
2026-09-05T14:45:24Z,lemonde,1,36,55,0,0,0.0,,,,,,,
2026-09-05T14:45:24Z,lefigaro,1,202,55,0,0,0.0,,,,,,,
2026-09-05T14:45:24Z,spiegel,1,169,55,0,0,0.0,,,,,,,
2026-09-05T14:45:24Z,bild,1,185,55,0,0,0.0,,,,,,,
2026-09-05T14:45:24Z,elpais,0,0,0,0,0,,,,,,,,
2026-09-05T14:45:24Z,corriere,1,242,55,0,0,0.0,,,,,,,
2026-09-05T14:45:24Z,cbc,1,30,55,0,0,0.0,,,,,,,
2026-09-05T14:45:24Z,abcau,1,79,55,1,1,0.01818,1.0,,,,,,
2026-09-05T15:45:24Z,nyt,1,34,55,0,0,0.0,,,,,,,
2026-09-05T15:45:24Z,usatoday,1,26,55,0,0,0.0,,,,,,,
2026-09-05T15:45:24Z,nypost,1,163,55,0,0,0.0,,,,,,,
2026-09-05T15:45:24Z,cnn,1,50,55,0,0,0.0,,,,,,,
2026-09-05T15:45:24Z,foxnews,1,127,55,0,0,0.0,,,,,,,
2026-09-05T15:45:24Z,nbcnews,1,52,55,0,0,0.0,,,,,,,
2026-09-05T15:45:24Z,newsweek,1,78,55,0,0,0.0,,,,,,,
2026-09-05T15:45:24Z,bbc,1,29,55,0,0,0.0,,,,,,,
2026-09-05T15:45:24Z,guardian,1,42,55,2,15,0.27273,-0.667,,,,,,
2026-09-05T15:45:24Z,thetimes,1,0,0,0,0,,,,,,,,
2026-09-05T15:45:24Z,dailymail,1,399,55,0,0,0.0,,,,,,,
2026-09-05T15:45:24Z,dw,1,40,55,0,0,0.0,,,,,,,
2026-09-05T15:45:24Z,ap,0,0,0,0,0,,,,,,,,
2026-09-05T15:45:24Z,lemonde,1,35,55,0,0,0.0,,,,,,,
2026-09-05T15:45:24Z,lefigaro,1,198,55,0,0,0.0,,,,,,,
2026-09-05T15:45:24Z,spiegel,1,171,55,0,0,0.0,,,,,,,
2026-09-05T15:45:24Z,bild,1,186,55,0,0,0.0,,,,,,,
2026-09-05T15:45:24Z,elpais,0,0,0,0,0,,,,,,,,
2026-09-05T15:45:24Z,corriere,1,240,55,0,0,0.0,,,,,,,
2026-09-05T15:45:24Z,cbc,1,30,55,0,0,0.0,,,,,,,
2026-09-05T15:45:24Z,abcau,1,79,55,1,1,0.01818,1.0,,,,,,
2026-09-05T16:13:49Z,nyt,1,34,55,0,0,0.0,,,,,,,
2026-09-05T16:13:49Z,usatoday,1,26,55,0,0,0.0,,,,,,,
2026-09-05T16:13:49Z,nypost,1,124,55,0,0,0.0,,,,,,,
2026-09-05T16:13:49Z,cnn,1,50,55,0,0,0.0,,,,,,,
2026-09-05T16:13:49Z,foxnews,1,126,55,0,0,0.0,,,,,,,
2026-09-05T16:13:49Z,nbcnews,1,53,55,0,0,0.0,,,,,,,
2026-09-05T16:13:49Z,newsweek,1,78,55,0,0,0.0,,,,,,,
2026-09-05T16:13:49Z,bbc,1,29,55,0,0,0.0,,,,,,,
2026-09-05T16:13:49Z,guardian,1,40,55,2,15,0.27273,-0.667,,,,,,
2026-09-05T16:13:49Z,thetimes,1,92,55,0,0,0.0,,,,,,,
2026-09-05T16:13:49Z,dailymail,1,402,55,0,0,0.0,,,,,,,
2026-09-05T16:13:49Z,dw,1,40,55,0,0,0.0,,,,,,,
2026-09-05T16:13:49Z,ap,0,0,0,0,0,,,,,,,,
2026-09-05T16:13:49Z,lemonde,1,35,55,0,0,0.0,,,,,,,
2026-09-05T16:13:49Z,lefigaro,1,199,55,0,0,0.0,,,,,,,
2026-09-05T16:13:49Z,spiegel,1,172,55,0,0,0.0,,,,,,,
2026-09-05T16:13:49Z,bild,1,185,55,0,0,0.0,,,,,,,
2026-09-05T16:13:49Z,elpais,0,0,0,0,0,,,,,,,,
2026-09-05T16:13:49Z,corriere,1,239,55,0,0,0.0,,,,,,,
2026-09-05T16:13:49Z,cbc,1,30,55,0,0,0.0,,,,,,,
2026-09-05T16:13:49Z,abcau,1,79,55,1,1,0.01818,1.0,,,,,,
2026-09-05T16:45:22Z,nyt,1,34,55,0,0,0.0,,,,,,,
2026-09-05T16:45:22Z,usatoday,1,26,55,0,0,0.0,,,,,,,
2026-09-05T16:45:22Z,nypost,1,167,55,0,0,0.0,,,,,,,
2026-09-05T16:45:22Z,cnn,1,50,55,0,0,0.0,,,,,,,
2026-09-05T16:45:22Z,foxnews,1,126,55,1,1,0.01818,0.0,,,,,,
2026-09-05T16:45:22Z,nbcnews,1,53,55,0,0,0.0,,,,,,,
2026-09-05T16:45:22Z,newsweek,1,78,55,0,0,0.0,,,,,,,
2026-09-05T16:45:22Z,bbc,1,30,55,0,0,0.0,,,,,,,
2026-09-05T16:45:22Z,guardian,1,42,55,2,15,0.27273,-0.667,,,,,,
2026-09-05T16:45:22Z,thetimes,1,92,55,0,0,0.0,,,,,,,
2026-09-05T16:45:22Z,dailymail,1,399,55,0,0,0.0,,,,,,,
2026-09-05T16:45:22Z,dw,1,40,55,0,0,0.0,,,,,,,
2026-09-05T16:45:22Z,ap,0,0,0,0,0,,,,,,,,
2026-09-05T16:45:22Z,lemonde,1,35,55,0,0,0.0,,,,,,,
2026-09-05T16:45:22Z,lefigaro,1,198,55,0,0,0.0,,,,,,,
2026-09-05T16:45:22Z,spiegel,1,171,55,0,0,0.0,,,,,,,
2026-09-05T16:45:22Z,bild,1,183,55,0,0,0.0,,,,,,,
2026-09-05T16:45:22Z,elpais,0,0,0,0,0,,,,,,,,
2026-09-05T16:45:22Z,corriere,1,232,55,0,0,0.0,,,,,,,
2026-09-05T16:45:22Z,cbc,1,30,55,0,0,0.0,,,,,,,
2026-09-05T16:45:22Z,abcau,1,79,55,1,1,0.01818,1.0,,,,,,
2026-09-05T16:47:54Z,nyt,1,34,55,0,0,0.0,,,,,,,
2026-09-05T16:47:54Z,usatoday,1,26,55,0,0,0.0,,,,,,,
2026-09-05T16:47:54Z,nypost,1,167,55,0,0,0.0,,,,,,,
2026-09-05T16:47:54Z,cnn,1,50,55,0,0,0.0,,,,,,,
2026-09-05T16:47:54Z,foxnews,1,126,55,1,1,0.01818,0.0,,,,,,
2026-09-05T16:47:54Z,nbcnews,1,53,55,0,0,0.0,,,,,,,
2026-09-05T16:47:54Z,newsweek,1,78,55,0,0,0.0,,,,,,,
2026-09-05T16:47:54Z,bbc,1,30,55,0,0,0.0,,,,,,,
2026-09-05T16:47:54Z,guardian,1,41,55,2,15,0.27273,-0.667,,,,,,
2026-09-05T16:47:54Z,thetimes,1,92,55,0,0,0.0,,,,,,,
2026-09-05T16:47:54Z,dailymail,1,400,55,0,0,0.0,,,,,,,
2026-09-05T16:47:54Z,dw,1,40,55,0,0,0.0,,,,,,,
2026-09-05T16:47:54Z,ap,0,0,0,0,0,,,,,,,,
2026-09-05T16:47:54Z,lemonde,1,35,55,0,0,0.0,,,,,,,
2026-09-05T16:47:54Z,lefigaro,1,199,55,0,0,0.0,,,,,,,
2026-09-05T16:47:54Z,spiegel,1,171,55,0,0,0.0,,,,,,,
2026-09-05T16:47:54Z,bild,1,183,55,0,0,0.0,,,,,,,
2026-09-05T16:47:54Z,elpais,1,105,55,0,0,0.0,,,,,,,
2026-09-05T16:47:54Z,corriere,1,224,55,0,0,0.0,,,,,,,
2026-09-05T16:47:54Z,cbc,1,30,55,0,0,0.0,,,,,,,
2026-09-05T16:47:54Z,abcau,1,79,55,1,1,0.01818,1.0,,,,,,
2026-09-05T17:45:21Z,nyt,1,34,55,0,0,0.0,,,,,,,
2026-09-05T17:45:21Z,usatoday,1,26,55,0,0,0.0,,,,,,,
2026-09-05T17:45:21Z,nypost,1,171,55,0,0,0.0,,,,,,,
2026-09-05T17:45:21Z,cnn,1,50,55,0,0,0.0,,,,,,,
2026-09-05T17:45:21Z,foxnews,1,124,55,1,1,0.01818,0.0,,,,,,
2026-09-05T17:45:21Z,nbcnews,1,53,55,0,0,0.0,,,,,,,
2026-09-05T17:45:21Z,newsweek,1,78,55,0,0,0.0,,,,,,,
2026-09-05T17:45:21Z,bbc,1,30,55,0,0,0.0,,,,,,,
2026-09-05T17:45:21Z,guardian,1,39,55,2,15,0.27273,-0.667,,,,,,
2026-09-05T17:45:21Z,thetimes,1,0,0,0,0,,,,,,,,
2026-09-05T17:45:21Z,dailymail,1,403,55,0,0,0.0,,,,,,,
2026-09-05T17:45:21Z,dw,1,43,55,0,0,0.0,,,,,,,
2026-09-05T17:45:21Z,ap,0,0,0,0,0,,,,,,,,
2026-09-05T17:45:21Z,lemonde,1,34,55,0,0,0.0,,,,,,,
2026-09-05T17:45:21Z,lefigaro,1,198,55,0,0,0.0,,,,,,,
2026-09-05T17:45:21Z,spiegel,1,174,55,0,0,0.0,,,,,,,
2026-09-05T17:45:21Z,bild,1,180,55,0,0,0.0,,,,,,,
2026-09-05T17:45:21Z,elpais,0,0,0,0,0,,,,,,,,
2026-09-05T17:45:21Z,corriere,1,231,55,0,0,0.0,,,,,,,
2026-09-05T17:45:21Z,cbc,1,31,55,0,0,0.0,,,,,,,
2026-09-05T17:45:21Z,abcau,1,78,55,1,1,0.01818,1.0,,,,,,
2026-09-05T18:33:25Z,nyt,1,33,55,0,0,0.0,,,,,,,
2026-09-05T18:33:25Z,usatoday,1,26,55,0,0,0.0,,,,,,,
2026-09-05T18:33:25Z,nypost,1,173,55,0,0,0.0,,,,,,,
2026-09-05T18:33:25Z,cnn,1,50,55,0,0,0.0,,,,,,,
2026-09-05T18:33:25Z,foxnews,1,125,55,0,0,0.0,,,,,,,
2026-09-05T18:33:25Z,nbcnews,1,50,55,0,0,0.0,,,,,,,
2026-09-05T18:33:25Z,newsweek,1,78,55,0,0,0.0,,,,,,,
2026-09-05T18:33:25Z,bbc,1,29,55,0,0,0.0,,,,,,,
2026-09-05T18:33:25Z,guardian,1,39,55,2,15,0.27273,-0.667,,,,,,
2026-09-05T18:33:25Z,thetimes,1,93,55,0,0,0.0,,,,,,,
2026-09-05T18:33:25Z,dailymail,1,407,55,0,0,0.0,,,,,,,
2026-09-05T18:33:25Z,dw,1,42,55,0,0,0.0,,,,,,,
2026-09-05T18:33:25Z,ap,0,0,0,0,0,,,,,,,,
2026-09-05T18:33:25Z,lemonde,1,34,55,0,0,0.0,,,,,,,
2026-09-05T18:33:25Z,lefigaro,1,191,55,0,0,0.0,,,,,,,
2026-09-05T18:33:25Z,spiegel,1,176,55,0,0,0.0,,,,,,,
2026-09-05T18:33:25Z,bild,1,182,55,0,0,0.0,,,,,,,
2026-09-05T18:33:25Z,elpais,0,0,0,0,0,,,,,,,,
2026-09-05T18:33:25Z,corriere,1,230,55,0,0,0.0,,,,,,,
2026-09-05T18:33:25Z,cbc,1,31,55,1,1,0.01818,-1.0,,,,,,
2026-09-05T18:33:25Z,abcau,1,81,55,1,1,0.01818,1.0,,,,,,
2026-09-05T18:45:25Z,nyt,1,33,55,0,0,0.0,,,,,,,
2026-09-05T18:45:25Z,usatoday,1,26,55,0,0,0.0,,,,,,,
2026-09-05T18:45:25Z,nypost,1,127,55,0,0,0.0,,,,,,,
2026-09-05T18:45:25Z,cnn,1,50,55,0,0,0.0,,,,,,,
2026-09-05T18:45:25Z,foxnews,1,123,55,0,0,0.0,,,,,,,
2026-09-05T18:45:25Z,nbcnews,1,51,55,0,0,0.0,,,,,,,
2026-09-05T18:45:25Z,newsweek,1,78,55,0,0,0.0,,,,,,,
2026-09-05T18:45:25Z,bbc,1,29,55,0,0,0.0,,,,,,,
2026-09-05T18:45:25Z,guardian,1,39,55,2,15,0.27273,-0.667,,,,,,
2026-09-05T18:45:25Z,thetimes,1,93,55,0,0,0.0,,,,,,,
2026-09-05T18:45:25Z,dailymail,1,411,55,0,0,0.0,,,,,,,
2026-09-05T18:45:25Z,dw,1,42,55,0,0,0.0,,,,,,,
2026-09-05T18:45:25Z,ap,0,0,0,0,0,,,,,,,,
2026-09-05T18:45:25Z,lemonde,1,34,55,0,0,0.0,,,,,,,
2026-09-05T18:45:25Z,lefigaro,1,191,55,0,0,0.0,,,,,,,
2026-09-05T18:45:25Z,spiegel,1,178,55,0,0,0.0,,,,,,,
2026-09-05T18:45:25Z,bild,1,182,55,0,0,0.0,,,,,,,
2026-09-05T18:45:25Z,elpais,0,0,0,0,0,,,,,,,,
2026-09-05T18:45:25Z,corriere,1,231,55,0,0,0.0,,,,,,,
2026-09-05T18:45:25Z,cbc,1,31,55,1,1,0.01818,-1.0,,,,,,
2026-09-05T18:45:25Z,abcau,1,80,55,1,1,0.01818,1.0,,,,,,
2026-09-05T19:00:41Z,nyt,1,33,55,0,0,0.0,,,,,,,
2026-09-05T19:00:41Z,usatoday,1,26,55,0,0,0.0,,,,,,,
2026-09-05T19:00:41Z,nypost,1,172,55,0,0,0.0,,,,,,,
2026-09-05T19:00:41Z,cnn,1,50,55,0,0,0.0,,,,,,,
2026-09-05T19:00:41Z,foxnews,1,125,55,1,3,0.05455,1.0,,,,,,
2026-09-05T19:00:41Z,nbcnews,1,50,55,0,0,0.0,,,,,,,
2026-09-05T19:00:41Z,newsweek,1,78,55,0,0,0.0,,,,,,,
2026-09-05T19:00:41Z,bbc,1,30,55,0,0,0.0,,,,,,,
2026-09-05T19:00:41Z,guardian,1,41,55,2,15,0.27273,-0.667,,,,,,
2026-09-05T19:00:41Z,thetimes,1,93,55,0,0,0.0,,,,,,,
2026-09-05T19:00:41Z,dailymail,1,411,55,0,0,0.0,,,,,,,
2026-09-05T19:00:41Z,dw,1,42,55,0,0,0.0,,,,,,,
2026-09-05T19:00:41Z,ap,0,0,0,0,0,,,,,,,,
2026-09-05T19:00:41Z,lemonde,1,34,55,0,0,0.0,,,,,,,
2026-09-05T19:00:41Z,lefigaro,1,191,55,0,0,0.0,,,,,,,
2026-09-05T19:00:41Z,spiegel,1,177,55,0,0,0.0,,,,,,,
2026-09-05T19:00:41Z,bild,1,182,55,0,0,0.0,,,,,,,
2026-09-05T19:00:41Z,elpais,1,105,55,0,0,0.0,,,,,,,
2026-09-05T19:00:41Z,corriere,1,233,55,0,0,0.0,,,,,,,
2026-09-05T19:00:41Z,cbc,1,31,55,1,1,0.01818,-1.0,,,,,,
2026-09-05T19:00:41Z,abcau,1,79,55,1,1,0.01818,1.0,,,,,,
2026-09-05T19:45:22Z,nyt,1,33,55,0,0,0.0,,,,,,,
2026-09-05T19:45:22Z,usatoday,1,27,55,0,0,0.0,,,,,,,
2026-09-05T19:45:22Z,nypost,1,169,55,0,0,0.0,,,,,,,
2026-09-05T19:45:22Z,cnn,1,51,55,0,0,0.0,,,,,,,
2026-09-05T19:45:22Z,foxnews,1,125,55,1,3,0.05455,1.0,,,,,,
2026-09-05T19:45:22Z,nbcnews,1,51,55,0,0,0.0,,,,,,,
2026-09-05T19:45:22Z,newsweek,1,78,55,0,0,0.0,,,,,,,
2026-09-05T19:45:22Z,bbc,1,31,55,0,0,0.0,,,,,,,
2026-09-05T19:45:22Z,guardian,1,43,55,2,15,0.27273,-0.667,,,,,,
2026-09-05T19:45:22Z,thetimes,1,93,55,0,0,0.0,,,,,,,
2026-09-05T19:45:22Z,dailymail,1,415,55,0,0,0.0,,,,,,,
2026-09-05T19:45:22Z,dw,1,42,55,0,0,0.0,,,,,,,
2026-09-05T19:45:22Z,ap,0,0,0,0,0,,,,,,,,
2026-09-05T19:45:22Z,lemonde,1,34,55,0,0,0.0,,,,,,,
2026-09-05T19:45:22Z,lefigaro,1,194,55,0,0,0.0,,,,,,,
2026-09-05T19:45:22Z,spiegel,1,171,55,0,0,0.0,,,,,,,
2026-09-05T19:45:22Z,bild,1,180,55,0,0,0.0,,,,,,,
2026-09-05T19:45:22Z,elpais,0,0,0,0,0,,,,,,,,
2026-09-05T19:45:22Z,corriere,1,231,55,0,0,0.0,,,,,,,
2026-09-05T19:45:22Z,cbc,1,31,55,1,1,0.01818,-1.0,,,,,,
2026-09-05T19:45:22Z,abcau,1,74,55,1,1,0.01818,1.0,,,,,,
2026-09-05T20:41:49Z,nyt,1,38,55,1,5,0.09091,-1.0,,,,,,
2026-09-05T20:41:49Z,usatoday,1,25,55,0,0,0.0,,,,,,,
2026-09-05T20:41:49Z,nypost,1,122,55,0,0,0.0,,,,,,,
2026-09-05T20:41:49Z,cnn,1,51,55,0,0,0.0,,,,,,,
2026-09-05T20:41:49Z,foxnews,1,125,55,1,5,0.09091,1.0,,,,,,
2026-09-05T20:41:49Z,nbcnews,1,53,55,0,0,0.0,,,,,,,
2026-09-05T20:41:49Z,newsweek,1,78,55,0,0,0.0,,,,,,,
2026-09-05T20:41:49Z,bbc,1,31,55,0,0,0.0,,,,,,,
2026-09-05T20:41:49Z,guardian,1,44,55,2,15,0.27273,-0.667,,,,,,
2026-09-05T20:41:49Z,thetimes,1,93,55,0,0,0.0,,,,,,,
2026-09-05T20:41:49Z,dailymail,1,416,55,0,0,0.0,,,,,,,
2026-09-05T20:41:49Z,dw,1,45,55,0,0,0.0,,,,,,,
2026-09-05T20:41:49Z,ap,0,0,0,0,0,,,,,,,,
2026-09-05T20:41:49Z,lemonde,1,35,55,0,0,0.0,,,,,,,
2026-09-05T20:41:49Z,lefigaro,1,188,55,0,0,0.0,,,,,,,
2026-09-05T20:41:49Z,spiegel,1,171,55,0,0,0.0,,,,,,,
2026-09-05T20:41:49Z,bild,1,181,55,0,0,0.0,,,,,,,
2026-09-05T20:41:49Z,elpais,0,0,0,0,0,,,,,,,,
2026-09-05T20:41:49Z,corriere,1,236,55,0,0,0.0,,,,,,,
2026-09-05T20:41:49Z,cbc,1,27,55,1,1,0.01818,-1.0,,,,,,
2026-09-05T20:41:49Z,abcau,1,75,55,1,1,0.01818,1.0,,,,,,
2026-09-05T20:45:23Z,nyt,1,38,55,1,5,0.09091,-1.0,,,,,,
2026-09-05T20:45:23Z,usatoday,1,25,55,0,0,0.0,,,,,,,
2026-09-05T20:45:23Z,nypost,1,169,55,0,0,0.0,,,,,,,
2026-09-05T20:45:23Z,cnn,1,51,55,0,0,0.0,,,,,,,
2026-09-05T20:45:23Z,foxnews,1,125,55,1,3,0.05455,1.0,,,,,,
2026-09-05T20:45:23Z,nbcnews,1,53,55,0,0,0.0,,,,,,,
2026-09-05T20:45:23Z,newsweek,1,78,55,0,0,0.0,,,,,,,
2026-09-05T20:45:23Z,bbc,1,31,55,0,0,0.0,,,,,,,
2026-09-05T20:45:23Z,guardian,1,44,55,2,15,0.27273,-0.667,,,,,,
2026-09-05T20:45:23Z,thetimes,1,93,55,0,0,0.0,,,,,,,
2026-09-05T20:45:23Z,dailymail,1,416,55,0,0,0.0,,,,,,,
2026-09-05T20:45:23Z,dw,1,45,55,0,0,0.0,,,,,,,
2026-09-05T20:45:23Z,ap,0,0,0,0,0,,,,,,,,
2026-09-05T20:45:23Z,lemonde,1,35,55,0,0,0.0,,,,,,,
2026-09-05T20:45:23Z,lefigaro,1,188,55,0,0,0.0,,,,,,,
2026-09-05T20:45:23Z,spiegel,1,171,55,0,0,0.0,,,,,,,
2026-09-05T20:45:23Z,bild,1,181,55,0,0,0.0,,,,,,,
2026-09-05T20:45:23Z,elpais,0,0,0,0,0,,,,,,,,
2026-09-05T20:45:23Z,corriere,1,237,55,0,0,0.0,,,,,,,
2026-09-05T20:45:23Z,cbc,1,26,55,1,1,0.01818,-1.0,,,,,,
2026-09-05T20:45:23Z,abcau,1,75,55,1,1,0.01818,1.0,,,,,,
2026-09-05T21:10:19Z,nyt,1,38,55,1,5,0.09091,-1.0,,,,,,
2026-09-05T21:10:19Z,usatoday,1,25,55,0,0,0.0,,,,,,,
2026-09-05T21:10:19Z,nypost,1,169,55,0,0,0.0,,,,,,,
2026-09-05T21:10:19Z,cnn,1,51,55,0,0,0.0,,,,,,,
2026-09-05T21:10:19Z,foxnews,1,128,55,1,5,0.09091,1.0,,,,,,
2026-09-05T21:10:19Z,nbcnews,1,54,55,0,0,0.0,,,,,,,
2026-09-05T21:10:19Z,newsweek,1,78,55,0,0,0.0,,,,,,,
2026-09-05T21:10:19Z,bbc,1,30,55,0,0,0.0,,,,,,,
2026-09-05T21:10:19Z,guardian,1,44,55,2,15,0.27273,-0.667,,,,,,
2026-09-05T21:10:19Z,thetimes,1,93,55,0,0,0.0,,,,,,,
2026-09-05T21:10:19Z,dailymail,1,416,55,0,0,0.0,,,,,,,
2026-09-05T21:10:19Z,dw,1,45,55,0,0,0.0,,,,,,,
2026-09-05T21:10:19Z,ap,0,0,0,0,0,,,,,,,,
2026-09-05T21:10:19Z,lemonde,1,34,55,0,0,0.0,,,,,,,
2026-09-05T21:10:19Z,lefigaro,1,188,55,0,0,0.0,,,,,,,
2026-09-05T21:10:19Z,spiegel,1,172,55,0,0,0.0,,,,,,,
2026-09-05T21:10:19Z,bild,1,182,55,0,0,0.0,,,,,,,
2026-09-05T21:10:19Z,elpais,0,0,0,0,0,,,,,,,,
2026-09-05T21:10:19Z,corriere,1,234,55,0,0,0.0,,,,,,,
2026-09-05T21:10:19Z,cbc,1,26,55,1,1,0.01818,-1.0,,,,,,
2026-09-05T21:10:19Z,abcau,1,72,55,1,1,0.01818,1.0,,,,,,
2026-09-05T21:45:22Z,nyt,1,38,55,1,5,0.09091,-1.0,,,,,,
2026-09-05T21:45:22Z,usatoday,1,25,55,0,0,0.0,,,,,,,
2026-09-05T21:45:22Z,nypost,1,170,55,0,0,0.0,,,,,,,
2026-09-05T21:45:22Z,cnn,1,51,55,0,0,0.0,,,,,,,
2026-09-05T21:45:22Z,foxnews,1,129,55,1,3,0.05455,1.0,,,,,,
2026-09-05T21:45:22Z,nbcnews,1,52,55,0,0,0.0,,,,,,,
2026-09-05T21:45:22Z,newsweek,1,78,55,0,0,0.0,,,,,,,
2026-09-05T21:45:22Z,bbc,1,31,55,0,0,0.0,,,,,,,
2026-09-05T21:45:22Z,guardian,1,44,55,2,15,0.27273,-0.667,,,,,,
2026-09-05T21:45:22Z,thetimes,1,93,55,0,0,0.0,,,,,,,
2026-09-05T21:45:22Z,dailymail,1,422,55,0,0,0.0,,,,,,,
2026-09-05T21:45:22Z,dw,1,45,55,0,0,0.0,,,,,,,
2026-09-05T21:45:22Z,ap,0,0,0,0,0,,,,,,,,
2026-09-05T21:45:22Z,lemonde,1,34,55,0,0,0.0,,,,,,,
2026-09-05T21:45:22Z,lefigaro,1,188,55,0,0,0.0,,,,,,,
2026-09-05T21:45:22Z,spiegel,1,171,55,0,0,0.0,,,,,,,
2026-09-05T21:45:22Z,bild,1,181,55,0,0,0.0,,,,,,,
2026-09-05T21:45:22Z,elpais,0,0,0,0,0,,,,,,,,
2026-09-05T21:45:22Z,corriere,1,227,55,0,0,0.0,,,,,,,
2026-09-05T21:45:22Z,cbc,1,26,55,1,1,0.01818,-1.0,,,,,,
2026-09-05T21:45:22Z,abcau,1,69,55,1,1,0.01818,1.0,,,,,,
2026-09-05T22:45:23Z,nyt,1,39,55,1,5,0.09091,-1.0,,,,,,
2026-09-05T22:45:23Z,usatoday,1,24,55,0,0,0.0,,,,,,,
2026-09-05T22:45:23Z,nypost,1,169,55,0,0,0.0,,,,,,,
2026-09-05T22:45:23Z,cnn,1,51,55,0,0,0.0,,,,,,,
2026-09-05T22:45:23Z,foxnews,1,128,55,1,1,0.01818,1.0,,,,,,
2026-09-05T22:45:23Z,nbcnews,1,52,55,0,0,0.0,,,,,,,
2026-09-05T22:45:23Z,newsweek,1,78,55,0,0,0.0,,,,,,,
2026-09-05T22:45:23Z,bbc,1,32,55,0,0,0.0,,,,,,,
2026-09-05T22:45:23Z,guardian,1,44,55,2,15,0.27273,-0.667,,,,,,
2026-09-05T22:45:23Z,thetimes,1,93,55,0,0,0.0,,,,,,,
2026-09-05T22:45:23Z,dailymail,1,335,55,0,0,0.0,,,,,,,
2026-09-05T22:45:23Z,dw,1,45,55,0,0,0.0,,,,,,,
2026-09-05T22:45:23Z,ap,0,0,0,0,0,,,,,,,,
2026-09-05T22:45:23Z,lemonde,1,35,55,0,0,0.0,,,,,,,
2026-09-05T22:45:23Z,lefigaro,1,190,55,0,0,0.0,,,,,,,
2026-09-05T22:45:23Z,spiegel,1,171,55,0,0,0.0,,,,,,,
2026-09-05T22:45:23Z,bild,1,181,55,0,0,0.0,,,,,,,
2026-09-05T22:45:23Z,elpais,0,0,0,0,0,,,,,,,,
2026-09-05T22:45:23Z,corriere,1,232,55,0,0,0.0,,,,,,,
2026-09-05T22:45:23Z,cbc,1,27,55,1,1,0.01818,-1.0,,,,,,
2026-09-05T22:45:23Z,abcau,1,68,55,0,0,0.0,,,,,,,
2026-09-05T23:14:39Z,nyt,1,39,55,1,5,0.09091,-1.0,,,,,,
2026-09-05T23:14:39Z,usatoday,1,25,55,0,0,0.0,,,,,,,
2026-09-05T23:14:39Z,nypost,1,168,55,0,0,0.0,,,,,,,
2026-09-05T23:14:39Z,cnn,1,50,55,0,0,0.0,,,,,,,
2026-09-05T23:14:39Z,foxnews,1,129,55,1,1,0.01818,1.0,,,,,,
2026-09-05T23:14:39Z,nbcnews,1,50,55,0,0,0.0,,,,,,,
2026-09-05T23:14:39Z,newsweek,1,78,55,0,0,0.0,,,,,,,
2026-09-05T23:14:39Z,bbc,1,32,55,0,0,0.0,,,,,,,
2026-09-05T23:14:39Z,guardian,1,44,55,2,15,0.27273,-0.667,,,,,,
2026-09-05T23:14:39Z,thetimes,1,93,55,0,0,0.0,,,,,,,
2026-09-05T23:14:39Z,dailymail,1,336,55,0,0,0.0,,,,,,,
2026-09-05T23:14:39Z,dw,1,45,55,0,0,0.0,,,,,,,
2026-09-05T23:14:39Z,ap,0,0,0,0,0,,,,,,,,
2026-09-05T23:14:39Z,lemonde,1,35,55,0,0,0.0,,,,,,,
2026-09-05T23:14:39Z,lefigaro,1,190,55,0,0,0.0,,,,,,,
2026-09-05T23:14:39Z,spiegel,1,172,55,0,0,0.0,,,,,,,
2026-09-05T23:14:39Z,bild,1,181,55,0,0,0.0,,,,,,,
2026-09-05T23:14:39Z,elpais,0,0,0,0,0,,,,,,,,
2026-09-05T23:14:39Z,corriere,1,233,55,0,0,0.0,,,,,,,
2026-09-05T23:14:39Z,cbc,1,28,55,1,1,0.01818,-1.0,,,,,,
2026-09-05T23:14:39Z,abcau,1,70,55,0,0,0.0,,,,,,,
2026-09-05T23:45:24Z,nyt,1,33,55,1,5,0.09091,-1.0,,,,,,
2026-09-05T23:45:24Z,usatoday,1,25,55,0,0,0.0,,,,,,,
2026-09-05T23:45:24Z,nypost,1,169,55,0,0,0.0,,,,,,,
2026-09-05T23:45:24Z,cnn,1,48,55,0,0,0.0,,,,,,,
2026-09-05T23:45:24Z,foxnews,1,130,55,1,1,0.01818,1.0,,,,,,
2026-09-05T23:45:24Z,nbcnews,1,49,55,0,0,0.0,,,,,,,
2026-09-05T23:45:24Z,newsweek,1,78,55,0,0,0.0,,,,,,,
2026-09-05T23:45:24Z,bbc,1,33,55,0,0,0.0,,,,,,,
2026-09-05T23:45:24Z,guardian,1,44,55,2,15,0.27273,-0.667,,,,,,
2026-09-05T23:45:24Z,thetimes,1,93,55,0,0,0.0,,,,,,,
2026-09-05T23:45:24Z,dailymail,1,336,55,0,0,0.0,,,,,,,
2026-09-05T23:45:24Z,dw,1,44,55,0,0,0.0,,,,,,,
2026-09-05T23:45:24Z,ap,0,0,0,0,0,,,,,,,,
2026-09-05T23:45:24Z,lemonde,1,34,55,0,0,0.0,,,,,,,
2026-09-05T23:45:24Z,lefigaro,1,190,55,0,0,0.0,,,,,,,
2026-09-05T23:45:24Z,spiegel,1,172,55,0,0,0.0,,,,,,,
2026-09-05T23:45:24Z,bild,1,181,55,0,0,0.0,,,,,,,
2026-09-05T23:45:24Z,elpais,0,0,0,0,0,,,,,,,,
2026-09-05T23:45:24Z,corriere,1,233,55,0,0,0.0,,,,,,,
2026-09-05T23:45:24Z,cbc,1,29,55,1,1,0.01818,-1.0,,,,,,
2026-09-05T23:45:24Z,abcau,1,71,55,0,0,0.0,,,,,,,
2026-09-05T23:50:36Z,nyt,1,33,55,1,5,0.09091,-1.0,,,,,,
2026-09-05T23:50:36Z,usatoday,1,25,55,0,0,0.0,,,,,,,
2026-09-05T23:50:36Z,nypost,1,168,55,0,0,0.0,,,,,,,
2026-09-05T23:50:36Z,cnn,1,48,55,0,0,0.0,,,,,,,
2026-09-05T23:50:36Z,foxnews,1,130,55,0,0,0.0,,,,,,,
2026-09-05T23:50:36Z,nbcnews,1,49,55,0,0,0.0,,,,,,,
2026-09-05T23:50:36Z,newsweek,1,78,55,0,0,0.0,,,,,,,
2026-09-05T23:50:36Z,bbc,1,33,55,0,0,0.0,,,,,,,
2026-09-05T23:50:36Z,guardian,1,44,55,2,15,0.27273,-0.667,,,,,,
2026-09-05T23:50:36Z,thetimes,1,93,55,0,0,0.0,,,,,,,
2026-09-05T23:50:36Z,dailymail,1,336,55,0,0,0.0,,,,,,,
2026-09-05T23:50:36Z,dw,1,44,55,0,0,0.0,,,,,,,
2026-09-05T23:50:36Z,ap,0,0,0,0,0,,,,,,,,
2026-09-05T23:50:36Z,lemonde,1,34,55,0,0,0.0,,,,,,,
2026-09-05T23:50:36Z,lefigaro,1,190,55,0,0,0.0,,,,,,,
2026-09-05T23:50:36Z,spiegel,1,172,55,0,0,0.0,,,,,,,
2026-09-05T23:50:36Z,bild,1,181,55,0,0,0.0,,,,,,,
2026-09-05T23:50:36Z,elpais,1,106,55,0,0,0.0,,,,,,,
2026-09-05T23:50:36Z,corriere,1,233,55,0,0,0.0,,,,,,,
2026-09-05T23:50:36Z,cbc,1,29,55,1,1,0.01818,-1.0,,,,,,
2026-09-05T23:50:36Z,abcau,1,71,55,0,0,0.0,,,,,,,
2026-09-06T00:45:22Z,nyt,1,33,55,1,5,0.09091,-1.0,,,,,,
2026-09-06T00:45:22Z,usatoday,1,25,55,0,0,0.0,,,,,,,
2026-09-06T00:45:22Z,nypost,1,164,55,0,0,0.0,,,,,,,
2026-09-06T00:45:22Z,cnn,1,44,55,0,0,0.0,,,,,,,
2026-09-06T00:45:22Z,foxnews,1,129,55,1,10,0.18182,0.0,,,,,,
2026-09-06T00:45:22Z,nbcnews,1,52,55,0,0,0.0,,,,,,,
2026-09-06T00:45:22Z,newsweek,1,78,55,0,0,0.0,,,,,,,
2026-09-06T00:45:22Z,bbc,1,34,55,0,0,0.0,,,,,,,
2026-09-06T00:45:22Z,guardian,1,46,55,2,15,0.27273,-0.667,,,,,,
2026-09-06T00:45:22Z,thetimes,1,93,55,0,0,0.0,,,,,,,
2026-09-06T00:45:22Z,dailymail,1,354,55,0,0,0.0,,,,,,,
2026-09-06T00:45:22Z,dw,1,44,55,0,0,0.0,,,,,,,
2026-09-06T00:45:22Z,ap,0,0,0,0,0,,,,,,,,
2026-09-06T00:45:22Z,lemonde,1,33,55,0,0,0.0,,,,,,,
2026-09-06T00:45:22Z,lefigaro,1,191,55,0,0,0.0,,,,,,,
2026-09-06T00:45:22Z,spiegel,1,172,55,0,0,0.0,,,,,,,
2026-09-06T00:45:22Z,bild,1,182,55,0,0,0.0,,,,,,,
2026-09-06T00:45:22Z,elpais,1,106,55,0,0,0.0,,,,,,,
2026-09-06T00:45:22Z,corriere,1,233,55,0,0,0.0,,,,,,,
2026-09-06T00:45:22Z,cbc,1,29,55,1,1,0.01818,-1.0,,,,,,
2026-09-06T00:45:22Z,abcau,1,74,55,0,0,0.0,,,,,,,
2026-09-06T01:18:55Z,nyt,1,34,55,1,5,0.09091,-1.0,,,,,,
2026-09-06T01:18:55Z,usatoday,1,25,55,0,0,0.0,,,,,,,
2026-09-06T01:18:55Z,nypost,1,164,55,0,0,0.0,,,,,,,
2026-09-06T01:18:55Z,cnn,1,44,55,0,0,0.0,,,,,,,
2026-09-06T01:18:55Z,foxnews,1,128,55,1,5,0.09091,0.0,,,,,,
2026-09-06T01:18:55Z,nbcnews,1,52,55,0,0,0.0,,,,,,,
2026-09-06T01:18:55Z,newsweek,1,78,55,0,0,0.0,,,,,,,
2026-09-06T01:18:55Z,bbc,1,32,55,0,0,0.0,,,,,,,
2026-09-06T01:18:55Z,guardian,1,46,55,2,15,0.27273,-0.667,,,,,,
2026-09-06T01:18:55Z,thetimes,1,93,55,0,0,0.0,,,,,,,
2026-09-06T01:18:55Z,dailymail,1,338,55,0,0,0.0,,,,,,,
2026-09-06T01:18:55Z,dw,1,44,55,0,0,0.0,,,,,,,
2026-09-06T01:18:55Z,ap,0,0,0,0,0,,,,,,,,
2026-09-06T01:18:55Z,lemonde,1,33,55,0,0,0.0,,,,,,,
2026-09-06T01:18:55Z,lefigaro,1,190,55,0,0,0.0,,,,,,,
2026-09-06T01:18:55Z,spiegel,1,172,55,0,0,0.0,,,,,,,
2026-09-06T01:18:55Z,bild,1,182,55,0,0,0.0,,,,,,,
2026-09-06T01:18:55Z,elpais,0,0,0,0,0,,,,,,,,
2026-09-06T01:18:55Z,corriere,1,233,55,0,0,0.0,,,,,,,
2026-09-06T01:18:55Z,cbc,1,29,55,1,1,0.01818,-1.0,,,,,,
2026-09-06T01:18:55Z,abcau,1,73,55,0,0,0.0,,,,,,,
2026-09-06T01:45:27Z,nyt,1,35,55,1,5,0.09091,-1.0,,,,,,
2026-09-06T01:45:27Z,usatoday,1,25,55,0,0,0.0,,,,,,,
2026-09-06T01:45:27Z,nypost,1,163,55,0,0,0.0,,,,,,,
2026-09-06T01:45:27Z,cnn,1,44,55,0,0,0.0,,,,,,,
2026-09-06T01:45:27Z,foxnews,1,129,55,1,5,0.09091,0.0,,,,,,
2026-09-06T01:45:27Z,nbcnews,1,52,55,0,0,0.0,,,,,,,
2026-09-06T01:45:27Z,newsweek,1,78,55,0,0,0.0,,,,,,,
2026-09-06T01:45:27Z,bbc,1,32,55,0,0,0.0,,,,,,,
2026-09-06T01:45:27Z,guardian,1,46,55,2,15,0.27273,-0.667,,,,,,
2026-09-06T01:45:27Z,thetimes,1,93,55,0,0,0.0,,,,,,,
2026-09-06T01:45:27Z,dailymail,1,338,55,0,0,0.0,,,,,,,
2026-09-06T01:45:27Z,dw,1,44,55,0,0,0.0,,,,,,,
2026-09-06T01:45:27Z,ap,0,0,0,0,0,,,,,,,,
2026-09-06T01:45:27Z,lemonde,1,33,55,0,0,0.0,,,,,,,
2026-09-06T01:45:27Z,lefigaro,1,190,55,0,0,0.0,,,,,,,
2026-09-06T01:45:27Z,spiegel,1,172,55,0,0,0.0,,,,,,,
2026-09-06T01:45:27Z,bild,1,182,55,0,0,0.0,,,,,,,
2026-09-06T01:45:27Z,elpais,0,0,0,0,0,,,,,,,,
2026-09-06T01:45:27Z,corriere,1,233,55,0,0,0.0,,,,,,,
2026-09-06T01:45:27Z,cbc,1,32,55,0,0,0.0,,,,,,,
2026-09-06T01:45:27Z,abcau,1,73,55,0,0,0.0,,,,,,,
2026-09-06T02:45:23Z,nyt,1,35,55,1,5,0.09091,-1.0,,,,,,
2026-09-06T02:45:23Z,usatoday,1,25,55,0,0,0.0,,,,,,,
2026-09-06T02:45:23Z,nypost,1,162,55,0,0,0.0,,,,,,,
2026-09-06T02:45:23Z,cnn,1,44,55,0,0,0.0,,,,,,,
2026-09-06T02:45:23Z,foxnews,1,129,55,1,3,0.05455,0.0,,,,,,
2026-09-06T02:45:23Z,nbcnews,1,50,55,0,0,0.0,,,,,,,
2026-09-06T02:45:23Z,newsweek,1,78,55,0,0,0.0,,,,,,,
2026-09-06T02:45:23Z,bbc,1,32,55,0,0,0.0,,,,,,,
2026-09-06T02:45:23Z,guardian,1,46,55,2,15,0.27273,-0.667,,,,,,
2026-09-06T02:45:23Z,thetimes,1,93,55,0,0,0.0,,,,,,,
2026-09-06T02:45:23Z,dailymail,1,338,55,0,0,0.0,,,,,,,
2026-09-06T02:45:23Z,dw,1,43,55,0,0,0.0,,,,,,,
2026-09-06T02:45:23Z,ap,0,0,0,0,0,,,,,,,,
2026-09-06T02:45:23Z,lemonde,1,33,55,0,0,0.0,,,,,,,
2026-09-06T02:45:23Z,lefigaro,1,190,55,0,0,0.0,,,,,,,
2026-09-06T02:45:23Z,spiegel,1,173,55,0,0,0.0,,,,,,,
2026-09-06T02:45:23Z,bild,1,170,55,0,0,0.0,,,,,,,
2026-09-06T02:45:23Z,elpais,0,0,0,0,0,,,,,,,,
2026-09-06T02:45:23Z,corriere,1,233,55,0,0,0.0,,,,,,,
2026-09-06T02:45:23Z,cbc,1,32,55,0,0,0.0,,,,,,,
2026-09-06T02:45:23Z,abcau,1,72,55,0,0,0.0,,,,,,,
2026-09-06T03:45:24Z,nyt,1,34,55,1,5,0.09091,-1.0,,,,,,
2026-09-06T03:45:24Z,usatoday,1,25,55,0,0,0.0,,,,,,,
2026-09-06T03:45:24Z,nypost,1,163,55,1,5,0.09091,0.0,,,,,,
2026-09-06T03:45:24Z,cnn,1,44,55,0,0,0.0,,,,,,,
2026-09-06T03:45:24Z,foxnews,1,129,55,1,3,0.05455,0.0,,,,,,
2026-09-06T03:45:24Z,nbcnews,1,50,55,0,0,0.0,,,,,,,
2026-09-06T03:45:24Z,newsweek,1,78,55,0,0,0.0,,,,,,,
2026-09-06T03:45:24Z,bbc,1,31,55,0,0,0.0,,,,,,,
2026-09-06T03:45:24Z,guardian,1,43,55,2,15,0.27273,-0.667,,,,,,
2026-09-06T03:45:24Z,thetimes,1,93,55,0,0,0.0,,,,,,,
2026-09-06T03:45:24Z,dailymail,1,338,55,0,0,0.0,,,,,,,
2026-09-06T03:45:24Z,dw,1,43,55,0,0,0.0,,,,,,,
2026-09-06T03:45:24Z,ap,0,0,0,0,0,,,,,,,,
2026-09-06T03:45:24Z,lemonde,1,34,55,0,0,0.0,,,,,,,
2026-09-06T03:45:24Z,lefigaro,1,190,55,0,0,0.0,,,,,,,
2026-09-06T03:45:24Z,spiegel,1,174,55,0,0,0.0,,,,,,,
2026-09-06T03:45:24Z,bild,1,170,55,0,0,0.0,,,,,,,
2026-09-06T03:45:24Z,elpais,0,0,0,0,0,,,,,,,,
2026-09-06T03:45:24Z,corriere,1,233,55,0,0,0.0,,,,,,,
2026-09-06T03:45:24Z,cbc,1,32,55,0,0,0.0,,,,,,,
2026-09-06T03:45:24Z,abcau,1,74,55,0,0,0.0,,,,,,,
2026-09-06T04:30:24Z,nyt,1,34,55,1,5,0.09091,-1.0,,,,,,
2026-09-06T04:30:24Z,usatoday,1,25,55,0,0,0.0,,,,,,,
2026-09-06T04:30:24Z,nypost,1,164,55,1,5,0.09091,0.0,,,,,,
2026-09-06T04:30:24Z,cnn,1,44,55,0,0,0.0,,,,,,,
2026-09-06T04:30:24Z,foxnews,1,129,55,1,3,0.05455,0.0,,,,,,
2026-09-06T04:30:24Z,nbcnews,1,48,55,0,0,0.0,,,,,,,
2026-09-06T04:30:24Z,newsweek,1,78,55,0,0,0.0,,,,,,,
2026-09-06T04:30:24Z,bbc,1,31,55,0,0,0.0,,,,,,,
2026-09-06T04:30:24Z,guardian,1,43,55,2,10,0.18182,-0.5,,,,,,
2026-09-06T04:30:24Z,thetimes,1,93,55,0,0,0.0,,,,,,,
2026-09-06T04:30:24Z,dailymail,1,338,55,0,0,0.0,,,,,,,
2026-09-06T04:30:24Z,dw,1,43,55,0,0,0.0,,,,,,,
2026-09-06T04:30:24Z,ap,0,0,0,0,0,,,,,,,,
2026-09-06T04:30:24Z,lemonde,1,34,55,0,0,0.0,,,,,,,
2026-09-06T04:30:24Z,lefigaro,1,194,55,0,0,0.0,,,,,,,
2026-09-06T04:30:24Z,spiegel,1,173,55,0,0,0.0,,,,,,,
2026-09-06T04:30:24Z,bild,1,170,55,0,0,0.0,,,,,,,
2026-09-06T04:30:24Z,elpais,0,0,0,0,0,,,,,,,,
2026-09-06T04:30:24Z,corriere,1,233,55,0,0,0.0,,,,,,,
2026-09-06T04:30:24Z,cbc,1,32,55,0,0,0.0,,,,,,,
2026-09-06T04:30:24Z,abcau,1,73,55,0,0,0.0,,,,,,,
2026-09-06T04:45:24Z,nyt,1,34,55,1,5,0.09091,-1.0,,,,,,
2026-09-06T04:45:24Z,usatoday,1,25,55,0,0,0.0,,,,,,,
2026-09-06T04:45:24Z,nypost,1,125,55,1,5,0.09091,0.0,,,,,,
2026-09-06T04:45:24Z,cnn,1,44,55,0,0,0.0,,,,,,,
2026-09-06T04:45:24Z,foxnews,1,129,55,1,3,0.05455,0.0,,,,,,
2026-09-06T04:45:24Z,nbcnews,1,48,55,0,0,0.0,,,,,,,
2026-09-06T04:45:24Z,newsweek,1,78,55,0,0,0.0,,,,,,,
2026-09-06T04:45:24Z,bbc,1,31,55,0,0,0.0,,,,,,,
2026-09-06T04:45:24Z,guardian,1,43,55,2,10,0.18182,-0.5,,,,,,
2026-09-06T04:45:24Z,thetimes,1,93,55,0,0,0.0,,,,,,,
2026-09-06T04:45:24Z,dailymail,1,338,55,0,0,0.0,,,,,,,
2026-09-06T04:45:24Z,dw,1,43,55,0,0,0.0,,,,,,,
2026-09-06T04:45:24Z,ap,0,0,0,0,0,,,,,,,,
2026-09-06T04:45:24Z,lemonde,1,34,55,0,0,0.0,,,,,,,
2026-09-06T04:45:24Z,lefigaro,1,194,55,0,0,0.0,,,,,,,
2026-09-06T04:45:24Z,spiegel,1,173,55,0,0,0.0,,,,,,,
2026-09-06T04:45:24Z,bild,1,170,55,0,0,0.0,,,,,,,
2026-09-06T04:45:24Z,elpais,0,0,0,0,0,,,,,,,,
2026-09-06T04:45:24Z,corriere,1,233,55,0,0,0.0,,,,,,,
2026-09-06T04:45:24Z,cbc,1,32,55,0,0,0.0,,,,,,,
2026-09-06T04:45:24Z,abcau,1,73,55,0,0,0.0,,,,,,,
2026-09-06T05:45:23Z,nyt,1,34,55,1,5,0.09091,-1.0,,,,,,
2026-09-06T05:45:23Z,usatoday,1,25,55,0,0,0.0,,,,,,,
2026-09-06T05:45:23Z,nypost,1,163,55,1,5,0.09091,0.0,,,,,,
2026-09-06T05:45:23Z,cnn,1,44,55,0,0,0.0,,,,,,,
2026-09-06T05:45:23Z,foxnews,1,129,55,1,3,0.05455,0.0,,,,,,
2026-09-06T05:45:23Z,nbcnews,1,45,55,0,0,0.0,,,,,,,
2026-09-06T05:45:23Z,newsweek,1,78,55,0,0,0.0,,,,,,,
2026-09-06T05:45:23Z,bbc,1,31,55,0,0,0.0,,,,,,,
2026-09-06T05:45:23Z,guardian,1,41,55,2,10,0.18182,-0.5,,,,,,
2026-09-06T05:45:23Z,thetimes,1,93,55,0,0,0.0,,,,,,,
2026-09-06T05:45:23Z,dailymail,1,338,55,0,0,0.0,,,,,,,
2026-09-06T05:45:23Z,dw,1,44,55,0,0,0.0,,,,,,,
2026-09-06T05:45:23Z,ap,0,0,0,0,0,,,,,,,,
2026-09-06T05:45:23Z,lemonde,1,34,55,0,0,0.0,,,,,,,
2026-09-06T05:45:23Z,lefigaro,1,190,55,1,1,0.01818,0.0,,,,,,
2026-09-06T05:45:23Z,spiegel,1,168,55,0,0,0.0,,,,,,,
2026-09-06T05:45:23Z,bild,1,172,55,0,0,0.0,,,,,,,
2026-09-06T05:45:23Z,elpais,0,0,0,0,0,,,,,,,,
2026-09-06T05:45:23Z,corriere,1,240,55,0,0,0.0,,,,,,,
2026-09-06T05:45:23Z,cbc,1,32,55,0,0,0.0,,,,,,,
2026-09-06T05:45:23Z,abcau,1,73,55,0,0,0.0,,,,,,,
2026-09-06T06:28:44Z,nyt,1,34,55,1,5,0.09091,-1.0,,,,,,
2026-09-06T06:28:44Z,usatoday,1,25,55,0,0,0.0,,,,,,,
2026-09-06T06:28:44Z,nypost,1,163,55,1,1,0.01818,0.0,,,,,,
2026-09-06T06:28:44Z,cnn,1,45,55,0,0,0.0,,,,,,,
2026-09-06T06:28:44Z,foxnews,1,129,55,1,3,0.05455,0.0,,,,,,
2026-09-06T06:28:44Z,nbcnews,1,45,55,0,0,0.0,,,,,,,
2026-09-06T06:28:44Z,newsweek,1,78,55,0,0,0.0,,,,,,,
2026-09-06T06:28:44Z,bbc,1,31,55,0,0,0.0,,,,,,,
2026-09-06T06:28:44Z,guardian,1,39,55,2,10,0.18182,-0.5,,,,,,
2026-09-06T06:28:44Z,thetimes,1,93,55,0,0,0.0,,,,,,,
2026-09-06T06:28:44Z,dailymail,1,338,55,0,0,0.0,,,,,,,
2026-09-06T06:28:44Z,dw,1,45,55,0,0,0.0,,,,,,,
2026-09-06T06:28:44Z,ap,0,0,0,0,0,,,,,,,,
2026-09-06T06:28:44Z,lemonde,1,34,55,0,0,0.0,,,,,,,
2026-09-06T06:28:44Z,lefigaro,1,188,55,1,1,0.01818,0.0,,,,,,
2026-09-06T06:28:44Z,spiegel,1,169,55,0,0,0.0,,,,,,,
2026-09-06T06:28:44Z,bild,1,170,55,0,0,0.0,,,,,,,
2026-09-06T06:28:44Z,elpais,0,0,0,0,0,,,,,,,,
2026-09-06T06:28:44Z,corriere,1,244,55,0,0,0.0,,,,,,,
2026-09-06T06:28:44Z,cbc,1,32,55,0,0,0.0,,,,,,,
2026-09-06T06:28:44Z,abcau,1,73,55,0,0,0.0,,,,,,,
2026-09-06T06:45:25Z,nyt,1,34,55,1,5,0.09091,-1.0,,,,,,
2026-09-06T06:45:25Z,usatoday,1,25,55,0,0,0.0,,,,,,,
2026-09-06T06:45:25Z,nypost,1,124,55,1,5,0.09091,0.0,,,,,,
2026-09-06T06:45:25Z,cnn,1,44,55,0,0,0.0,,,,,,,
2026-09-06T06:45:25Z,foxnews,1,129,55,1,3,0.05455,0.0,,,,,,
2026-09-06T06:45:25Z,nbcnews,1,45,55,0,0,0.0,,,,,,,
2026-09-06T06:45:25Z,newsweek,1,78,55,0,0,0.0,,,,,,,
2026-09-06T06:45:25Z,bbc,1,31,55,0,0,0.0,,,,,,,
2026-09-06T06:45:25Z,guardian,1,39,55,2,10,0.18182,-0.5,,,,,,
2026-09-06T06:45:25Z,thetimes,1,93,55,0,0,0.0,,,,,,,
2026-09-06T06:45:25Z,dailymail,1,338,55,0,0,0.0,,,,,,,
2026-09-06T06:45:25Z,dw,1,45,55,0,0,0.0,,,,,,,
2026-09-06T06:45:25Z,ap,0,0,0,0,0,,,,,,,,
2026-09-06T06:45:25Z,lemonde,1,34,55,0,0,0.0,,,,,,,
2026-09-06T06:45:25Z,lefigaro,1,187,55,0,0,0.0,,,,,,,
2026-09-06T06:45:25Z,spiegel,1,169,55,0,0,0.0,,,,,,,
2026-09-06T06:45:25Z,bild,1,171,55,0,0,0.0,,,,,,,
2026-09-06T06:45:25Z,elpais,0,0,0,0,0,,,,,,,,
2026-09-06T06:45:25Z,corriere,1,246,55,0,0,0.0,,,,,,,
2026-09-06T06:45:25Z,cbc,1,32,55,0,0,0.0,,,,,,,
2026-09-06T06:45:25Z,abcau,1,75,55,0,0,0.0,,,,,,,
2026-09-06T07:45:24Z,nyt,1,34,55,1,5,0.09091,-1.0,,,,,,
2026-09-06T07:45:24Z,usatoday,1,25,55,0,0,0.0,,,,,,,
2026-09-06T07:45:24Z,nypost,1,123,55,1,5,0.09091,0.0,,,,,,
2026-09-06T07:45:24Z,cnn,1,45,55,0,0,0.0,,,,,,,
2026-09-06T07:45:24Z,foxnews,1,129,55,1,3,0.05455,0.0,,,,,,
2026-09-06T07:45:24Z,nbcnews,1,45,55,0,0,0.0,,,,,,,
2026-09-06T07:45:24Z,newsweek,1,78,55,0,0,0.0,,,,,,,
2026-09-06T07:45:24Z,bbc,1,31,55,0,0,0.0,,,,,,,
2026-09-06T07:45:24Z,guardian,1,37,55,2,10,0.18182,-0.5,,,,,,
2026-09-06T07:45:24Z,thetimes,1,94,55,0,0,0.0,,,,,,,
2026-09-06T07:45:24Z,dailymail,1,349,55,0,0,0.0,,,,,,,
2026-09-06T07:45:24Z,dw,1,46,55,0,0,0.0,,,,,,,
2026-09-06T07:45:24Z,ap,0,0,0,0,0,,,,,,,,
2026-09-06T07:45:24Z,lemonde,1,33,55,0,0,0.0,,,,,,,
2026-09-06T07:45:24Z,lefigaro,1,192,55,0,0,0.0,,,,,,,
2026-09-06T07:45:24Z,spiegel,1,166,55,1,5,0.09091,-1.0,,,,,,
2026-09-06T07:45:24Z,bild,1,172,55,0,0,0.0,,,,,,,
2026-09-06T07:45:24Z,elpais,0,0,0,0,0,,,,,,,,
2026-09-06T07:45:24Z,corriere,1,248,55,0,0,0.0,,,,,,,
2026-09-06T07:45:24Z,cbc,1,31,55,0,0,0.0,,,,,,,
2026-09-06T07:45:24Z,abcau,1,75,55,0,0,0.0,,,,,,,
2026-09-06T08:45:26Z,nyt,1,34,55,1,5,0.09091,-1.0,,,,,,
2026-09-06T08:45:26Z,usatoday,1,25,55,0,0,0.0,,,,,,,
2026-09-06T08:45:26Z,nypost,1,162,55,0,0,0.0,,,,,,,
2026-09-06T08:45:26Z,cnn,1,45,55,0,0,0.0,,,,,,,
2026-09-06T08:45:26Z,foxnews,1,129,55,1,3,0.05455,0.0,,,,,,
2026-09-06T08:45:26Z,nbcnews,1,47,55,0,0,0.0,,,,,,,
2026-09-06T08:45:26Z,newsweek,1,78,55,0,0,0.0,,,,,,,
2026-09-06T08:45:26Z,bbc,1,32,55,0,0,0.0,,,,,,,
2026-09-06T08:45:26Z,guardian,1,38,55,2,10,0.18182,-0.5,,,,,,
2026-09-06T08:45:26Z,thetimes,1,94,55,0,0,0.0,,,,,,,
2026-09-06T08:45:26Z,dailymail,1,359,55,0,0,0.0,,,,,,,
2026-09-06T08:45:26Z,dw,1,46,55,0,0,0.0,,,,,,,
2026-09-06T08:45:26Z,ap,0,0,0,0,0,,,,,,,,
2026-09-06T08:45:26Z,lemonde,1,33,55,0,0,0.0,,,,,,,
2026-09-06T08:45:26Z,lefigaro,1,190,55,0,0,0.0,,,,,,,
2026-09-06T08:45:26Z,spiegel,1,170,55,0,0,0.0,,,,,,,
2026-09-06T08:45:26Z,bild,1,170,55,0,0,0.0,,,,,,,
2026-09-06T08:45:26Z,elpais,0,0,0,0,0,,,,,,,,
2026-09-06T08:45:26Z,corriere,1,248,55,0,0,0.0,,,,,,,
2026-09-06T08:45:26Z,cbc,1,28,55,0,0,0.0,,,,,,,
2026-09-06T08:45:26Z,abcau,1,74,55,0,0,0.0,,,,,,,
2026-09-06T09:22:16Z,nyt,1,33,55,0,0,0.0,,,,,,,
2026-09-06T09:22:16Z,usatoday,1,25,55,0,0,0.0,,,,,,,
2026-09-06T09:22:16Z,nypost,1,162,55,0,0,0.0,,,,,,,
2026-09-06T09:22:16Z,cnn,1,45,55,0,0,0.0,,,,,,,
2026-09-06T09:22:16Z,foxnews,1,129,55,1,1,0.01818,0.0,,,,,,
2026-09-06T09:22:16Z,nbcnews,1,44,55,0,0,0.0,,,,,,,
2026-09-06T09:22:16Z,newsweek,1,78,55,0,0,0.0,,,,,,,
2026-09-06T09:22:16Z,bbc,1,32,55,0,0,0.0,,,,,,,
2026-09-06T09:22:16Z,guardian,1,36,55,2,10,0.18182,-0.5,,,,,,
2026-09-06T09:22:16Z,thetimes,1,94,55,0,0,0.0,,,,,,,
2026-09-06T09:22:16Z,dailymail,1,359,55,0,0,0.0,,,,,,,
2026-09-06T09:22:16Z,dw,1,46,55,0,0,0.0,,,,,,,
2026-09-06T09:22:16Z,ap,0,0,0,0,0,,,,,,,,
2026-09-06T09:22:16Z,lemonde,1,33,55,0,0,0.0,,,,,,,
2026-09-06T09:22:16Z,lefigaro,1,194,55,0,0,0.0,,,,,,,
2026-09-06T09:22:16Z,spiegel,1,163,55,1,1,0.01818,-1.0,,,,,,
2026-09-06T09:22:16Z,bild,1,169,55,0,0,0.0,,,,,,,
2026-09-06T09:22:16Z,elpais,0,0,0,0,0,,,,,,,,
2026-09-06T09:22:16Z,corriere,1,251,55,0,0,0.0,,,,,,,
2026-09-06T09:22:16Z,cbc,1,28,55,0,0,0.0,,,,,,,
2026-09-06T09:22:16Z,abcau,1,73,55,0,0,0.0,,,,,,,
2026-09-06T09:45:25Z,nyt,1,33,55,0,0,0.0,,,,,,,
2026-09-06T09:45:25Z,usatoday,1,25,55,0,0,0.0,,,,,,,
2026-09-06T09:45:25Z,nypost,1,125,55,1,5,0.09091,0.0,,,,,,
2026-09-06T09:45:25Z,cnn,1,45,55,0,0,0.0,,,,,,,
2026-09-06T09:45:25Z,foxnews,1,129,55,1,1,0.01818,0.0,,,,,,
2026-09-06T09:45:25Z,nbcnews,1,44,55,0,0,0.0,,,,,,,
2026-09-06T09:45:25Z,newsweek,1,78,55,0,0,0.0,,,,,,,
2026-09-06T09:45:25Z,bbc,1,32,55,0,0,0.0,,,,,,,
2026-09-06T09:45:25Z,guardian,1,37,55,2,10,0.18182,-0.5,,,,,,
2026-09-06T09:45:25Z,thetimes,1,94,55,0,0,0.0,,,,,,,
2026-09-06T09:45:25Z,dailymail,1,360,55,0,0,0.0,,,,,,,
2026-09-06T09:45:25Z,dw,1,46,55,0,0,0.0,,,,,,,
2026-09-06T09:45:25Z,ap,0,0,0,0,0,,,,,,,,
2026-09-06T09:45:25Z,lemonde,1,33,55,0,0,0.0,,,,,,,
2026-09-06T09:45:25Z,lefigaro,1,195,55,0,0,0.0,,,,,,,
2026-09-06T09:45:25Z,spiegel,1,166,55,1,1,0.01818,-1.0,,,,,,
2026-09-06T09:45:25Z,bild,1,163,55,0,0,0.0,,,,,,,
2026-09-06T09:45:25Z,elpais,0,0,0,0,0,,,,,,,,
2026-09-06T09:45:25Z,corriere,1,250,55,0,0,0.0,,,,,,,
2026-09-06T09:45:25Z,cbc,1,28,55,0,0,0.0,,,,,,,
2026-09-06T09:45:25Z,abcau,1,73,55,0,0,0.0,,,,,,,
2026-09-06T10:45:27Z,nyt,1,30,55,0,0,0.0,,,,,,,
2026-09-06T10:45:27Z,usatoday,1,24,55,0,0,0.0,,,,,,,
2026-09-06T10:45:27Z,nypost,1,163,55,0,0,0.0,,,,,,,
2026-09-06T10:45:27Z,cnn,1,47,55,0,0,0.0,,,,,,,
2026-09-06T10:45:27Z,foxnews,1,125,55,1,1,0.01818,0.0,,,,,,
2026-09-06T10:45:27Z,nbcnews,1,42,55,0,0,0.0,,,,,,,
2026-09-06T10:45:27Z,newsweek,1,78,55,0,0,0.0,,,,,,,
2026-09-06T10:45:27Z,bbc,1,32,55,0,0,0.0,,,,,,,
2026-09-06T10:45:27Z,guardian,1,36,55,2,10,0.18182,-0.5,,,,,,
2026-09-06T10:45:27Z,thetimes,1,95,55,0,0,0.0,,,,,,,
2026-09-06T10:45:27Z,dailymail,1,337,55,0,0,0.0,,,,,,,
2026-09-06T10:45:27Z,dw,1,47,55,0,0,0.0,,,,,,,
2026-09-06T10:45:27Z,ap,0,0,0,0,0,,,,,,,,
2026-09-06T10:45:27Z,lemonde,1,33,55,0,0,0.0,,,,,,,
2026-09-06T10:45:27Z,lefigaro,1,190,55,0,0,0.0,,,,,,,
2026-09-06T10:45:27Z,spiegel,1,166,55,1,1,0.01818,-1.0,,,,,,
2026-09-06T10:45:27Z,bild,1,163,55,0,0,0.0,,,,,,,
2026-09-06T10:45:27Z,elpais,0,0,0,0,0,,,,,,,,
2026-09-06T10:45:27Z,corriere,1,247,55,0,0,0.0,,,,,,,
2026-09-06T10:45:27Z,cbc,1,28,55,0,0,0.0,,,,,,,
2026-09-06T10:45:27Z,abcau,1,75,55,0,0,0.0,,,,,,,
2026-09-06T11:18:59Z,nyt,1,30,55,0,0,0.0,,,,,,,
2026-09-06T11:18:59Z,usatoday,1,24,55,0,0,0.0,,,,,,,
2026-09-06T11:18:59Z,nypost,1,163,55,0,0,0.0,,,,,,,
2026-09-06T11:18:59Z,cnn,1,48,55,0,0,0.0,,,,,,,
2026-09-06T11:18:59Z,foxnews,1,126,55,0,0,0.0,,,,,,,
2026-09-06T11:18:59Z,nbcnews,1,44,55,0,0,0.0,,,,,,,
2026-09-06T11:18:59Z,newsweek,1,78,55,0,0,0.0,,,,,,,
2026-09-06T11:18:59Z,bbc,1,32,55,0,0,0.0,,,,,,,
2026-09-06T11:18:59Z,guardian,1,36,55,2,10,0.18182,-0.5,,,,,,
2026-09-06T11:18:59Z,thetimes,1,95,55,0,0,0.0,,,,,,,
2026-09-06T11:18:59Z,dailymail,1,340,55,0,0,0.0,,,,,,,
2026-09-06T11:18:59Z,dw,1,47,55,0,0,0.0,,,,,,,
2026-09-06T11:18:59Z,ap,0,0,0,0,0,,,,,,,,
2026-09-06T11:18:59Z,lemonde,1,35,55,0,0,0.0,,,,,,,
2026-09-06T11:18:59Z,lefigaro,1,183,55,0,0,0.0,,,,,,,
2026-09-06T11:18:59Z,spiegel,1,164,55,1,1,0.01818,-1.0,,,,,,
2026-09-06T11:18:59Z,bild,1,162,55,0,0,0.0,,,,,,,
2026-09-06T11:18:59Z,elpais,0,0,0,0,0,,,,,,,,
2026-09-06T11:18:59Z,corriere,1,249,55,0,0,0.0,,,,,,,
2026-09-06T11:18:59Z,cbc,1,28,55,0,0,0.0,,,,,,,
2026-09-06T11:18:59Z,abcau,1,75,55,0,0,0.0,,,,,,,
2026-09-06T11:45:24Z,nyt,1,30,55,0,0,0.0,,,,,,,
2026-09-06T11:45:24Z,usatoday,1,24,55,0,0,0.0,,,,,,,
2026-09-06T11:45:24Z,nypost,1,163,55,0,0,0.0,,,,,,,
2026-09-06T11:45:24Z,cnn,1,48,55,0,0,0.0,,,,,,,
2026-09-06T11:45:24Z,foxnews,1,127,55,0,0,0.0,,,,,,,
2026-09-06T11:45:24Z,nbcnews,1,44,55,0,0,0.0,,,,,,,
2026-09-06T11:45:24Z,newsweek,1,78,55,0,0,0.0,,,,,,,
2026-09-06T11:45:24Z,bbc,1,32,55,0,0,0.0,,,,,,,
2026-09-06T11:45:24Z,guardian,1,37,55,2,10,0.18182,-0.5,,,,,,
2026-09-06T11:45:24Z,thetimes,1,95,55,0,0,0.0,,,,,,,
2026-09-06T11:45:24Z,dailymail,1,351,55,0,0,0.0,,,,,,,
2026-09-06T11:45:24Z,dw,1,47,55,0,0,0.0,,,,,,,
2026-09-06T11:45:24Z,ap,0,0,0,0,0,,,,,,,,
2026-09-06T11:45:24Z,lemonde,1,34,55,0,0,0.0,,,,,,,
2026-09-06T11:45:24Z,lefigaro,1,183,55,0,0,0.0,,,,,,,
2026-09-06T11:45:24Z,spiegel,1,164,55,1,1,0.01818,-1.0,,,,,,
2026-09-06T11:45:24Z,bild,1,164,55,0,0,0.0,,,,,,,
2026-09-06T11:45:24Z,elpais,0,0,0,0,0,,,,,,,,
2026-09-06T11:45:24Z,corriere,1,243,55,0,0,0.0,,,,,,,
2026-09-06T11:45:24Z,cbc,1,28,55,0,0,0.0,,,,,,,
2026-09-06T11:45:24Z,abcau,1,75,55,0,0,0.0,,,,,,,
2026-09-06T12:45:24Z,nyt,1,30,55,0,0,0.0,,,,,,,
2026-09-06T12:45:24Z,usatoday,1,24,55,0,0,0.0,,,,,,,
2026-09-06T12:45:24Z,nypost,1,166,55,0,0,0.0,,,,,,,
2026-09-06T12:45:24Z,cnn,1,48,55,0,0,0.0,,,,,,,
2026-09-06T12:45:24Z,foxnews,1,126,55,0,0,0.0,,,,,,,
2026-09-06T12:45:24Z,nbcnews,1,44,55,0,0,0.0,,,,,,,
2026-09-06T12:45:24Z,newsweek,1,78,55,0,0,0.0,,,,,,,
2026-09-06T12:45:24Z,bbc,1,32,55,0,0,0.0,,,,,,,
2026-09-06T12:45:24Z,guardian,1,34,55,2,10,0.18182,-0.5,,,,,,
2026-09-06T12:45:24Z,thetimes,1,95,55,0,0,0.0,,,,,,,
2026-09-06T12:45:24Z,dailymail,1,360,55,0,0,0.0,,,,,,,
2026-09-06T12:45:24Z,dw,1,47,55,0,0,0.0,,,,,,,
2026-09-06T12:45:24Z,ap,0,0,0,0,0,,,,,,,,
2026-09-06T12:45:24Z,lemonde,1,33,55,0,0,0.0,,,,,,,
2026-09-06T12:45:24Z,lefigaro,1,192,55,0,0,0.0,,,,,,,
2026-09-06T12:45:24Z,spiegel,1,165,55,1,1,0.01818,-1.0,,,,,,
2026-09-06T12:45:24Z,bild,1,163,55,0,0,0.0,,,,,,,
2026-09-06T12:45:24Z,elpais,0,0,0,0,0,,,,,,,,
2026-09-06T12:45:24Z,corriere,1,243,55,0,0,0.0,,,,,,,
2026-09-06T12:45:24Z,cbc,1,28,55,0,0,0.0,,,,,,,
2026-09-06T12:45:24Z,abcau,1,75,55,0,0,0.0,,,,,,,
2026-09-06T13:39:02Z,nyt,1,31,55,0,0,0.0,,,,,,,
2026-09-06T13:39:02Z,usatoday,1,24,55,0,0,0.0,,,,,,,
2026-09-06T13:39:02Z,nypost,1,123,55,0,0,0.0,,,,,,,
2026-09-06T13:39:02Z,cnn,1,47,55,0,0,0.0,,,,,,,
2026-09-06T13:39:02Z,foxnews,1,129,55,0,0,0.0,,,,,,,
2026-09-06T13:39:02Z,nbcnews,1,45,55,0,0,0.0,,,,,,,
2026-09-06T13:39:02Z,newsweek,1,78,55,0,0,0.0,,,,,,,
2026-09-06T13:39:02Z,bbc,1,31,55,0,0,0.0,,,,,,,
2026-09-06T13:39:02Z,guardian,1,32,55,2,10,0.18182,-0.5,,,,,,
2026-09-06T13:39:02Z,thetimes,1,95,55,0,0,0.0,,,,,,,
2026-09-06T13:39:02Z,dailymail,1,367,55,0,0,0.0,,,,,,,
2026-09-06T13:39:02Z,dw,1,46,55,0,0,0.0,,,,,,,
2026-09-06T13:39:02Z,ap,0,0,0,0,0,,,,,,,,
2026-09-06T13:39:02Z,lemonde,1,32,55,0,0,0.0,,,,,,,
2026-09-06T13:39:02Z,lefigaro,1,191,55,0,0,0.0,,,,,,,
2026-09-06T13:39:02Z,spiegel,1,165,55,1,1,0.01818,-1.0,,,,,,
2026-09-06T13:39:02Z,bild,1,164,55,0,0,0.0,,,,,,,
2026-09-06T13:39:02Z,elpais,0,0,0,0,0,,,,,,,,
2026-09-06T13:39:02Z,corriere,1,242,55,0,0,0.0,,,,,,,
2026-09-06T13:39:02Z,cbc,1,27,55,1,3,0.05455,0.0,,,,,,
2026-09-06T13:39:02Z,abcau,1,75,55,0,0,0.0,,,,,,,
2026-09-06T13:45:24Z,nyt,1,31,55,0,0,0.0,,,,,,,
2026-09-06T13:45:24Z,usatoday,1,24,55,0,0,0.0,,,,,,,
2026-09-06T13:45:24Z,nypost,1,165,55,0,0,0.0,,,,,,,
2026-09-06T13:45:24Z,cnn,1,47,55,0,0,0.0,,,,,,,
2026-09-06T13:45:24Z,foxnews,1,128,55,0,0,0.0,,,,,,,
2026-09-06T13:45:24Z,nbcnews,1,46,55,0,0,0.0,,,,,,,
2026-09-06T13:45:24Z,newsweek,1,78,55,0,0,0.0,,,,,,,
2026-09-06T13:45:24Z,bbc,1,31,55,0,0,0.0,,,,,,,
2026-09-06T13:45:24Z,guardian,1,32,55,2,10,0.18182,-0.5,,,,,,
2026-09-06T13:45:24Z,thetimes,1,95,55,0,0,0.0,,,,,,,
2026-09-06T13:45:24Z,dailymail,1,370,55,0,0,0.0,,,,,,,
2026-09-06T13:45:24Z,dw,1,46,55,0,0,0.0,,,,,,,
2026-09-06T13:45:24Z,ap,0,0,0,0,0,,,,,,,,
2026-09-06T13:45:24Z,lemonde,1,32,55,0,0,0.0,,,,,,,
2026-09-06T13:45:24Z,lefigaro,1,191,55,0,0,0.0,,,,,,,
2026-09-06T13:45:24Z,spiegel,1,165,55,1,1,0.01818,-1.0,,,,,,
2026-09-06T13:45:24Z,bild,1,164,55,0,0,0.0,,,,,,,
2026-09-06T13:45:24Z,elpais,0,0,0,0,0,,,,,,,,
2026-09-06T13:45:24Z,corriere,1,243,55,0,0,0.0,,,,,,,
2026-09-06T13:45:24Z,cbc,1,27,55,1,3,0.05455,0.0,,,,,,
2026-09-06T13:45:24Z,abcau,1,75,55,0,0,0.0,,,,,,,
2026-09-06T14:22:49Z,nyt,1,31,55,0,0,0.0,,,,,,,
2026-09-06T14:22:49Z,usatoday,1,24,55,0,0,0.0,,,,,,,
2026-09-06T14:22:49Z,nypost,1,124,55,0,0,0.0,,,,,,,
2026-09-06T14:22:49Z,cnn,1,47,55,0,0,0.0,,,,,,,
2026-09-06T14:22:49Z,foxnews,1,127,55,0,0,0.0,,,,,,,
2026-09-06T14:22:49Z,nbcnews,1,47,55,1,1,0.01818,0.0,,,,,,
2026-09-06T14:22:49Z,newsweek,1,78,55,0,0,0.0,,,,,,,
2026-09-06T14:22:49Z,bbc,1,32,55,0,0,0.0,,,,,,,
2026-09-06T14:22:49Z,guardian,1,32,55,2,6,0.10909,-0.5,,,,,,
2026-09-06T14:22:49Z,thetimes,1,94,55,0,0,0.0,,,,,,,
2026-09-06T14:22:49Z,dailymail,1,380,55,0,0,0.0,,,,,,,
2026-09-06T14:22:49Z,dw,1,46,55,0,0,0.0,,,,,,,
2026-09-06T14:22:49Z,ap,0,0,0,0,0,,,,,,,,
2026-09-06T14:22:49Z,lemonde,1,32,55,0,0,0.0,,,,,,,
2026-09-06T14:22:49Z,lefigaro,1,194,55,0,0,0.0,,,,,,,
2026-09-06T14:22:49Z,spiegel,1,167,55,1,1,0.01818,-1.0,,,,,,
2026-09-06T14:22:49Z,bild,1,163,55,0,0,0.0,,,,,,,
2026-09-06T14:22:49Z,elpais,0,0,0,0,0,,,,,,,,
2026-09-06T14:22:49Z,corriere,1,240,55,0,0,0.0,,,,,,,
2026-09-06T14:22:49Z,cbc,1,28,55,1,1,0.01818,0.0,,,,,,
2026-09-06T14:22:49Z,abcau,1,75,55,0,0,0.0,,,,,,,
2026-09-06T14:45:23Z,nyt,1,32,55,0,0,0.0,,,,,,,
2026-09-06T14:45:23Z,usatoday,1,24,55,0,0,0.0,,,,,,,
2026-09-06T14:45:23Z,nypost,1,166,55,0,0,0.0,,,,,,,
2026-09-06T14:45:23Z,cnn,1,45,55,0,0,0.0,,,,,,,
2026-09-06T14:45:23Z,foxnews,1,125,55,0,0,0.0,,,,,,,
2026-09-06T14:45:23Z,nbcnews,1,48,55,1,1,0.01818,0.0,,,,,,
2026-09-06T14:45:23Z,newsweek,1,78,55,0,0,0.0,,,,,,,
2026-09-06T14:45:23Z,bbc,1,32,55,0,0,0.0,,,,,,,
2026-09-06T14:45:23Z,guardian,1,34,55,2,2,0.03636,-0.5,,,,,,
2026-09-06T14:45:23Z,thetimes,1,94,55,0,0,0.0,,,,,,,
2026-09-06T14:45:23Z,dailymail,1,383,55,0,0,0.0,,,,,,,
2026-09-06T14:45:23Z,dw,1,46,55,0,0,0.0,,,,,,,
2026-09-06T14:45:23Z,ap,0,0,0,0,0,,,,,,,,
2026-09-06T14:45:23Z,lemonde,1,33,55,0,0,0.0,,,,,,,
2026-09-06T14:45:23Z,lefigaro,1,195,55,0,0,0.0,,,,,,,
2026-09-06T14:45:23Z,spiegel,1,167,55,1,1,0.01818,-1.0,,,,,,
2026-09-06T14:45:23Z,bild,1,164,55,0,0,0.0,,,,,,,
2026-09-06T14:45:23Z,elpais,0,0,0,0,0,,,,,,,,
2026-09-06T14:45:23Z,corriere,1,242,55,0,0,0.0,,,,,,,
2026-09-06T14:45:23Z,cbc,1,28,55,1,1,0.01818,0.0,,,,,,
2026-09-06T14:45:23Z,abcau,1,75,55,0,0,0.0,,,,,,,
2026-09-06T15:45:20Z,nyt,1,32,55,0,0,0.0,,,,,,,
2026-09-06T15:45:20Z,usatoday,1,24,55,0,0,0.0,,,,,,,
2026-09-06T15:45:20Z,nypost,1,163,55,1,3,0.05455,1.0,,,,,,
2026-09-06T15:45:20Z,cnn,1,45,55,0,0,0.0,,,,,,,
2026-09-06T15:45:20Z,foxnews,1,126,55,0,0,0.0,,,,,,,
2026-09-06T15:45:20Z,nbcnews,1,48,55,1,1,0.01818,0.0,,,,,,
2026-09-06T15:45:20Z,newsweek,1,78,55,0,0,0.0,,,,,,,
2026-09-06T15:45:20Z,bbc,1,33,55,0,0,0.0,,,,,,,
2026-09-06T15:45:20Z,guardian,1,32,55,2,4,0.07273,-0.75,,,,,,
2026-09-06T15:45:20Z,thetimes,1,94,55,0,0,0.0,,,,,,,
2026-09-06T15:45:20Z,dailymail,1,359,55,0,0,0.0,,,,,,,
2026-09-06T15:45:20Z,dw,1,46,55,0,0,0.0,,,,,,,
2026-09-06T15:45:20Z,ap,0,0,0,0,0,,,,,,,,
2026-09-06T15:45:20Z,lemonde,1,33,55,0,0,0.0,,,,,,,
2026-09-06T15:45:20Z,lefigaro,1,200,55,0,0,0.0,,,,,,,
2026-09-06T15:45:20Z,spiegel,1,168,55,1,1,0.01818,-1.0,,,,,,
2026-09-06T15:45:20Z,bild,1,168,55,0,0,0.0,,,,,,,
2026-09-06T15:45:20Z,elpais,0,0,0,0,0,,,,,,,,
2026-09-06T15:45:20Z,corriere,1,242,55,0,0,0.0,,,,,,,
2026-09-06T15:45:20Z,cbc,1,27,55,1,1,0.01818,0.0,,,,,,
2026-09-06T15:45:20Z,abcau,1,75,55,0,0,0.0,,,,,,,
2026-09-06T16:45:22Z,nyt,1,32,55,0,0,0.0,,,,,,,
2026-09-06T16:45:22Z,usatoday,1,25,55,0,0,0.0,,,,,,,
2026-09-06T16:45:22Z,nypost,1,162,55,1,1,0.01818,1.0,,,,,,
2026-09-06T16:45:22Z,cnn,1,47,55,0,0,0.0,,,,,,,
2026-09-06T16:45:22Z,foxnews,1,125,55,0,0,0.0,,,,,,,
2026-09-06T16:45:22Z,nbcnews,1,45,55,1,1,0.01818,0.0,,,,,,
2026-09-06T16:45:22Z,newsweek,1,78,55,0,0,0.0,,,,,,,
2026-09-06T16:45:22Z,bbc,1,32,55,0,0,0.0,,,,,,,
2026-09-06T16:45:22Z,guardian,1,31,55,2,6,0.10909,-0.5,,,,,,
2026-09-06T16:45:22Z,thetimes,1,95,55,0,0,0.0,,,,,,,
2026-09-06T16:45:22Z,dailymail,1,370,55,0,0,0.0,,,,,,,
2026-09-06T16:45:22Z,dw,1,46,55,1,1,0.01818,-1.0,,,,,,
2026-09-06T16:45:22Z,ap,0,0,0,0,0,,,,,,,,
2026-09-06T16:45:22Z,lemonde,1,33,55,0,0,0.0,,,,,,,
2026-09-06T16:45:22Z,lefigaro,1,203,55,0,0,0.0,,,,,,,
2026-09-06T16:45:22Z,spiegel,1,168,55,1,1,0.01818,-1.0,,,,,,
2026-09-06T16:45:22Z,bild,1,166,55,0,0,0.0,,,,,,,
2026-09-06T16:45:22Z,elpais,1,98,55,1,3,0.05455,0.0,,,,,,
2026-09-06T16:45:22Z,corriere,1,235,55,0,0,0.0,,,,,,,
2026-09-06T16:45:22Z,cbc,1,28,55,1,1,0.01818,0.0,,,,,,
2026-09-06T16:45:22Z,abcau,1,75,55,0,0,0.0,,,,,,,
2026-09-06T16:58:38Z,nyt,1,32,55,0,0,0.0,,,,,,,
2026-09-06T16:58:38Z,usatoday,1,24,55,0,0,0.0,,,,,,,
2026-09-06T16:58:38Z,nypost,1,162,55,0,0,0.0,,,,,,,
2026-09-06T16:58:38Z,cnn,1,47,55,0,0,0.0,,,,,,,
2026-09-06T16:58:38Z,foxnews,1,126,55,0,0,0.0,,,,,,,
2026-09-06T16:58:38Z,nbcnews,1,46,55,1,1,0.01818,0.0,,,,,,
2026-09-06T16:58:38Z,newsweek,1,78,55,0,0,0.0,,,,,,,
2026-09-06T16:58:38Z,bbc,1,33,55,0,0,0.0,,,,,,,
2026-09-06T16:58:38Z,guardian,1,31,55,2,6,0.10909,-0.5,,,,,,
2026-09-06T16:58:38Z,thetimes,1,95,55,0,0,0.0,,,,,,,
2026-09-06T16:58:38Z,dailymail,1,370,55,0,0,0.0,,,,,,,
2026-09-06T16:58:38Z,dw,1,46,55,1,1,0.01818,-1.0,,,,,,
2026-09-06T16:58:38Z,ap,0,0,0,0,0,,,,,,,,
2026-09-06T16:58:38Z,lemonde,1,33,55,0,0,0.0,,,,,,,
2026-09-06T16:58:38Z,lefigaro,1,204,55,0,0,0.0,,,,,,,
2026-09-06T16:58:38Z,spiegel,1,168,55,1,1,0.01818,-1.0,,,,,,
2026-09-06T16:58:38Z,bild,1,167,55,0,0,0.0,,,,,,,
2026-09-06T16:58:38Z,elpais,0,0,0,0,0,,,,,,,,
2026-09-06T16:58:38Z,corriere,1,241,55,0,0,0.0,,,,,,,
2026-09-06T16:58:38Z,cbc,1,28,55,1,1,0.01818,0.0,,,,,,
2026-09-06T16:58:38Z,abcau,1,75,55,0,0,0.0,,,,,,,
2026-09-06T17:19:55Z,nyt,1,32,55,0,0,0.0,,,,,,,
2026-09-06T17:19:55Z,usatoday,1,24,55,0,0,0.0,,,,,,,
2026-09-06T17:19:55Z,nypost,1,124,55,0,0,0.0,,,,,,,
2026-09-06T17:19:55Z,cnn,1,47,55,0,0,0.0,,,,,,,
2026-09-06T17:19:55Z,foxnews,1,128,55,0,0,0.0,,,,,,,
2026-09-06T17:19:55Z,nbcnews,1,46,55,1,1,0.01818,0.0,,,,,,
2026-09-06T17:19:55Z,newsweek,1,78,55,0,0,0.0,,,,,,,
2026-09-06T17:19:55Z,bbc,1,33,55,0,0,0.0,,,,,,,
2026-09-06T17:19:55Z,guardian,1,29,55,0,0,0.0,,,,,,,
2026-09-06T17:19:55Z,thetimes,1,99,55,0,0,0.0,,,,,,,
2026-09-06T17:19:55Z,dailymail,1,370,55,0,0,0.0,,,,,,,
2026-09-06T17:19:55Z,dw,1,46,55,1,1,0.01818,-1.0,,,,,,
2026-09-06T17:19:55Z,ap,0,0,0,0,0,,,,,,,,
2026-09-06T17:19:55Z,lemonde,1,32,55,0,0,0.0,,,,,,,
2026-09-06T17:19:55Z,lefigaro,1,196,55,0,0,0.0,,,,,,,
2026-09-06T17:19:55Z,spiegel,1,166,55,0,0,0.0,,,,,,,
2026-09-06T17:19:55Z,bild,1,167,55,0,0,0.0,,,,,,,
2026-09-06T17:19:55Z,elpais,0,0,0,0,0,,,,,,,,
2026-09-06T17:19:55Z,corriere,1,237,55,0,0,0.0,,,,,,,
2026-09-06T17:19:55Z,cbc,1,28,55,1,1,0.01818,0.0,,,,,,
2026-09-06T17:19:55Z,abcau,1,75,55,0,0,0.0,,,,,,,
2026-09-06T17:45:22Z,nyt,1,32,55,0,0,0.0,,,,,,,
2026-09-06T17:45:22Z,usatoday,1,24,55,0,0,0.0,,,,,,,
2026-09-06T17:45:22Z,nypost,1,162,55,0,0,0.0,,,,,,,
2026-09-06T17:45:22Z,cnn,1,47,55,0,0,0.0,,,,,,,
2026-09-06T17:45:22Z,foxnews,1,130,55,1,10,0.18182,0.0,,,,,,
2026-09-06T17:45:22Z,nbcnews,1,46,55,1,1,0.01818,0.0,,,,,,
2026-09-06T17:45:22Z,newsweek,1,78,55,0,0,0.0,,,,,,,
2026-09-06T17:45:22Z,bbc,1,33,55,0,0,0.0,,,,,,,
2026-09-06T17:45:22Z,guardian,1,31,55,0,0,0.0,,,,,,,
2026-09-06T17:45:22Z,thetimes,1,98,55,0,0,0.0,,,,,,,
2026-09-06T17:45:22Z,dailymail,1,374,55,0,0,0.0,,,,,,,
2026-09-06T17:45:22Z,dw,1,46,55,1,1,0.01818,-1.0,,,,,,
2026-09-06T17:45:22Z,ap,0,0,0,0,0,,,,,,,,
2026-09-06T17:45:22Z,lemonde,1,33,55,0,0,0.0,,,,,,,
2026-09-06T17:45:22Z,lefigaro,1,196,55,0,0,0.0,,,,,,,
2026-09-06T17:45:22Z,spiegel,1,167,55,0,0,0.0,,,,,,,
2026-09-06T17:45:22Z,bild,1,168,55,0,0,0.0,,,,,,,
2026-09-06T17:45:22Z,elpais,0,0,0,0,0,,,,,,,,
2026-09-06T17:45:22Z,corriere,1,239,55,0,0,0.0,,,,,,,
2026-09-06T17:45:22Z,cbc,1,30,55,1,1,0.01818,0.0,,,,,,
2026-09-06T17:45:22Z,abcau,1,75,55,0,0,0.0,,,,,,,
2026-09-06T18:45:22Z,nyt,1,32,55,0,0,0.0,,,,,,,
2026-09-06T18:45:22Z,usatoday,1,24,55,0,0,0.0,,,,,,,
2026-09-06T18:45:22Z,nypost,1,164,55,0,0,0.0,,,,,,,
2026-09-06T18:45:22Z,cnn,1,47,55,0,0,0.0,,,,,,,
2026-09-06T18:45:22Z,foxnews,1,130,55,1,10,0.18182,0.0,,,,,,
2026-09-06T18:45:22Z,nbcnews,1,46,55,1,1,0.01818,0.0,,,,,,
2026-09-06T18:45:22Z,newsweek,1,78,55,0,0,0.0,,,,,,,
2026-09-06T18:45:22Z,bbc,1,34,55,0,0,0.0,,,,,,,
2026-09-06T18:45:22Z,guardian,1,29,55,0,0,0.0,,,,,,,
2026-09-06T18:45:22Z,thetimes,1,91,55,0,0,0.0,,,,,,,
2026-09-06T18:45:22Z,dailymail,1,381,55,0,0,0.0,,,,,,,
2026-09-06T18:45:22Z,dw,1,46,55,1,1,0.01818,-1.0,,,,,,
2026-09-06T18:45:22Z,ap,0,0,0,0,0,,,,,,,,
2026-09-06T18:45:22Z,lemonde,1,33,55,0,0,0.0,,,,,,,
2026-09-06T18:45:22Z,lefigaro,1,197,55,0,0,0.0,,,,,,,
2026-09-06T18:45:22Z,spiegel,1,168,55,0,0,0.0,,,,,,,
2026-09-06T18:45:22Z,bild,1,169,55,0,0,0.0,,,,,,,
2026-09-06T18:45:22Z,elpais,0,0,0,0,0,,,,,,,,
2026-09-06T18:45:22Z,corriere,1,242,55,0,0,0.0,,,,,,,
2026-09-06T18:45:22Z,cbc,1,32,55,0,0,0.0,,,,,,,
2026-09-06T18:45:22Z,abcau,1,78,55,0,0,0.0,,,,,,,
2026-09-06T19:06:49Z,nyt,1,30,55,0,0,0.0,,,,,,,
2026-09-06T19:06:49Z,usatoday,1,25,55,0,0,0.0,,,,,,,
2026-09-06T19:06:49Z,nypost,1,162,55,0,0,0.0,,,,,,,
2026-09-06T19:06:49Z,cnn,1,47,55,0,0,0.0,,,,,,,
2026-09-06T19:06:49Z,foxnews,1,127,55,1,5,0.09091,0.0,,,,,,
2026-09-06T19:06:49Z,nbcnews,1,46,55,1,1,0.01818,0.0,,,,,,
2026-09-06T19:06:49Z,newsweek,1,78,55,0,0,0.0,,,,,,,
2026-09-06T19:06:49Z,bbc,1,33,55,0,0,0.0,,,,,,,
2026-09-06T19:06:49Z,guardian,1,29,55,0,0,0.0,,,,,,,
2026-09-06T19:06:49Z,thetimes,1,90,55,0,0,0.0,,,,,,,
2026-09-06T19:06:49Z,dailymail,1,355,55,0,0,0.0,,,,,,,
2026-09-06T19:06:49Z,dw,1,46,55,1,1,0.01818,-1.0,,,,,,
2026-09-06T19:06:49Z,ap,0,0,0,0,0,,,,,,,,
2026-09-06T19:06:49Z,lemonde,1,33,55,0,0,0.0,,,,,,,
2026-09-06T19:06:49Z,lefigaro,1,200,55,0,0,0.0,,,,,,,
2026-09-06T19:06:49Z,spiegel,1,169,55,0,0,0.0,,,,,,,
2026-09-06T19:06:49Z,bild,1,168,55,0,0,0.0,,,,,,,
2026-09-06T19:06:49Z,elpais,0,0,0,0,0,,,,,,,,
2026-09-06T19:06:49Z,corriere,1,236,55,0,0,0.0,,,,,,,
2026-09-06T19:06:49Z,cbc,1,32,55,0,0,0.0,,,,,,,
2026-09-06T19:06:49Z,abcau,1,72,55,0,0,0.0,,,,,,,
2026-09-06T19:28:05Z,nyt,1,30,55,0,0,0.0,,,,,,,
2026-09-06T19:28:05Z,usatoday,1,25,55,0,0,0.0,,,,,,,
2026-09-06T19:28:05Z,nypost,1,162,55,0,0,0.0,,,,,,,
2026-09-06T19:28:05Z,cnn,1,47,55,0,0,0.0,,,,,,,
2026-09-06T19:28:05Z,foxnews,1,127,55,1,5,0.09091,0.0,,,,,,
2026-09-06T19:28:05Z,nbcnews,1,47,55,1,1,0.01818,0.0,,,,,,
2026-09-06T19:28:05Z,newsweek,1,78,55,0,0,0.0,,,,,,,
2026-09-06T19:28:05Z,bbc,1,34,55,0,0,0.0,,,,,,,
2026-09-06T19:28:05Z,guardian,1,29,55,0,0,0.0,,,,,,,
2026-09-06T19:28:05Z,thetimes,1,90,55,0,0,0.0,,,,,,,
2026-09-06T19:28:05Z,dailymail,1,357,55,0,0,0.0,,,,,,,
2026-09-06T19:28:05Z,dw,1,46,55,1,1,0.01818,-1.0,,,,,,
2026-09-06T19:28:05Z,ap,0,0,0,0,0,,,,,,,,
2026-09-06T19:28:05Z,lemonde,1,33,55,0,0,0.0,,,,,,,
2026-09-06T19:28:05Z,lefigaro,1,201,55,0,0,0.0,,,,,,,
2026-09-06T19:28:05Z,spiegel,1,170,55,1,1,0.01818,-1.0,,,,,,
2026-09-06T19:28:05Z,bild,1,168,55,0,0,0.0,,,,,,,
2026-09-06T19:28:05Z,elpais,0,0,0,0,0,,,,,,,,
2026-09-06T19:28:05Z,corriere,1,231,55,0,0,0.0,,,,,,,
2026-09-06T19:28:05Z,cbc,1,32,55,0,0,0.0,,,,,,,
2026-09-06T19:28:05Z,abcau,1,71,55,0,0,0.0,,,,,,,
2026-09-06T19:45:24Z,nyt,1,31,55,0,0,0.0,,,,,,,
2026-09-06T19:45:24Z,usatoday,1,25,55,0,0,0.0,,,,,,,
2026-09-06T19:45:24Z,nypost,1,162,55,0,0,0.0,,,,,,,
2026-09-06T19:45:24Z,cnn,1,47,55,0,0,0.0,,,,,,,
2026-09-06T19:45:24Z,foxnews,1,126,55,1,5,0.09091,0.0,,,,,,
2026-09-06T19:45:24Z,nbcnews,1,47,55,1,1,0.01818,0.0,,,,,,
2026-09-06T19:45:24Z,newsweek,1,78,55,0,0,0.0,,,,,,,
2026-09-06T19:45:24Z,bbc,1,33,55,0,0,0.0,,,,,,,
2026-09-06T19:45:24Z,guardian,1,28,55,0,0,0.0,,,,,,,
2026-09-06T19:45:24Z,thetimes,1,91,55,0,0,0.0,,,,,,,
2026-09-06T19:45:24Z,dailymail,1,358,55,0,0,0.0,,,,,,,
2026-09-06T19:45:24Z,dw,1,46,55,1,1,0.01818,-1.0,,,,,,
2026-09-06T19:45:24Z,ap,0,0,0,0,0,,,,,,,,
2026-09-06T19:45:24Z,lemonde,1,34,55,0,0,0.0,,,,,,,
2026-09-06T19:45:24Z,lefigaro,1,201,55,0,0,0.0,,,,,,,
2026-09-06T19:45:24Z,spiegel,1,169,55,1,1,0.01818,-1.0,,,,,,
2026-09-06T19:45:24Z,bild,1,169,55,0,0,0.0,,,,,,,
2026-09-06T19:45:24Z,elpais,0,0,0,0,0,,,,,,,,
2026-09-06T19:45:24Z,corriere,1,234,55,0,0,0.0,,,,,,,
2026-09-06T19:45:24Z,cbc,1,32,55,0,0,0.0,,,,,,,
2026-09-06T19:45:24Z,abcau,1,71,55,0,0,0.0,,,,,,,
2026-09-06T20:45:26Z,nyt,1,31,55,0,0,0.0,,,,,,,
2026-09-06T20:45:26Z,usatoday,1,25,55,0,0,0.0,,,,,,,
2026-09-06T20:45:26Z,nypost,1,161,55,0,0,0.0,,,,,,,
2026-09-06T20:45:26Z,cnn,1,47,55,0,0,0.0,,,,,,,
2026-09-06T20:45:26Z,foxnews,1,129,55,1,5,0.09091,0.0,,,,,,
2026-09-06T20:45:26Z,nbcnews,1,48,55,0,0,0.0,,,,,,,
2026-09-06T20:45:26Z,newsweek,1,78,55,0,0,0.0,,,,,,,
2026-09-06T20:45:26Z,bbc,1,32,55,0,0,0.0,,,,,,,
2026-09-06T20:45:26Z,guardian,1,29,55,0,0,0.0,,,,,,,
2026-09-06T20:45:26Z,thetimes,1,95,55,0,0,0.0,,,,,,,
2026-09-06T20:45:26Z,dailymail,1,366,55,0,0,0.0,,,,,,,
2026-09-06T20:45:26Z,dw,1,45,55,1,1,0.01818,-1.0,,,,,,
2026-09-06T20:45:26Z,ap,0,0,0,0,0,,,,,,,,
2026-09-06T20:45:26Z,lemonde,1,33,55,0,0,0.0,,,,,,,
2026-09-06T20:45:26Z,lefigaro,1,198,55,0,0,0.0,,,,,,,
2026-09-06T20:45:26Z,spiegel,1,173,55,0,0,0.0,,,,,,,
2026-09-06T20:45:26Z,bild,1,167,55,0,0,0.0,,,,,,,
2026-09-06T20:45:26Z,elpais,0,0,0,0,0,,,,,,,,
2026-09-06T20:45:26Z,corriere,1,233,55,0,0,0.0,,,,,,,
2026-09-06T20:45:26Z,cbc,1,31,55,0,0,0.0,,,,,,,
2026-09-06T20:45:26Z,abcau,1,75,55,0,0,0.0,,,,,,,
2026-09-06T21:20:33Z,nyt,1,32,55,0,0,0.0,,,,,,,
2026-09-06T21:20:33Z,usatoday,1,24,55,0,0,0.0,,,,,,,
2026-09-06T21:20:33Z,nypost,1,162,55,0,0,0.0,,,,,,,
2026-09-06T21:20:33Z,cnn,1,47,55,0,0,0.0,,,,,,,
2026-09-06T21:20:33Z,foxnews,1,130,55,1,5,0.09091,0.0,,,,,,
2026-09-06T21:20:33Z,nbcnews,1,47,55,0,0,0.0,,,,,,,
2026-09-06T21:20:33Z,newsweek,1,78,55,0,0,0.0,,,,,,,
2026-09-06T21:20:33Z,bbc,1,32,55,0,0,0.0,,,,,,,
2026-09-06T21:20:33Z,guardian,1,30,55,0,0,0.0,,,,,,,
2026-09-06T21:20:33Z,thetimes,1,95,55,0,0,0.0,,,,,,,
2026-09-06T21:20:33Z,dailymail,1,366,55,0,0,0.0,,,,,,,
2026-09-06T21:20:33Z,dw,1,44,55,1,1,0.01818,-1.0,,,,,,
2026-09-06T21:20:33Z,ap,0,0,0,0,0,,,,,,,,
2026-09-06T21:20:33Z,lemonde,1,34,55,0,0,0.0,,,,,,,
2026-09-06T21:20:33Z,lefigaro,1,197,55,0,0,0.0,,,,,,,
2026-09-06T21:20:33Z,spiegel,1,173,55,0,0,0.0,,,,,,,
2026-09-06T21:20:33Z,bild,1,174,55,0,0,0.0,,,,,,,
2026-09-06T21:20:33Z,elpais,1,102,55,1,1,0.01818,0.0,,,,,,
2026-09-06T21:20:33Z,corriere,1,238,55,0,0,0.0,,,,,,,
2026-09-06T21:20:33Z,cbc,1,31,55,0,0,0.0,,,,,,,
2026-09-06T21:20:33Z,abcau,1,70,55,0,0,0.0,,,,,,,
2026-09-06T21:40:32Z,nyt,1,31,55,0,0,0.0,,,,,,,
2026-09-06T21:40:32Z,usatoday,1,24,55,0,0,0.0,,,,,,,
2026-09-06T21:40:32Z,nypost,1,162,55,0,0,0.0,,,,,,,
2026-09-06T21:40:32Z,cnn,1,47,55,0,0,0.0,,,,,,,
2026-09-06T21:40:32Z,foxnews,1,130,55,1,5,0.09091,0.0,,,,,,
2026-09-06T21:40:32Z,nbcnews,1,47,55,0,0,0.0,,,,,,,
2026-09-06T21:40:32Z,newsweek,1,78,55,0,0,0.0,,,,,,,
2026-09-06T21:40:32Z,bbc,1,31,55,0,0,0.0,,,,,,,
2026-09-06T21:40:32Z,guardian,1,31,55,0,0,0.0,,,,,,,
2026-09-06T21:40:32Z,thetimes,1,95,55,0,0,0.0,,,,,,,
2026-09-06T21:40:32Z,dailymail,1,367,55,0,0,0.0,,,,,,,
2026-09-06T21:40:32Z,dw,1,44,55,1,1,0.01818,-1.0,,,,,,
2026-09-06T21:40:32Z,ap,0,0,0,0,0,,,,,,,,
2026-09-06T21:40:32Z,lemonde,1,35,55,0,0,0.0,,,,,,,
2026-09-06T21:40:32Z,lefigaro,1,189,55,0,0,0.0,,,,,,,
2026-09-06T21:40:32Z,spiegel,1,173,55,0,0,0.0,,,,,,,
2026-09-06T21:40:32Z,bild,1,175,55,0,0,0.0,,,,,,,
2026-09-06T21:40:32Z,elpais,0,0,0,0,0,,,,,,,,
2026-09-06T21:40:32Z,corriere,1,240,55,0,0,0.0,,,,,,,
2026-09-06T21:40:32Z,cbc,1,30,55,0,0,0.0,,,,,,,
2026-09-06T21:40:32Z,abcau,1,72,55,0,0,0.0,,,,,,,
2026-09-06T21:45:24Z,nyt,1,31,55,0,0,0.0,,,,,,,
2026-09-06T21:45:24Z,usatoday,1,24,55,0,0,0.0,,,,,,,
2026-09-06T21:45:24Z,nypost,1,122,55,0,0,0.0,,,,,,,
2026-09-06T21:45:24Z,cnn,1,47,55,0,0,0.0,,,,,,,
2026-09-06T21:45:24Z,foxnews,1,130,55,1,5,0.09091,0.0,,,,,,
2026-09-06T21:45:24Z,nbcnews,1,47,55,0,0,0.0,,,,,,,
2026-09-06T21:45:24Z,newsweek,1,78,55,0,0,0.0,,,,,,,
2026-09-06T21:45:24Z,bbc,1,31,55,0,0,0.0,,,,,,,
2026-09-06T21:45:24Z,guardian,1,31,55,0,0,0.0,,,,,,,
2026-09-06T21:45:24Z,thetimes,1,95,55,0,0,0.0,,,,,,,
2026-09-06T21:45:24Z,dailymail,1,367,55,0,0,0.0,,,,,,,
2026-09-06T21:45:24Z,dw,1,44,55,1,1,0.01818,-1.0,,,,,,
2026-09-06T21:45:24Z,ap,0,0,0,0,0,,,,,,,,
2026-09-06T21:45:24Z,lemonde,1,35,55,0,0,0.0,,,,,,,
2026-09-06T21:45:24Z,lefigaro,1,189,55,0,0,0.0,,,,,,,
2026-09-06T21:45:24Z,spiegel,1,173,55,0,0,0.0,,,,,,,
2026-09-06T21:45:24Z,bild,1,174,55,0,0,0.0,,,,,,,
2026-09-06T21:45:24Z,elpais,0,0,0,0,0,,,,,,,,
2026-09-06T21:45:24Z,corriere,1,235,55,0,0,0.0,,,,,,,
2026-09-06T21:45:24Z,cbc,1,29,55,1,1,0.01818,0.0,,,,,,
2026-09-06T21:45:24Z,abcau,1,72,55,0,0,0.0,,,,,,,
2026-09-06T22:45:22Z,nyt,1,29,55,0,0,0.0,,,,,,,
2026-09-06T22:45:22Z,usatoday,1,25,55,0,0,0.0,,,,,,,
2026-09-06T22:45:22Z,nypost,1,161,55,0,0,0.0,,,,,,,
2026-09-06T22:45:22Z,cnn,1,45,55,0,0,0.0,,,,,,,
2026-09-06T22:45:22Z,foxnews,1,130,55,1,5,0.09091,0.0,,,,,,
2026-09-06T22:45:22Z,nbcnews,1,49,55,0,0,0.0,,,,,,,
2026-09-06T22:45:22Z,newsweek,1,78,55,0,0,0.0,,,,,,,
2026-09-06T22:45:22Z,bbc,1,32,55,0,0,0.0,,,,,,,
2026-09-06T22:45:22Z,guardian,1,31,55,0,0,0.0,,,,,,,
2026-09-06T22:45:22Z,thetimes,1,95,55,0,0,0.0,,,,,,,
2026-09-06T22:45:22Z,dailymail,1,376,55,0,0,0.0,,,,,,,
2026-09-06T22:45:22Z,dw,1,44,55,1,1,0.01818,-1.0,,,,,,
2026-09-06T22:45:22Z,ap,0,0,0,0,0,,,,,,,,
2026-09-06T22:45:22Z,lemonde,1,35,55,0,0,0.0,,,,,,,
2026-09-06T22:45:22Z,lefigaro,1,192,55,0,0,0.0,,,,,,,
2026-09-06T22:45:22Z,spiegel,1,174,55,0,0,0.0,,,,,,,
2026-09-06T22:45:22Z,bild,1,173,55,0,0,0.0,,,,,,,
2026-09-06T22:45:22Z,elpais,0,0,0,0,0,,,,,,,,
2026-09-06T22:45:22Z,corriere,1,240,55,0,0,0.0,,,,,,,
2026-09-06T22:45:22Z,cbc,1,29,55,1,1,0.01818,0.0,,,,,,
2026-09-06T22:45:22Z,abcau,1,72,55,0,0,0.0,,,,,,,
2026-09-06T23:45:25Z,nyt,1,31,55,0,0,0.0,,,,,,,
2026-09-06T23:45:25Z,usatoday,1,25,55,0,0,0.0,,,,,,,
2026-09-06T23:45:25Z,nypost,1,160,55,0,0,0.0,,,,,,,
2026-09-06T23:45:25Z,cnn,1,45,55,0,0,0.0,,,,,,,
2026-09-06T23:45:25Z,foxnews,1,129,55,1,1,0.01818,0.0,,,,,,
2026-09-06T23:45:25Z,nbcnews,1,48,55,0,0,0.0,,,,,,,
2026-09-06T23:45:25Z,newsweek,1,78,55,0,0,0.0,,,,,,,
2026-09-06T23:45:25Z,bbc,1,32,55,0,0,0.0,,,,,,,
2026-09-06T23:45:25Z,guardian,1,30,55,0,0,0.0,,,,,,,
2026-09-06T23:45:25Z,thetimes,1,97,55,0,0,0.0,,,,,,,
2026-09-06T23:45:25Z,dailymail,1,290,55,0,0,0.0,,,,,,,
2026-09-06T23:45:25Z,dw,1,45,55,1,1,0.01818,-1.0,,,,,,
2026-09-06T23:45:25Z,ap,0,0,0,0,0,,,,,,,,
2026-09-06T23:45:25Z,lemonde,1,235,55,0,0,0.0,,,,,,,
2026-09-06T23:45:25Z,lefigaro,1,193,55,0,0,0.0,,,,,,,
2026-09-06T23:45:25Z,spiegel,1,174,55,0,0,0.0,,,,,,,
2026-09-06T23:45:25Z,bild,1,173,55,0,0,0.0,,,,,,,
2026-09-06T23:45:25Z,elpais,1,105,55,0,0,0.0,,,,,,,
2026-09-06T23:45:25Z,corriere,1,240,55,0,0,0.0,,,,,,,
2026-09-06T23:45:25Z,cbc,1,28,55,1,1,0.01818,0.0,,,,,,
2026-09-06T23:45:25Z,abcau,1,70,55,0,0,0.0,,,,,,,
2026-09-06T23:49:37Z,nyt,1,31,55,0,0,0.0,,,,,,,
2026-09-06T23:49:37Z,usatoday,1,25,55,0,0,0.0,,,,,,,
2026-09-06T23:49:37Z,nypost,1,161,55,0,0,0.0,,,,,,,
2026-09-06T23:49:37Z,cnn,1,45,55,0,0,0.0,,,,,,,
2026-09-06T23:49:37Z,foxnews,1,128,55,1,1,0.01818,0.0,,,,,,
2026-09-06T23:49:37Z,nbcnews,1,48,55,0,0,0.0,,,,,,,
2026-09-06T23:49:37Z,newsweek,1,78,55,0,0,0.0,,,,,,,
2026-09-06T23:49:37Z,bbc,1,32,55,0,0,0.0,,,,,,,
2026-09-06T23:49:37Z,guardian,1,30,55,0,0,0.0,,,,,,,
2026-09-06T23:49:37Z,thetimes,1,97,55,0,0,0.0,,,,,,,
2026-09-06T23:49:37Z,dailymail,1,290,55,0,0,0.0,,,,,,,
2026-09-06T23:49:37Z,dw,1,45,55,1,1,0.01818,-1.0,,,,,,
2026-09-06T23:49:37Z,ap,0,0,0,0,0,,,,,,,,
2026-09-06T23:49:37Z,lemonde,1,35,55,0,0,0.0,,,,,,,
2026-09-06T23:49:37Z,lefigaro,1,193,55,0,0,0.0,,,,,,,
2026-09-06T23:49:37Z,spiegel,1,174,55,0,0,0.0,,,,,,,
2026-09-06T23:49:37Z,bild,1,173,55,0,0,0.0,,,,,,,
2026-09-06T23:49:37Z,elpais,0,0,0,0,0,,,,,,,,
2026-09-06T23:49:37Z,corriere,1,240,55,0,0,0.0,,,,,,,
2026-09-06T23:49:37Z,cbc,1,28,55,1,1,0.01818,0.0,,,,,,
2026-09-06T23:49:37Z,abcau,1,71,55,0,0,0.0,,,,,,,
2026-09-07T00:18:57Z,nyt,1,31,55,0,0,0.0,,,,,,,
2026-09-07T00:18:57Z,usatoday,1,25,55,0,0,0.0,,,,,,,
2026-09-07T00:18:57Z,nypost,1,160,55,0,0,0.0,,,,,,,
2026-09-07T00:18:57Z,cnn,1,45,55,0,0,0.0,,,,,,,
2026-09-07T00:18:57Z,foxnews,1,130,55,1,1,0.01818,0.0,,,,,,
2026-09-07T00:18:57Z,nbcnews,1,48,55,0,0,0.0,,,,,,,
2026-09-07T00:18:57Z,newsweek,1,78,55,0,0,0.0,,,,,,,
2026-09-07T00:18:57Z,bbc,1,33,55,0,0,0.0,,,,,,,
2026-09-07T00:18:57Z,guardian,1,30,55,0,0,0.0,,,,,,,
2026-09-07T00:18:57Z,thetimes,1,97,55,0,0,0.0,,,,,,,
2026-09-07T00:18:57Z,dailymail,1,290,55,0,0,0.0,,,,,,,
2026-09-07T00:18:57Z,dw,1,45,55,1,1,0.01818,-1.0,,,,,,
2026-09-07T00:18:57Z,ap,0,0,0,0,0,,,,,,,,
2026-09-07T00:18:57Z,lemonde,1,35,55,0,0,0.0,,,,,,,
2026-09-07T00:18:57Z,lefigaro,1,193,55,0,0,0.0,,,,,,,
2026-09-07T00:18:57Z,spiegel,1,174,55,0,0,0.0,,,,,,,
2026-09-07T00:18:57Z,bild,1,174,55,0,0,0.0,,,,,,,
2026-09-07T00:18:57Z,elpais,0,0,0,0,0,,,,,,,,
2026-09-07T00:18:57Z,corriere,1,240,55,0,0,0.0,,,,,,,
2026-09-07T00:18:57Z,cbc,1,28,55,1,1,0.01818,0.0,,,,,,
2026-09-07T00:18:57Z,abcau,1,73,55,0,0,0.0,,,,,,,
2026-09-07T00:45:28Z,nyt,1,32,55,0,0,0.0,,,,,,,
2026-09-07T00:45:28Z,usatoday,1,25,55,0,0,0.0,,,,,,,
2026-09-07T00:45:28Z,nypost,1,123,55,0,0,0.0,,,,,,,
2026-09-07T00:45:28Z,cnn,1,44,55,0,0,0.0,,,,,,,
2026-09-07T00:45:28Z,foxnews,1,129,55,1,1,0.01818,0.0,,,,,,
2026-09-07T00:45:28Z,nbcnews,1,48,55,0,0,0.0,,,,,,,
2026-09-07T00:45:28Z,newsweek,1,78,55,0,0,0.0,,,,,,,
2026-09-07T00:45:28Z,bbc,1,33,55,0,0,0.0,,,,,,,
2026-09-07T00:45:28Z,guardian,1,29,55,0,0,0.0,,,,,,,
2026-09-07T00:45:28Z,thetimes,1,97,55,0,0,0.0,,,,,,,
2026-09-07T00:45:28Z,dailymail,1,292,55,0,0,0.0,,,,,,,
2026-09-07T00:45:28Z,dw,1,45,55,1,1,0.01818,-1.0,,,,,,
2026-09-07T00:45:28Z,ap,0,0,0,0,0,,,,,,,,
2026-09-07T00:45:28Z,lemonde,1,35,55,0,0,0.0,,,,,,,
2026-09-07T00:45:28Z,lefigaro,1,193,55,0,0,0.0,,,,,,,
2026-09-07T00:45:28Z,spiegel,1,175,55,0,0,0.0,,,,,,,
2026-09-07T00:45:28Z,bild,1,174,55,0,0,0.0,,,,,,,
2026-09-07T00:45:28Z,elpais,0,0,0,0,0,,,,,,,,
2026-09-07T00:45:28Z,corriere,1,240,55,0,0,0.0,,,,,,,
2026-09-07T00:45:28Z,cbc,1,28,55,1,1,0.01818,0.0,,,,,,
2026-09-07T00:45:28Z,abcau,1,73,55,0,0,0.0,,,,,,,
2026-09-07T01:45:25Z,nyt,1,32,55,0,0,0.0,,,,,,,
2026-09-07T01:45:25Z,usatoday,1,25,55,0,0,0.0,,,,,,,
2026-09-07T01:45:25Z,nypost,1,127,55,0,0,0.0,,,,,,,
2026-09-07T01:45:25Z,cnn,1,43,55,0,0,0.0,,,,,,,
2026-09-07T01:45:25Z,foxnews,1,129,55,1,1,0.01818,0.0,,,,,,
2026-09-07T01:45:25Z,nbcnews,1,48,55,0,0,0.0,,,,,,,
2026-09-07T01:45:25Z,newsweek,1,78,55,0,0,0.0,,,,,,,
2026-09-07T01:45:25Z,bbc,1,34,55,0,0,0.0,,,,,,,
2026-09-07T01:45:25Z,guardian,1,31,55,0,0,0.0,,,,,,,
2026-09-07T01:45:25Z,thetimes,1,97,55,0,0,0.0,,,,,,,
2026-09-07T01:45:25Z,dailymail,1,303,55,0,0,0.0,,,,,,,
2026-09-07T01:45:25Z,dw,1,44,55,1,1,0.01818,-1.0,,,,,,
2026-09-07T01:45:25Z,ap,0,0,0,0,0,,,,,,,,
2026-09-07T01:45:25Z,lemonde,1,34,55,0,0,0.0,,,,,,,
2026-09-07T01:45:25Z,lefigaro,1,193,55,0,0,0.0,,,,,,,
2026-09-07T01:45:25Z,spiegel,1,175,55,0,0,0.0,,,,,,,
2026-09-07T01:45:25Z,bild,1,173,55,0,0,0.0,,,,,,,
2026-09-07T01:45:25Z,elpais,0,0,0,0,0,,,,,,,,
2026-09-07T01:45:25Z,corriere,1,240,55,0,0,0.0,,,,,,,
2026-09-07T01:45:25Z,cbc,1,27,55,1,1,0.01818,0.0,,,,,,
2026-09-07T01:45:25Z,abcau,1,80,55,0,0,0.0,,,,,,,
2026-09-07T02:45:22Z,nyt,1,31,55,0,0,0.0,,,,,,,
2026-09-07T02:45:22Z,usatoday,1,25,55,1,3,0.05455,0.0,,,,,,
2026-09-07T02:45:22Z,nypost,1,161,55,0,0,0.0,,,,,,,
2026-09-07T02:45:22Z,cnn,1,43,55,0,0,0.0,,,,,,,
2026-09-07T02:45:22Z,foxnews,1,127,55,2,2,0.03636,0.5,,,,,,
2026-09-07T02:45:22Z,nbcnews,1,47,55,0,0,0.0,,,,,,,
2026-09-07T02:45:22Z,newsweek,1,78,55,0,0,0.0,,,,,,,
2026-09-07T02:45:22Z,bbc,1,34,55,0,0,0.0,,,,,,,
2026-09-07T02:45:22Z,guardian,1,30,55,0,0,0.0,,,,,,,
2026-09-07T02:45:22Z,thetimes,1,97,55,0,0,0.0,,,,,,,
2026-09-07T02:45:22Z,dailymail,1,303,55,0,0,0.0,,,,,,,
2026-09-07T02:45:22Z,dw,1,44,55,1,1,0.01818,-1.0,,,,,,
2026-09-07T02:45:22Z,ap,0,0,0,0,0,,,,,,,,
2026-09-07T02:45:22Z,lemonde,1,34,55,0,0,0.0,,,,,,,
2026-09-07T02:45:22Z,lefigaro,1,193,55,0,0,0.0,,,,,,,
2026-09-07T02:45:22Z,spiegel,1,174,55,0,0,0.0,,,,,,,
2026-09-07T02:45:22Z,bild,1,173,55,0,0,0.0,,,,,,,
2026-09-07T02:45:22Z,elpais,1,90,55,1,1,0.01818,0.0,,,,,,
2026-09-07T02:45:22Z,corriere,1,240,55,0,0,0.0,,,,,,,
2026-09-07T02:45:22Z,cbc,1,30,55,0,0,0.0,,,,,,,
2026-09-07T02:45:22Z,abcau,1,78,55,0,0,0.0,,,,,,,
2026-09-07T03:45:22Z,nyt,1,32,55,0,0,0.0,,,,,,,
2026-09-07T03:45:22Z,usatoday,1,25,55,1,3,0.05455,0.0,,,,,,
2026-09-07T03:45:22Z,nypost,1,159,55,0,0,0.0,,,,,,,
2026-09-07T03:45:22Z,cnn,1,44,55,0,0,0.0,,,,,,,
2026-09-07T03:45:22Z,foxnews,1,127,55,2,4,0.07273,0.75,,,,,,
2026-09-07T03:45:22Z,nbcnews,1,47,55,0,0,0.0,,,,,,,
2026-09-07T03:45:22Z,newsweek,1,79,55,0,0,0.0,,,,,,,
2026-09-07T03:45:22Z,bbc,1,34,55,0,0,0.0,,,,,,,
2026-09-07T03:45:22Z,guardian,1,29,55,0,0,0.0,,,,,,,
2026-09-07T03:45:22Z,thetimes,1,97,55,0,0,0.0,,,,,,,
2026-09-07T03:45:22Z,dailymail,1,303,55,0,0,0.0,,,,,,,
2026-09-07T03:45:22Z,dw,1,45,55,1,1,0.01818,-1.0,,,,,,
2026-09-07T03:45:22Z,ap,0,0,0,0,0,,,,,,,,
2026-09-07T03:45:22Z,lemonde,1,35,55,0,0,0.0,,,,,,,
2026-09-07T03:45:22Z,lefigaro,1,194,55,0,0,0.0,,,,,,,
2026-09-07T03:45:22Z,spiegel,1,169,55,0,0,0.0,,,,,,,
2026-09-07T03:45:22Z,bild,1,172,55,0,0,0.0,,,,,,,
2026-09-07T03:45:22Z,elpais,0,0,0,0,0,,,,,,,,
2026-09-07T03:45:22Z,corriere,1,240,55,0,0,0.0,,,,,,,
2026-09-07T03:45:22Z,cbc,1,30,55,0,0,0.0,,,,,,,
2026-09-07T03:45:22Z,abcau,1,77,55,0,0,0.0,,,,,,,
2026-09-07T04:30:05Z,nyt,1,28,55,0,0,0.0,,,,,,,
2026-09-07T04:30:05Z,usatoday,1,25,55,1,3,0.05455,0.0,,,,,,
2026-09-07T04:30:05Z,nypost,1,159,55,0,0,0.0,,,,,,,
2026-09-07T04:30:05Z,cnn,1,40,55,0,0,0.0,,,,,,,
2026-09-07T04:30:05Z,foxnews,1,122,55,2,4,0.07273,0.75,,,,,,
2026-09-07T04:30:05Z,nbcnews,1,48,55,0,0,0.0,,,,,,,
2026-09-07T04:30:05Z,newsweek,1,79,55,0,0,0.0,,,,,,,
2026-09-07T04:30:05Z,bbc,1,35,55,0,0,0.0,,,,,,,
2026-09-07T04:30:05Z,guardian,1,29,55,0,0,0.0,,,,,,,
2026-09-07T04:30:05Z,thetimes,1,0,0,0,0,,,,,,,,
2026-09-07T04:30:05Z,dailymail,1,303,55,0,0,0.0,,,,,,,
2026-09-07T04:30:05Z,dw,1,45,55,1,1,0.01818,-1.0,,,,,,
2026-09-07T04:30:05Z,ap,0,0,0,0,0,,,,,,,,
2026-09-07T04:30:05Z,lemonde,1,35,55,0,0,0.0,,,,,,,
2026-09-07T04:30:05Z,lefigaro,1,191,55,0,0,0.0,,,,,,,
2026-09-07T04:30:05Z,spiegel,1,169,55,0,0,0.0,,,,,,,
2026-09-07T04:30:05Z,bild,1,172,55,0,0,0.0,,,,,,,
2026-09-07T04:30:05Z,elpais,0,0,0,0,0,,,,,,,,
2026-09-07T04:30:05Z,corriere,1,240,55,0,0,0.0,,,,,,,
2026-09-07T04:30:05Z,cbc,1,29,55,0,0,0.0,,,,,,,
2026-09-07T04:30:05Z,abcau,1,78,55,0,0,0.0,,,,,,,
2026-09-07T04:45:22Z,nyt,1,28,55,0,0,0.0,,,,,,,
2026-09-07T04:45:22Z,usatoday,1,25,55,1,3,0.05455,0.0,,,,,,
2026-09-07T04:45:22Z,nypost,1,161,55,0,0,0.0,,,,,,,
2026-09-07T04:45:22Z,cnn,1,40,55,0,0,0.0,,,,,,,
2026-09-07T04:45:22Z,foxnews,1,122,55,2,4,0.07273,0.75,,,,,,
2026-09-07T04:45:22Z,nbcnews,1,49,55,0,0,0.0,,,,,,,
2026-09-07T04:45:22Z,newsweek,1,79,55,0,0,0.0,,,,,,,
2026-09-07T04:45:22Z,bbc,1,35,55,0,0,0.0,,,,,,,
2026-09-07T04:45:22Z,guardian,1,30,55,0,0,0.0,,,,,,,
2026-09-07T04:45:22Z,thetimes,1,97,55,0,0,0.0,,,,,,,
2026-09-07T04:45:22Z,dailymail,1,303,55,0,0,0.0,,,,,,,
2026-09-07T04:45:22Z,dw,1,45,55,1,1,0.01818,-1.0,,,,,,
2026-09-07T04:45:22Z,ap,0,0,0,0,0,,,,,,,,
2026-09-07T04:45:22Z,lemonde,1,35,55,0,0,0.0,,,,,,,
2026-09-07T04:45:22Z,lefigaro,1,190,55,0,0,0.0,,,,,,,
2026-09-07T04:45:22Z,spiegel,1,169,55,0,0,0.0,,,,,,,
2026-09-07T04:45:22Z,bild,1,173,55,0,0,0.0,,,,,,,
2026-09-07T04:45:22Z,elpais,1,99,55,2,8,0.14545,-0.375,,,,,,
2026-09-07T04:45:22Z,corriere,1,240,55,0,0,0.0,,,,,,,
2026-09-07T04:45:22Z,cbc,1,29,55,0,0,0.0,,,,,,,
2026-09-07T04:45:22Z,abcau,1,76,55,0,0,0.0,,,,,,,
2026-09-07T05:11:00Z,nyt,1,28,55,0,0,0.0,,,,,,,
2026-09-07T05:11:00Z,usatoday,1,25,55,1,3,0.05455,0.0,,,,,,
2026-09-07T05:11:00Z,nypost,1,161,55,0,0,0.0,,,,,,,
2026-09-07T05:11:00Z,cnn,1,40,55,0,0,0.0,,,,,,,
2026-09-07T05:11:00Z,foxnews,1,123,55,2,4,0.07273,0.75,,,,,,
2026-09-07T05:11:00Z,nbcnews,1,49,55,0,0,0.0,,,,,,,
2026-09-07T05:11:00Z,newsweek,1,79,55,0,0,0.0,,,,,,,
2026-09-07T05:11:00Z,bbc,1,36,55,0,0,0.0,,,,,,,
2026-09-07T05:11:00Z,guardian,1,29,55,1,1,0.01818,0.0,,,,,,
2026-09-07T05:11:00Z,thetimes,1,97,55,0,0,0.0,,,,,,,
2026-09-07T05:11:00Z,dailymail,1,303,55,0,0,0.0,,,,,,,
2026-09-07T05:11:00Z,dw,1,45,55,1,1,0.01818,-1.0,,,,,,
2026-09-07T05:11:00Z,ap,0,0,0,0,0,,,,,,,,
2026-09-07T05:11:00Z,lemonde,1,34,55,0,0,0.0,,,,,,,
2026-09-07T05:11:00Z,lefigaro,1,192,55,0,0,0.0,,,,,,,
2026-09-07T05:11:00Z,spiegel,1,172,55,0,0,0.0,,,,,,,
2026-09-07T05:11:00Z,bild,1,170,55,0,0,0.0,,,,,,,
2026-09-07T05:11:00Z,elpais,0,0,0,0,0,,,,,,,,
2026-09-07T05:11:00Z,corriere,1,236,55,0,0,0.0,,,,,,,
2026-09-07T05:11:00Z,cbc,1,30,55,0,0,0.0,,,,,,,
2026-09-07T05:11:00Z,abcau,1,74,55,0,0,0.0,,,,,,,
2026-09-07T05:45:24Z,nyt,1,28,55,0,0,0.0,,,,,,,
2026-09-07T05:45:24Z,usatoday,1,25,55,1,3,0.05455,0.0,,,,,,
2026-09-07T05:45:24Z,nypost,1,161,55,0,0,0.0,,,,,,,
2026-09-07T05:45:24Z,cnn,1,40,55,0,0,0.0,,,,,,,
2026-09-07T05:45:24Z,foxnews,1,123,55,2,4,0.07273,0.75,,,,,,
2026-09-07T05:45:24Z,nbcnews,1,49,55,0,0,0.0,,,,,,,
2026-09-07T05:45:24Z,newsweek,1,79,55,0,0,0.0,,,,,,,
2026-09-07T05:45:24Z,bbc,1,36,55,0,0,0.0,,,,,,,
2026-09-07T05:45:24Z,guardian,1,29,55,1,1,0.01818,0.0,,,,,,
2026-09-07T05:45:24Z,thetimes,1,97,55,0,0,0.0,,,,,,,
2026-09-07T05:45:24Z,dailymail,1,303,55,0,0,0.0,,,,,,,
2026-09-07T05:45:24Z,dw,1,45,55,1,1,0.01818,-1.0,,,,,,
2026-09-07T05:45:24Z,ap,0,0,0,0,0,,,,,,,,
2026-09-07T05:45:24Z,lemonde,1,34,55,0,0,0.0,,,,,,,
2026-09-07T05:45:24Z,lefigaro,1,188,55,0,0,0.0,,,,,,,
2026-09-07T05:45:24Z,spiegel,1,171,55,0,0,0.0,,,,,,,
2026-09-07T05:45:24Z,bild,1,167,55,0,0,0.0,,,,,,,
2026-09-07T05:45:24Z,elpais,0,0,0,0,0,,,,,,,,
2026-09-07T05:45:24Z,corriere,1,237,55,0,0,0.0,,,,,,,
2026-09-07T05:45:24Z,cbc,1,30,55,0,0,0.0,,,,,,,
2026-09-07T05:45:24Z,abcau,1,72,55,0,0,0.0,,,,,,,
2026-09-07T06:45:22Z,nyt,1,28,55,0,0,0.0,,,,,,,
2026-09-07T06:45:22Z,usatoday,1,25,55,1,3,0.05455,0.0,,,,,,
2026-09-07T06:45:22Z,nypost,1,161,55,0,0,0.0,,,,,,,
2026-09-07T06:45:22Z,cnn,1,40,55,0,0,0.0,,,,,,,
2026-09-07T06:45:22Z,foxnews,1,123,55,2,4,0.07273,0.75,,,,,,
2026-09-07T06:45:22Z,nbcnews,1,49,55,0,0,0.0,,,,,,,
2026-09-07T06:45:22Z,newsweek,1,79,55,0,0,0.0,,,,,,,
2026-09-07T06:45:22Z,bbc,1,36,55,0,0,0.0,,,,,,,
2026-09-07T06:45:22Z,guardian,1,32,55,1,1,0.01818,0.0,,,,,,
2026-09-07T06:45:22Z,thetimes,1,0,0,0,0,,,,,,,,
2026-09-07T06:45:22Z,dailymail,1,314,55,0,0,0.0,,,,,,,
2026-09-07T06:45:22Z,dw,1,45,55,1,1,0.01818,-1.0,,,,,,
2026-09-07T06:45:22Z,ap,0,0,0,0,0,,,,,,,,
2026-09-07T06:45:22Z,lemonde,1,33,55,0,0,0.0,,,,,,,
2026-09-07T06:45:22Z,lefigaro,1,187,55,0,0,0.0,,,,,,,
2026-09-07T06:45:22Z,spiegel,1,171,55,0,0,0.0,,,,,,,
2026-09-07T06:45:22Z,bild,1,170,55,0,0,0.0,,,,,,,
2026-09-07T06:45:22Z,elpais,0,0,0,0,0,,,,,,,,
2026-09-07T06:45:22Z,corriere,1,240,55,0,0,0.0,,,,,,,
2026-09-07T06:45:22Z,cbc,1,30,55,0,0,0.0,,,,,,,
2026-09-07T06:45:22Z,abcau,1,76,55,0,0,0.0,,,,,,,
2026-09-07T07:45:26Z,nyt,1,28,55,0,0,0.0,,,,,,,
2026-09-07T07:45:26Z,usatoday,1,25,55,1,3,0.05455,0.0,,,,,,
2026-09-07T07:45:26Z,nypost,1,121,55,0,0,0.0,,,,,,,
2026-09-07T07:45:26Z,cnn,1,41,55,0,0,0.0,,,,,,,
2026-09-07T07:45:26Z,foxnews,1,123,55,2,4,0.07273,0.75,,,,,,
2026-09-07T07:45:26Z,nbcnews,1,49,55,0,0,0.0,,,,,,,
2026-09-07T07:45:26Z,newsweek,1,79,55,0,0,0.0,,,,,,,
2026-09-07T07:45:26Z,bbc,1,35,55,1,3,0.05455,0.0,,,,,,
2026-09-07T07:45:26Z,guardian,1,33,55,1,1,0.01818,0.0,,,,,,
2026-09-07T07:45:26Z,thetimes,1,99,55,0,0,0.0,,,,,,,
2026-09-07T07:45:26Z,dailymail,1,315,55,1,5,0.09091,1.0,,,,,,
2026-09-07T07:45:26Z,dw,1,46,55,1,1,0.01818,-1.0,,,,,,
2026-09-07T07:45:26Z,ap,0,0,0,0,0,,,,,,,,
2026-09-07T07:45:26Z,lemonde,1,32,55,0,0,0.0,,,,,,,
2026-09-07T07:45:26Z,lefigaro,1,188,55,0,0,0.0,,,,,,,
2026-09-07T07:45:26Z,spiegel,1,172,55,0,0,0.0,,,,,,,
2026-09-07T07:45:26Z,bild,1,168,55,0,0,0.0,,,,,,,
2026-09-07T07:45:26Z,elpais,0,0,0,0,0,,,,,,,,
2026-09-07T07:45:26Z,corriere,1,238,55,0,0,0.0,,,,,,,
2026-09-07T07:45:26Z,cbc,1,29,55,0,0,0.0,,,,,,,
2026-09-07T07:45:26Z,abcau,1,75,55,0,0,0.0,,,,,,,
2026-09-07T08:45:23Z,nyt,1,28,55,0,0,0.0,,,,,,,
2026-09-07T08:45:23Z,usatoday,1,25,55,1,3,0.05455,0.0,,,,,,
2026-09-07T08:45:23Z,nypost,1,161,55,0,0,0.0,,,,,,,
2026-09-07T08:45:23Z,cnn,1,43,55,0,0,0.0,,,,,,,
2026-09-07T08:45:23Z,foxnews,1,122,55,2,2,0.03636,0.5,,,,,,
2026-09-07T08:45:23Z,nbcnews,1,50,55,1,1,0.01818,0.0,,,,,,
2026-09-07T08:45:23Z,newsweek,1,78,55,0,0,0.0,,,,,,,
2026-09-07T08:45:23Z,bbc,1,36,55,1,3,0.05455,0.0,,,,,,
2026-09-07T08:45:23Z,guardian,1,32,55,1,1,0.01818,0.0,,,,,,
2026-09-07T08:45:23Z,thetimes,1,0,0,0,0,,,,,,,,
2026-09-07T08:45:23Z,dailymail,1,312,55,1,5,0.09091,1.0,,,,,,
2026-09-07T08:45:23Z,dw,1,45,55,0,0,0.0,,,,,,,
2026-09-07T08:45:23Z,ap,0,0,0,0,0,,,,,,,,
2026-09-07T08:45:23Z,lemonde,1,35,55,0,0,0.0,,,,,,,
2026-09-07T08:45:23Z,lefigaro,1,194,55,0,0,0.0,,,,,,,
2026-09-07T08:45:23Z,spiegel,1,164,55,0,0,0.0,,,,,,,
2026-09-07T08:45:23Z,bild,1,169,55,0,0,0.0,,,,,,,
2026-09-07T08:45:23Z,elpais,0,0,0,0,0,,,,,,,,
2026-09-07T08:45:23Z,corriere,1,244,55,0,0,0.0,,,,,,,
2026-09-07T08:45:23Z,cbc,1,30,55,0,0,0.0,,,,,,,
2026-09-07T08:45:23Z,abcau,1,76,55,0,0,0.0,,,,,,,
2026-09-07T09:45:26Z,nyt,1,28,55,0,0,0.0,,,,,,,
2026-09-07T09:45:26Z,usatoday,1,25,55,1,3,0.05455,0.0,,,,,,
2026-09-07T09:45:26Z,nypost,1,161,55,0,0,0.0,,,,,,,
2026-09-07T09:45:26Z,cnn,1,43,55,0,0,0.0,,,,,,,
2026-09-07T09:45:26Z,foxnews,1,124,55,1,1,0.01818,0.0,,,,,,
2026-09-07T09:45:26Z,nbcnews,1,50,55,1,1,0.01818,0.0,,,,,,
2026-09-07T09:45:26Z,newsweek,1,77,55,0,0,0.0,,,,,,,
2026-09-07T09:45:26Z,bbc,1,33,55,1,3,0.05455,-1.0,,,,,,
2026-09-07T09:45:26Z,guardian,1,34,55,1,1,0.01818,0.0,,,,,,
2026-09-07T09:45:26Z,thetimes,1,0,0,0,0,,,,,,,,
2026-09-07T09:45:26Z,dailymail,1,320,55,1,5,0.09091,1.0,,,,,,
2026-09-07T09:45:26Z,dw,1,47,55,2,2,0.03636,-0.5,,,,,,
2026-09-07T09:45:26Z,ap,0,0,0,0,0,,,,,,,,
2026-09-07T09:45:26Z,lemonde,1,37,55,0,0,0.0,,,,,,,
2026-09-07T09:45:26Z,lefigaro,1,196,55,0,0,0.0,,,,,,,
2026-09-07T09:45:26Z,spiegel,1,165,55,0,0,0.0,,,,,,,
2026-09-07T09:45:26Z,bild,1,168,55,0,0,0.0,,,,,,,
2026-09-07T09:45:26Z,elpais,0,0,0,0,0,,,,,,,,
2026-09-07T09:45:26Z,corriere,1,250,55,0,0,0.0,,,,,,,
2026-09-07T09:45:26Z,cbc,1,30,55,0,0,0.0,,,,,,,
2026-09-07T09:45:26Z,abcau,1,74,55,0,0,0.0,,,,,,,
2026-09-07T10:11:51Z,nyt,1,29,55,0,0,0.0,,,,,,,
2026-09-07T10:11:51Z,usatoday,1,27,55,1,3,0.05455,0.0,,,,,,
2026-09-07T10:11:51Z,nypost,1,160,55,0,0,0.0,,,,,,,
2026-09-07T10:11:51Z,cnn,1,43,55,0,0,0.0,,,,,,,
2026-09-07T10:11:51Z,foxnews,1,125,55,1,1,0.01818,0.0,,,,,,
2026-09-07T10:11:51Z,nbcnews,1,51,55,1,1,0.01818,0.0,,,,,,
2026-09-07T10:11:51Z,newsweek,1,77,55,0,0,0.0,,,,,,,
2026-09-07T10:11:51Z,bbc,1,31,55,1,3,0.05455,-1.0,,,,,,
2026-09-07T10:11:51Z,guardian,1,37,55,0,0,0.0,,,,,,,
2026-09-07T10:11:51Z,thetimes,1,0,0,0,0,,,,,,,,
2026-09-07T10:11:51Z,dailymail,1,323,55,1,1,0.01818,1.0,,,,,,
2026-09-07T10:11:51Z,dw,1,47,55,2,2,0.03636,-0.5,,,,,,
2026-09-07T10:11:51Z,ap,0,0,0,0,0,,,,,,,,
2026-09-07T10:11:51Z,lemonde,1,37,55,0,0,0.0,,,,,,,
2026-09-07T10:11:51Z,lefigaro,1,197,55,0,0,0.0,,,,,,,
2026-09-07T10:11:51Z,spiegel,1,167,55,0,0,0.0,,,,,,,
2026-09-07T10:11:51Z,bild,1,171,55,0,0,0.0,,,,,,,
2026-09-07T10:11:51Z,elpais,0,0,0,0,0,,,,,,,,
2026-09-07T10:11:51Z,corriere,1,251,55,0,0,0.0,,,,,,,
2026-09-07T10:11:51Z,cbc,1,30,55,0,0,0.0,,,,,,,
2026-09-07T10:11:51Z,abcau,1,75,55,0,0,0.0,,,,,,,
2026-09-07T10:42:09Z,nyt,1,30,55,0,0,0.0,,,,,,,
2026-09-07T10:42:09Z,usatoday,1,27,55,0,0,0.0,,,,,,,
2026-09-07T10:42:09Z,nypost,1,162,55,0,0,0.0,,,,,,,
2026-09-07T10:42:09Z,cnn,1,43,55,0,0,0.0,,,,,,,
2026-09-07T10:42:09Z,foxnews,1,122,55,1,3,0.05455,0.0,,,,,,
2026-09-07T10:42:09Z,nbcnews,1,51,55,1,1,0.01818,0.0,,,,,,
2026-09-07T10:42:09Z,newsweek,1,77,55,0,0,0.0,,,,,,,
2026-09-07T10:42:09Z,bbc,1,31,55,1,5,0.09091,-1.0,,,,,,
2026-09-07T10:42:09Z,guardian,1,37,55,0,0,0.0,,,,,,,
2026-09-07T10:42:09Z,thetimes,1,98,55,0,0,0.0,,,,,,,
2026-09-07T10:42:09Z,dailymail,1,314,55,1,1,0.01818,1.0,,,,,,
2026-09-07T10:42:09Z,dw,1,44,55,1,3,0.05455,0.0,,,,,,
2026-09-07T10:42:09Z,ap,0,0,0,0,0,,,,,,,,
2026-09-07T10:42:09Z,lemonde,1,38,55,0,0,0.0,,,,,,,
2026-09-07T10:42:09Z,lefigaro,1,201,55,0,0,0.0,,,,,,,
2026-09-07T10:42:09Z,spiegel,1,168,55,0,0,0.0,,,,,,,
2026-09-07T10:42:09Z,bild,1,170,55,0,0,0.0,,,,,,,
2026-09-07T10:42:09Z,elpais,0,0,0,0,0,,,,,,,,
2026-09-07T10:42:09Z,corriere,1,250,55,0,0,0.0,,,,,,,
2026-09-07T10:42:09Z,cbc,1,30,55,0,0,0.0,,,,,,,
2026-09-07T10:42:09Z,abcau,1,73,55,0,0,0.0,,,,,,,
2026-09-07T10:45:26Z,nyt,1,30,55,0,0,0.0,,,,,,,
2026-09-07T10:45:26Z,usatoday,1,27,55,0,0,0.0,,,,,,,
2026-09-07T10:45:26Z,nypost,1,162,55,0,0,0.0,,,,,,,
2026-09-07T10:45:26Z,cnn,1,43,55,0,0,0.0,,,,,,,
2026-09-07T10:45:26Z,foxnews,1,122,55,1,3,0.05455,0.0,,,,,,
2026-09-07T10:45:26Z,nbcnews,1,51,55,1,1,0.01818,0.0,,,,,,
2026-09-07T10:45:26Z,newsweek,1,77,55,0,0,0.0,,,,,,,
2026-09-07T10:45:26Z,bbc,1,31,55,1,5,0.09091,-1.0,,,,,,
2026-09-07T10:45:26Z,guardian,1,37,55,0,0,0.0,,,,,,,
2026-09-07T10:45:26Z,thetimes,1,0,0,0,0,,,,,,,,
2026-09-07T10:45:26Z,dailymail,1,314,55,1,1,0.01818,1.0,,,,,,
2026-09-07T10:45:26Z,dw,1,44,55,1,3,0.05455,0.0,,,,,,
2026-09-07T10:45:26Z,ap,0,0,0,0,0,,,,,,,,
2026-09-07T10:45:26Z,lemonde,1,38,55,0,0,0.0,,,,,,,
2026-09-07T10:45:26Z,lefigaro,1,200,55,0,0,0.0,,,,,,,
2026-09-07T10:45:26Z,spiegel,1,168,55,0,0,0.0,,,,,,,
2026-09-07T10:45:26Z,bild,1,170,55,0,0,0.0,,,,,,,
2026-09-07T10:45:26Z,elpais,0,0,0,0,0,,,,,,,,
2026-09-07T10:45:26Z,corriere,1,251,55,0,0,0.0,,,,,,,
2026-09-07T10:45:26Z,cbc,1,30,55,0,0,0.0,,,,,,,
2026-09-07T10:45:26Z,abcau,1,73,55,0,0,0.0,,,,,,,
2026-09-07T11:45:23Z,nyt,1,32,55,0,0,0.0,,,,,,,
2026-09-07T11:45:23Z,usatoday,1,26,55,0,0,0.0,,,,,,,
2026-09-07T11:45:23Z,nypost,1,161,55,0,0,0.0,,,,,,,
2026-09-07T11:45:23Z,cnn,1,43,55,0,0,0.0,,,,,,,
2026-09-07T11:45:23Z,foxnews,1,122,55,1,1,0.01818,0.0,,,,,,
2026-09-07T11:45:23Z,nbcnews,1,51,55,1,1,0.01818,0.0,,,,,,
2026-09-07T11:45:23Z,newsweek,1,77,55,0,0,0.0,,,,,,,
2026-09-07T11:45:23Z,bbc,1,33,55,1,5,0.09091,-1.0,,,,,,
2026-09-07T11:45:23Z,guardian,1,37,55,0,0,0.0,,,,,,,
2026-09-07T11:45:23Z,thetimes,1,0,0,0,0,,,,,,,,
2026-09-07T11:45:23Z,dailymail,1,328,55,0,0,0.0,,,,,,,
2026-09-07T11:45:23Z,dw,1,44,55,1,3,0.05455,0.0,,,,,,
2026-09-07T11:45:23Z,ap,0,0,0,0,0,,,,,,,,
2026-09-07T11:45:23Z,lemonde,1,38,55,0,0,0.0,,,,,,,
2026-09-07T11:45:23Z,lefigaro,1,200,55,0,0,0.0,,,,,,,
2026-09-07T11:45:23Z,spiegel,1,170,55,0,0,0.0,,,,,,,
2026-09-07T11:45:23Z,bild,1,174,55,0,0,0.0,,,,,,,
2026-09-07T11:45:23Z,elpais,0,0,0,0,0,,,,,,,,
2026-09-07T11:45:23Z,corriere,1,251,55,0,0,0.0,,,,,,,
2026-09-07T11:45:23Z,cbc,1,30,55,0,0,0.0,,,,,,,
2026-09-07T11:45:23Z,abcau,1,73,55,0,0,0.0,,,,,,,
2026-09-07T12:45:25Z,nyt,1,32,55,0,0,0.0,,,,,,,
2026-09-07T12:45:25Z,usatoday,1,26,55,0,0,0.0,,,,,,,
2026-09-07T12:45:25Z,nypost,1,160,55,0,0,0.0,,,,,,,
2026-09-07T12:45:25Z,cnn,1,45,55,0,0,0.0,,,,,,,
2026-09-07T12:45:25Z,foxnews,1,123,55,0,0,0.0,,,,,,,
2026-09-07T12:45:25Z,nbcnews,1,51,55,0,0,0.0,,,,,,,
2026-09-07T12:45:25Z,newsweek,1,77,55,0,0,0.0,,,,,,,
2026-09-07T12:45:25Z,bbc,1,33,55,1,5,0.09091,-1.0,,,,,,
2026-09-07T12:45:25Z,guardian,1,35,55,0,0,0.0,,,,,,,
2026-09-07T12:45:25Z,thetimes,1,96,55,0,0,0.0,,,,,,,
2026-09-07T12:45:25Z,dailymail,1,334,55,0,0,0.0,,,,,,,
2026-09-07T12:45:25Z,dw,1,43,55,1,3,0.05455,0.0,,,,,,
2026-09-07T12:45:25Z,ap,0,0,0,0,0,,,,,,,,
2026-09-07T12:45:25Z,lemonde,1,36,55,0,0,0.0,,,,,,,
2026-09-07T12:45:25Z,lefigaro,1,202,55,0,0,0.0,,,,,,,
2026-09-07T12:45:25Z,spiegel,1,174,55,0,0,0.0,,,,,,,
2026-09-07T12:45:25Z,bild,1,173,55,0,0,0.0,,,,,,,
2026-09-07T12:45:25Z,elpais,0,0,0,0,0,,,,,,,,
2026-09-07T12:45:25Z,corriere,1,253,55,0,0,0.0,,,,,,,
2026-09-07T12:45:25Z,cbc,1,30,55,0,0,0.0,,,,,,,
2026-09-07T12:45:25Z,abcau,1,73,55,0,0,0.0,,,,,,,
2026-09-07T13:45:23Z,nyt,1,34,55,0,0,0.0,,,,,,,
2026-09-07T13:45:23Z,usatoday,1,27,55,0,0,0.0,,,,,,,
2026-09-07T13:45:23Z,nypost,1,159,55,0,0,0.0,,,,,,,
2026-09-07T13:45:23Z,cnn,1,46,55,0,0,0.0,,,,,,,
2026-09-07T13:45:23Z,foxnews,1,123,55,1,1,0.01818,0.0,,,,,,
2026-09-07T13:45:23Z,nbcnews,1,52,55,0,0,0.0,,,,,,,
2026-09-07T13:45:23Z,newsweek,1,76,55,0,0,0.0,,,,,,,
2026-09-07T13:45:23Z,bbc,1,32,55,1,5,0.09091,-1.0,,,,,,
2026-09-07T13:45:23Z,guardian,1,36,55,0,0,0.0,,,,,,,
2026-09-07T13:45:23Z,thetimes,1,0,0,0,0,,,,,,,,
2026-09-07T13:45:23Z,dailymail,1,323,55,0,0,0.0,,,,,,,
2026-09-07T13:45:23Z,dw,1,43,55,1,3,0.05455,0.0,,,,,,
2026-09-07T13:45:23Z,ap,0,0,0,0,0,,,,,,,,
2026-09-07T13:45:23Z,lemonde,1,35,55,0,0,0.0,,,,,,,
2026-09-07T13:45:23Z,lefigaro,1,195,55,0,0,0.0,,,,,,,
2026-09-07T13:45:23Z,spiegel,1,173,55,0,0,0.0,,,,,,,
2026-09-07T13:45:23Z,bild,1,172,55,0,0,0.0,,,,,,,
2026-09-07T13:45:23Z,elpais,1,104,55,1,5,0.09091,0.0,,,,,,
2026-09-07T13:45:23Z,corriere,1,253,55,0,0,0.0,,,,,,,
2026-09-07T13:45:23Z,cbc,1,31,55,0,0,0.0,,,,,,,
2026-09-07T13:45:23Z,abcau,1,73,55,0,0,0.0,,,,,,,
2026-09-07T14:45:24Z,nyt,1,35,55,0,0,0.0,,,,,,,
2026-09-07T14:45:24Z,usatoday,1,27,55,0,0,0.0,,,,,,,
2026-09-07T14:45:24Z,nypost,1,157,55,0,0,0.0,,,,,,,
2026-09-07T14:45:24Z,cnn,1,46,55,0,0,0.0,,,,,,,
2026-09-07T14:45:24Z,foxnews,1,119,55,0,0,0.0,,,,,,,
2026-09-07T14:45:24Z,nbcnews,1,49,55,0,0,0.0,,,,,,,
2026-09-07T14:45:24Z,newsweek,1,77,55,0,0,0.0,,,,,,,
2026-09-07T14:45:24Z,bbc,1,32,55,1,5,0.09091,-1.0,,,,,,
2026-09-07T14:45:24Z,guardian,1,35,55,0,0,0.0,,,,,,,
2026-09-07T14:45:24Z,thetimes,1,92,55,1,3,0.05455,0.0,,,,,,
2026-09-07T14:45:24Z,dailymail,1,334,55,0,0,0.0,,,,,,,
2026-09-07T14:45:24Z,dw,1,43,55,1,3,0.05455,0.0,,,,,,
2026-09-07T14:45:24Z,ap,0,0,0,0,0,,,,,,,,
2026-09-07T14:45:24Z,lemonde,1,34,55,0,0,0.0,,,,,,,
2026-09-07T14:45:24Z,lefigaro,1,196,55,0,0,0.0,,,,,,,
2026-09-07T14:45:24Z,spiegel,1,170,55,0,0,0.0,,,,,,,
2026-09-07T14:45:24Z,bild,1,173,55,0,0,0.0,,,,,,,
2026-09-07T14:45:24Z,elpais,0,0,0,0,0,,,,,,,,
2026-09-07T14:45:24Z,corriere,1,253,55,0,0,0.0,,,,,,,
2026-09-07T14:45:24Z,cbc,1,31,55,1,3,0.05455,0.0,,,,,,
2026-09-07T14:45:24Z,abcau,1,75,55,0,0,0.0,,,,,,,
2026-09-07T15:45:22Z,nyt,1,36,55,0,0,0.0,,,,,,,
2026-09-07T15:45:22Z,usatoday,1,27,55,0,0,0.0,,,,,,,
2026-09-07T15:45:22Z,nypost,1,151,55,0,0,0.0,,,,,,,
2026-09-07T15:45:22Z,cnn,1,46,55,0,0,0.0,,,,,,,
2026-09-07T15:45:22Z,foxnews,1,116,55,0,0,0.0,,,,,,,
2026-09-07T15:45:22Z,nbcnews,1,48,55,0,0,0.0,,,,,,,
2026-09-07T15:45:22Z,newsweek,1,78,55,0,0,0.0,,,,,,,
2026-09-07T15:45:22Z,bbc,1,31,55,1,3,0.05455,0.0,,,,,,
2026-09-07T15:45:22Z,guardian,1,33,55,0,0,0.0,,,,,,,
2026-09-07T15:45:22Z,thetimes,1,93,55,1,3,0.05455,0.0,,,,,,
2026-09-07T15:45:22Z,dailymail,1,352,55,0,0,0.0,,,,,,,
2026-09-07T15:45:22Z,dw,1,45,55,1,3,0.05455,0.0,,,,,,
2026-09-07T15:45:22Z,ap,0,0,0,0,0,,,,,,,,
2026-09-07T15:45:22Z,lemonde,1,34,55,0,0,0.0,,,,,,,
2026-09-07T15:45:22Z,lefigaro,1,191,55,0,0,0.0,,,,,,,
2026-09-07T15:45:22Z,spiegel,1,171,55,0,0,0.0,,,,,,,
2026-09-07T15:45:22Z,bild,1,175,55,0,0,0.0,,,,,,,
2026-09-07T15:45:22Z,elpais,0,0,0,0,0,,,,,,,,
2026-09-07T15:45:22Z,corriere,1,249,55,0,0,0.0,,,,,,,
2026-09-07T15:45:22Z,cbc,1,32,55,1,1,0.01818,0.0,,,,,,
2026-09-07T15:45:22Z,abcau,1,77,55,0,0,0.0,,,,,,,
2026-09-07T16:25:32Z,nyt,1,37,55,0,0,0.0,,,,,,,
2026-09-07T16:25:32Z,usatoday,1,27,55,0,0,0.0,,,,,,,
2026-09-07T16:25:32Z,nypost,1,153,55,0,0,0.0,,,,,,,
2026-09-07T16:25:32Z,cnn,1,46,55,0,0,0.0,,,,,,,
2026-09-07T16:25:32Z,foxnews,1,117,55,1,3,0.05455,0.0,,,,,,
2026-09-07T16:25:32Z,nbcnews,1,50,55,0,0,0.0,,,,,,,
2026-09-07T16:25:32Z,newsweek,1,78,55,0,0,0.0,,,,,,,
2026-09-07T16:25:32Z,bbc,1,31,55,1,3,0.05455,0.0,,,,,,
2026-09-07T16:25:32Z,guardian,1,34,55,0,0,0.0,,,,,,,
2026-09-07T16:25:32Z,thetimes,1,0,0,0,0,,,,,,,,
2026-09-07T16:25:32Z,dailymail,1,359,55,0,0,0.0,,,,,,,
2026-09-07T16:25:32Z,dw,1,44,55,1,3,0.05455,0.0,,,,,,
2026-09-07T16:25:32Z,ap,0,0,0,0,0,,,,,,,,
2026-09-07T16:25:32Z,lemonde,1,35,55,0,0,0.0,,,,,,,
2026-09-07T16:25:32Z,lefigaro,1,184,55,0,0,0.0,,,,,,,
2026-09-07T16:25:32Z,spiegel,1,172,55,0,0,0.0,,,,,,,
2026-09-07T16:25:32Z,bild,1,173,55,0,0,0.0,,,,,,,
2026-09-07T16:25:32Z,elpais,0,0,0,0,0,,,,,,,,
2026-09-07T16:25:32Z,corriere,1,247,55,0,0,0.0,,,,,,,
2026-09-07T16:25:32Z,cbc,1,32,55,1,1,0.01818,0.0,,,,,,
2026-09-07T16:25:32Z,abcau,1,78,55,0,0,0.0,,,,,,,
2026-09-07T16:38:45Z,nyt,1,37,55,0,0,0.0,,,,,,,
2026-09-07T16:38:45Z,usatoday,1,27,55,0,0,0.0,,,,,,,
2026-09-07T16:38:45Z,nypost,1,153,55,0,0,0.0,,,,,,,
2026-09-07T16:38:45Z,cnn,1,46,55,0,0,0.0,,,,,,,
2026-09-07T16:38:45Z,foxnews,1,117,55,1,3,0.05455,0.0,,,,,,
2026-09-07T16:38:45Z,nbcnews,1,50,55,0,0,0.0,,,,,,,
2026-09-07T16:38:45Z,newsweek,1,78,55,0,0,0.0,,,,,,,
2026-09-07T16:38:45Z,bbc,1,31,55,1,3,0.05455,0.0,,,,,,
2026-09-07T16:38:45Z,guardian,1,35,55,0,0,0.0,,,,,,,
2026-09-07T16:38:45Z,thetimes,1,95,55,1,3,0.05455,0.0,,,,,,
2026-09-07T16:38:45Z,dailymail,1,362,55,0,0,0.0,,,,,,,
2026-09-07T16:38:45Z,dw,1,44,55,1,3,0.05455,0.0,,,,,,
2026-09-07T16:38:45Z,ap,0,0,0,0,0,,,,,,,,
2026-09-07T16:38:45Z,lemonde,1,35,55,0,0,0.0,,,,,,,
2026-09-07T16:38:45Z,lefigaro,1,185,55,0,0,0.0,,,,,,,
2026-09-07T16:38:45Z,spiegel,1,175,55,0,0,0.0,,,,,,,
2026-09-07T16:38:45Z,bild,1,173,55,0,0,0.0,,,,,,,
2026-09-07T16:38:45Z,elpais,0,0,0,0,0,,,,,,,,
2026-09-07T16:38:45Z,corriere,1,248,55,0,0,0.0,,,,,,,
2026-09-07T16:38:45Z,cbc,1,32,55,1,1,0.01818,0.0,,,,,,
2026-09-07T16:38:45Z,abcau,1,78,55,0,0,0.0,,,,,,,
2026-09-07T16:45:23Z,nyt,1,38,55,0,0,0.0,,,,,,,
2026-09-07T16:45:23Z,usatoday,1,27,55,0,0,0.0,,,,,,,
2026-09-07T16:45:23Z,nypost,1,153,55,0,0,0.0,,,,,,,
2026-09-07T16:45:23Z,cnn,1,46,55,0,0,0.0,,,,,,,
2026-09-07T16:45:23Z,foxnews,1,117,55,1,3,0.05455,0.0,,,,,,
2026-09-07T16:45:23Z,nbcnews,1,50,55,0,0,0.0,,,,,,,
2026-09-07T16:45:23Z,newsweek,1,78,55,0,0,0.0,,,,,,,
2026-09-07T16:45:23Z,bbc,1,31,55,1,3,0.05455,0.0,,,,,,
2026-09-07T16:45:23Z,guardian,1,36,55,1,1,0.01818,-1.0,,,,,,
2026-09-07T16:45:23Z,thetimes,1,95,55,1,3,0.05455,0.0,,,,,,
2026-09-07T16:45:23Z,dailymail,1,365,55,0,0,0.0,,,,,,,
2026-09-07T16:45:23Z,dw,1,44,55,1,3,0.05455,0.0,,,,,,
2026-09-07T16:45:23Z,ap,0,0,0,0,0,,,,,,,,
2026-09-07T16:45:23Z,lemonde,1,35,55,0,0,0.0,,,,,,,
2026-09-07T16:45:23Z,lefigaro,1,185,55,0,0,0.0,,,,,,,
2026-09-07T16:45:23Z,spiegel,1,174,55,0,0,0.0,,,,,,,
2026-09-07T16:45:23Z,bild,1,173,55,0,0,0.0,,,,,,,
2026-09-07T16:45:23Z,elpais,0,0,0,0,0,,,,,,,,
2026-09-07T16:45:23Z,corriere,1,249,55,0,0,0.0,,,,,,,
2026-09-07T16:45:23Z,cbc,1,32,55,1,1,0.01818,0.0,,,,,,
2026-09-07T16:45:23Z,abcau,1,80,55,0,0,0.0,,,,,,,
2026-09-07T17:45:22Z,nyt,1,38,55,0,0,0.0,,,,,,,
2026-09-07T17:45:22Z,usatoday,1,28,55,0,0,0.0,,,,,,,
2026-09-07T17:45:22Z,nypost,1,152,55,1,1,0.01818,2.0,,,,,,
2026-09-07T17:45:22Z,cnn,1,47,55,0,0,0.0,,,,,,,
2026-09-07T17:45:22Z,foxnews,1,120,55,1,1,0.01818,0.0,,,,,,
2026-09-07T17:45:22Z,nbcnews,1,50,55,0,0,0.0,,,,,,,
2026-09-07T17:45:22Z,newsweek,1,77,55,0,0,0.0,,,,,,,
2026-09-07T17:45:22Z,bbc,1,32,55,1,3,0.05455,0.0,,,,,,
2026-09-07T17:45:22Z,guardian,1,35,55,0,0,0.0,,,,,,,
2026-09-07T17:45:22Z,thetimes,1,95,55,1,1,0.01818,0.0,,,,,,
2026-09-07T17:45:22Z,dailymail,1,377,55,0,0,0.0,,,,,,,
2026-09-07T17:45:22Z,dw,1,44,55,2,6,0.10909,-0.5,,,,,,
2026-09-07T17:45:22Z,ap,0,0,0,0,0,,,,,,,,
2026-09-07T17:45:22Z,lemonde,1,36,55,0,0,0.0,,,,,,,
2026-09-07T17:45:22Z,lefigaro,1,199,55,0,0,0.0,,,,,,,
2026-09-07T17:45:22Z,spiegel,1,173,55,1,1,0.01818,1.0,,,,,,
2026-09-07T17:45:22Z,bild,1,169,55,0,0,0.0,,,,,,,
2026-09-07T17:45:22Z,elpais,0,0,0,0,0,,,,,,,,
2026-09-07T17:45:22Z,corriere,1,251,55,0,0,0.0,,,,,,,
2026-09-07T17:45:22Z,cbc,1,33,55,1,1,0.01818,0.0,,,,,,
2026-09-07T17:45:22Z,abcau,1,78,55,1,3,0.05455,0.0,,,,,,
2026-09-07T18:45:22Z,nyt,1,34,55,0,0,0.0,,,,,,,
2026-09-07T18:45:22Z,usatoday,1,27,55,0,0,0.0,,,,,,,
2026-09-07T18:45:22Z,nypost,1,153,55,1,1,0.01818,2.0,,,,,,
2026-09-07T18:45:22Z,cnn,1,46,55,0,0,0.0,,,,,,,
2026-09-07T18:45:22Z,foxnews,1,119,55,1,1,0.01818,0.0,,,,,,
2026-09-07T18:45:22Z,nbcnews,1,48,55,0,0,0.0,,,,,,,
2026-09-07T18:45:22Z,newsweek,1,77,55,0,0,0.0,,,,,,,
2026-09-07T18:45:22Z,bbc,1,33,55,1,3,0.05455,0.0,,,,,,
2026-09-07T18:45:22Z,guardian,1,36,55,0,0,0.0,,,,,,,
2026-09-07T18:45:22Z,thetimes,1,90,55,1,1,0.01818,0.0,,,,,,
2026-09-07T18:45:22Z,dailymail,1,357,55,0,0,0.0,,,,,,,
2026-09-07T18:45:22Z,dw,1,42,55,2,2,0.03636,-0.5,,,,,,
2026-09-07T18:45:22Z,ap,0,0,0,0,0,,,,,,,,
2026-09-07T18:45:22Z,lemonde,1,38,55,0,0,0.0,,,,,,,
2026-09-07T18:45:22Z,lefigaro,1,194,55,0,0,0.0,,,,,,,
2026-09-07T18:45:22Z,spiegel,1,175,55,1,1,0.01818,1.0,,,,,,
2026-09-07T18:45:22Z,bild,1,166,55,0,0,0.0,,,,,,,
2026-09-07T18:45:22Z,elpais,0,0,0,0,0,,,,,,,,
2026-09-07T18:45:22Z,corriere,1,250,55,0,0,0.0,,,,,,,
2026-09-07T18:45:22Z,cbc,1,31,55,2,4,0.07273,-0.75,,,,,,
2026-09-07T18:45:22Z,abcau,1,80,55,1,3,0.05455,0.0,,,,,,
2026-09-07T19:45:21Z,nyt,1,33,55,0,0,0.0,,,,,,,
2026-09-07T19:45:21Z,usatoday,1,27,55,0,0,0.0,,,,,,,
2026-09-07T19:45:21Z,nypost,1,155,55,1,1,0.01818,2.0,,,,,,
2026-09-07T19:45:21Z,cnn,1,46,55,0,0,0.0,,,,,,,
2026-09-07T19:45:21Z,foxnews,1,119,55,0,0,0.0,,,,,,,
2026-09-07T19:45:21Z,nbcnews,1,46,55,0,0,0.0,,,,,,,
2026-09-07T19:45:21Z,newsweek,1,77,55,0,0,0.0,,,,,,,
2026-09-07T19:45:21Z,bbc,1,32,55,1,1,0.01818,0.0,,,,,,
2026-09-07T19:45:21Z,guardian,1,33,55,0,0,0.0,,,,,,,
2026-09-07T19:45:21Z,thetimes,1,92,55,1,10,0.18182,-1.0,,,,,,
2026-09-07T19:45:21Z,dailymail,1,365,55,0,0,0.0,,,,,,,
2026-09-07T19:45:21Z,dw,1,40,55,2,4,0.07273,-0.75,,,,,,
2026-09-07T19:45:21Z,ap,0,0,0,0,0,,,,,,,,
2026-09-07T19:45:21Z,lemonde,1,40,55,0,0,0.0,,,,,,,
2026-09-07T19:45:21Z,lefigaro,1,192,55,0,0,0.0,,,,,,,
2026-09-07T19:45:21Z,spiegel,1,170,55,1,1,0.01818,1.0,,,,,,
2026-09-07T19:45:21Z,bild,1,166,55,0,0,0.0,,,,,,,
2026-09-07T19:45:21Z,elpais,0,0,0,0,0,,,,,,,,
2026-09-07T19:45:21Z,corriere,1,246,55,0,0,0.0,,,,,,,
2026-09-07T19:45:21Z,cbc,1,31,55,1,3,0.05455,-1.0,,,,,,
2026-09-07T19:45:21Z,abcau,1,68,55,1,1,0.01818,0.0,,,,,,
2026-09-07T20:32:45Z,nyt,1,32,55,0,0,0.0,,,,,,,
2026-09-07T20:32:45Z,usatoday,1,27,55,0,0,0.0,,,,,,,
2026-09-07T20:32:45Z,nypost,1,159,55,1,1,0.01818,2.0,,,,,,
2026-09-07T20:32:45Z,cnn,1,47,55,0,0,0.0,,,,,,,
2026-09-07T20:32:45Z,foxnews,1,118,55,0,0,0.0,,,,,,,
2026-09-07T20:32:45Z,nbcnews,1,45,55,0,0,0.0,,,,,,,
2026-09-07T20:32:45Z,newsweek,1,77,55,0,0,0.0,,,,,,,
2026-09-07T20:32:45Z,bbc,1,31,55,0,0,0.0,,,,,,,
2026-09-07T20:32:45Z,guardian,1,34,55,0,0,0.0,,,,,,,
2026-09-07T20:32:45Z,thetimes,1,96,55,1,10,0.18182,-1.0,,,,,,
2026-09-07T20:32:45Z,dailymail,1,371,55,0,0,0.0,,,,,,,
2026-09-07T20:32:45Z,dw,1,40,55,2,4,0.07273,-0.75,,,,,,
2026-09-07T20:32:45Z,ap,0,0,0,0,0,,,,,,,,
2026-09-07T20:32:45Z,lemonde,1,38,55,0,0,0.0,,,,,,,
2026-09-07T20:32:45Z,lefigaro,1,191,55,0,0,0.0,,,,,,,
2026-09-07T20:32:45Z,spiegel,1,165,55,1,1,0.01818,1.0,,,,,,
2026-09-07T20:32:45Z,bild,1,168,55,0,0,0.0,,,,,,,
2026-09-07T20:32:45Z,elpais,1,114,55,1,5,0.09091,0.0,,,,,,
2026-09-07T20:32:45Z,corriere,1,243,55,0,0,0.0,,,,,,,
2026-09-07T20:32:45Z,cbc,1,31,55,1,1,0.01818,-1.0,,,,,,
2026-09-07T20:32:45Z,abcau,1,74,55,0,0,0.0,,,,,,,
2026-09-07T20:45:21Z,nyt,1,32,55,0,0,0.0,,,,,,,
2026-09-07T20:45:21Z,usatoday,1,27,55,0,0,0.0,,,,,,,
2026-09-07T20:45:21Z,nypost,1,160,55,1,1,0.01818,2.0,,,,,,
2026-09-07T20:45:21Z,cnn,1,47,55,0,0,0.0,,,,,,,
2026-09-07T20:45:21Z,foxnews,1,117,55,0,0,0.0,,,,,,,
2026-09-07T20:45:21Z,nbcnews,1,45,55,0,0,0.0,,,,,,,
2026-09-07T20:45:21Z,newsweek,1,77,55,0,0,0.0,,,,,,,
2026-09-07T20:45:21Z,bbc,1,32,55,0,0,0.0,,,,,,,
2026-09-07T20:45:21Z,guardian,1,34,55,0,0,0.0,,,,,,,
2026-09-07T20:45:21Z,thetimes,1,96,55,1,10,0.18182,-1.0,,,,,,
2026-09-07T20:45:21Z,dailymail,1,372,55,0,0,0.0,,,,,,,
2026-09-07T20:45:21Z,dw,1,40,55,2,4,0.07273,-0.75,,,,,,
2026-09-07T20:45:21Z,ap,0,0,0,0,0,,,,,,,,
2026-09-07T20:45:21Z,lemonde,1,38,55,0,0,0.0,,,,,,,
2026-09-07T20:45:21Z,lefigaro,1,191,55,0,0,0.0,,,,,,,
2026-09-07T20:45:21Z,spiegel,1,165,55,1,1,0.01818,1.0,,,,,,
2026-09-07T20:45:21Z,bild,1,168,55,0,0,0.0,,,,,,,
2026-09-07T20:45:21Z,elpais,0,0,0,0,0,,,,,,,,
2026-09-07T20:45:21Z,corriere,1,239,55,0,0,0.0,,,,,,,
2026-09-07T20:45:21Z,cbc,1,31,55,1,1,0.01818,-1.0,,,,,,
2026-09-07T20:45:21Z,abcau,1,71,55,1,3,0.05455,0.0,,,,,,
2026-09-07T20:46:34Z,nyt,1,32,55,0,0,0.0,,,,,,,
2026-09-07T20:46:34Z,usatoday,1,27,55,0,0,0.0,,,,,,,
2026-09-07T20:46:34Z,nypost,1,160,55,1,1,0.01818,2.0,,,,,,
2026-09-07T20:46:34Z,cnn,1,46,55,0,0,0.0,,,,,,,
2026-09-07T20:46:34Z,foxnews,1,117,55,0,0,0.0,,,,,,,
2026-09-07T20:46:34Z,nbcnews,1,45,55,0,0,0.0,,,,,,,
2026-09-07T20:46:34Z,newsweek,1,77,55,0,0,0.0,,,,,,,
2026-09-07T20:46:34Z,bbc,1,32,55,0,0,0.0,,,,,,,
2026-09-07T20:46:34Z,guardian,1,34,55,0,0,0.0,,,,,,,
2026-09-07T20:46:34Z,thetimes,1,96,55,1,10,0.18182,-1.0,,,,,,
2026-09-07T20:46:34Z,dailymail,1,372,55,0,0,0.0,,,,,,,
2026-09-07T20:46:34Z,dw,1,40,55,2,4,0.07273,-0.75,,,,,,
2026-09-07T20:46:34Z,ap,0,0,0,0,0,,,,,,,,
2026-09-07T20:46:34Z,lemonde,1,38,55,0,0,0.0,,,,,,,
2026-09-07T20:46:34Z,lefigaro,1,191,55,0,0,0.0,,,,,,,
2026-09-07T20:46:34Z,spiegel,1,165,55,1,1,0.01818,1.0,,,,,,
2026-09-07T20:46:34Z,bild,1,168,55,0,0,0.0,,,,,,,
2026-09-07T20:46:34Z,elpais,1,114,55,1,5,0.09091,0.0,,,,,,
2026-09-07T20:46:34Z,corriere,1,243,55,0,0,0.0,,,,,,,
2026-09-07T20:46:34Z,cbc,1,31,55,1,1,0.01818,-1.0,,,,,,
2026-09-07T20:46:34Z,abcau,1,71,55,1,3,0.05455,0.0,,,,,,
2026-09-07T21:45:26Z,nyt,1,31,55,0,0,0.0,,,,,,,
2026-09-07T21:45:26Z,usatoday,1,27,55,0,0,0.0,,,,,,,
2026-09-07T21:45:26Z,nypost,1,163,55,1,1,0.01818,2.0,,,,,,
2026-09-07T21:45:26Z,cnn,1,46,55,0,0,0.0,,,,,,,
2026-09-07T21:45:26Z,foxnews,1,118,55,0,0,0.0,,,,,,,
2026-09-07T21:45:26Z,nbcnews,1,46,55,0,0,0.0,,,,,,,
2026-09-07T21:45:26Z,newsweek,1,77,55,0,0,0.0,,,,,,,
2026-09-07T21:45:26Z,bbc,1,33,55,0,0,0.0,,,,,,,
2026-09-07T21:45:26Z,guardian,1,35,55,0,0,0.0,,,,,,,
2026-09-07T21:45:26Z,thetimes,1,98,55,1,10,0.18182,-1.0,,,,,,
2026-09-07T21:45:26Z,dailymail,1,374,55,0,0,0.0,,,,,,,
2026-09-07T21:45:26Z,dw,1,40,55,2,4,0.07273,-0.75,,,,,,
2026-09-07T21:45:26Z,ap,0,0,0,0,0,,,,,,,,
2026-09-07T21:45:26Z,lemonde,1,238,55,0,0,0.0,,,,,,,
2026-09-07T21:45:26Z,lefigaro,1,194,55,0,0,0.0,,,,,,,
2026-09-07T21:45:26Z,spiegel,1,164,55,1,1,0.01818,1.0,,,,,,
2026-09-07T21:45:26Z,bild,1,169,55,0,0,0.0,,,,,,,
2026-09-07T21:45:26Z,elpais,1,111,55,0,0,0.0,,,,,,,
2026-09-07T21:45:26Z,corriere,1,242,55,0,0,0.0,,,,,,,
2026-09-07T21:45:26Z,cbc,1,30,55,1,3,0.05455,-1.0,,,,,,
2026-09-07T21:45:26Z,abcau,1,80,55,1,3,0.05455,0.0,,,,,,
2026-09-07T22:45:23Z,nyt,1,31,55,0,0,0.0,,,,,,,
2026-09-07T22:45:23Z,usatoday,1,27,55,0,0,0.0,,,,,,,
2026-09-07T22:45:23Z,nypost,1,166,55,1,1,0.01818,2.0,,,,,,
2026-09-07T22:45:23Z,cnn,1,46,55,0,0,0.0,,,,,,,
2026-09-07T22:45:23Z,foxnews,1,119,55,0,0,0.0,,,,,,,
2026-09-07T22:45:23Z,nbcnews,1,47,55,0,0,0.0,,,,,,,
2026-09-07T22:45:23Z,newsweek,1,77,55,0,0,0.0,,,,,,,
2026-09-07T22:45:23Z,bbc,1,32,55,2,8,0.14545,-0.625,,,,,,
2026-09-07T22:45:23Z,guardian,1,32,55,0,0,0.0,,,,,,,
2026-09-07T22:45:23Z,thetimes,1,98,55,1,10,0.18182,-1.0,,,,,,
2026-09-07T22:45:23Z,dailymail,1,388,55,0,0,0.0,,,,,,,
2026-09-07T22:45:23Z,dw,1,39,55,2,4,0.07273,-0.75,,,,,,
2026-09-07T22:45:23Z,ap,0,0,0,0,0,,,,,,,,
2026-09-07T22:45:23Z,lemonde,1,38,55,0,0,0.0,,,,,,,
2026-09-07T22:45:23Z,lefigaro,1,193,55,0,0,0.0,,,,,,,
2026-09-07T22:45:23Z,spiegel,1,167,55,1,1,0.01818,1.0,,,,,,
2026-09-07T22:45:23Z,bild,1,168,55,0,0,0.0,,,,,,,
2026-09-07T22:45:23Z,elpais,1,113,55,1,5,0.09091,0.0,,,,,,
2026-09-07T22:45:23Z,corriere,1,242,55,0,0,0.0,,,,,,,
2026-09-07T22:45:23Z,cbc,1,30,55,1,1,0.01818,-1.0,,,,,,
2026-09-07T22:45:23Z,abcau,1,81,55,1,3,0.05455,0.0,,,,,,
2026-09-07T23:28:15Z,nyt,1,32,55,0,0,0.0,,,,,,,
2026-09-07T23:28:15Z,usatoday,1,27,55,0,0,0.0,,,,,,,
2026-09-07T23:28:15Z,nypost,1,162,55,1,1,0.01818,2.0,,,,,,
2026-09-07T23:28:15Z,cnn,1,47,55,0,0,0.0,,,,,,,
2026-09-07T23:28:15Z,foxnews,1,118,55,0,0,0.0,,,,,,,
2026-09-07T23:28:15Z,nbcnews,1,47,55,0,0,0.0,,,,,,,
2026-09-07T23:28:15Z,newsweek,1,77,55,0,0,0.0,,,,,,,
2026-09-07T23:28:15Z,bbc,1,31,55,2,8,0.14545,-0.625,,,,,,
2026-09-07T23:28:15Z,guardian,1,31,55,1,1,0.01818,0.0,,,,,,
2026-09-07T23:28:15Z,thetimes,1,98,55,1,10,0.18182,-1.0,,,,,,
2026-09-07T23:28:15Z,dailymail,1,388,55,0,0,0.0,,,,,,,
2026-09-07T23:28:15Z,dw,1,39,55,2,4,0.07273,-0.75,,,,,,
2026-09-07T23:28:15Z,ap,0,0,0,0,0,,,,,,,,
2026-09-07T23:28:15Z,lemonde,1,38,55,0,0,0.0,,,,,,,
2026-09-07T23:28:15Z,lefigaro,1,193,55,0,0,0.0,,,,,,,
2026-09-07T23:28:15Z,spiegel,1,167,55,1,1,0.01818,1.0,,,,,,
2026-09-07T23:28:15Z,bild,1,168,55,0,0,0.0,,,,,,,
2026-09-07T23:28:15Z,elpais,1,113,55,1,5,0.09091,0.0,,,,,,
2026-09-07T23:28:15Z,corriere,1,242,55,0,0,0.0,,,,,,,
2026-09-07T23:28:15Z,cbc,1,30,55,1,1,0.01818,-1.0,,,,,,
2026-09-07T23:28:15Z,abcau,1,85,55,1,1,0.01818,0.0,,,,,,
2026-09-07T23:44:08Z,nyt,1,32,55,0,0,0.0,,,,,,,
2026-09-07T23:44:08Z,usatoday,1,27,55,0,0,0.0,,,,,,,
2026-09-07T23:44:08Z,nypost,1,161,55,1,1,0.01818,2.0,,,,,,
2026-09-07T23:44:08Z,cnn,1,47,55,0,0,0.0,,,,,,,
2026-09-07T23:44:08Z,foxnews,1,118,55,0,0,0.0,,,,,,,
2026-09-07T23:44:08Z,nbcnews,1,47,55,0,0,0.0,,,,,,,
2026-09-07T23:44:08Z,newsweek,1,77,55,0,0,0.0,,,,,,,
2026-09-07T23:44:08Z,bbc,1,32,55,2,6,0.10909,-0.833,,,,,,
2026-09-07T23:44:08Z,guardian,1,31,55,1,1,0.01818,0.0,,,,,,
2026-09-07T23:44:08Z,thetimes,1,98,55,1,10,0.18182,-1.0,,,,,,
2026-09-07T23:44:08Z,dailymail,1,389,55,0,0,0.0,,,,,,,
2026-09-07T23:44:08Z,dw,1,39,55,2,4,0.07273,-0.75,,,,,,
2026-09-07T23:44:08Z,ap,0,0,0,0,0,,,,,,,,
2026-09-07T23:44:08Z,lemonde,1,38,55,0,0,0.0,,,,,,,
2026-09-07T23:44:08Z,lefigaro,1,193,55,0,0,0.0,,,,,,,
2026-09-07T23:44:08Z,spiegel,1,167,55,1,1,0.01818,1.0,,,,,,
2026-09-07T23:44:08Z,bild,1,169,55,0,0,0.0,,,,,,,
2026-09-07T23:44:08Z,elpais,0,0,0,0,0,,,,,,,,
2026-09-07T23:44:08Z,corriere,1,242,55,0,0,0.0,,,,,,,
2026-09-07T23:44:08Z,cbc,1,30,55,1,1,0.01818,-1.0,,,,,,
2026-09-07T23:44:08Z,abcau,1,83,55,1,1,0.01818,0.0,,,,,,
2026-09-07T23:45:22Z,nyt,1,32,55,0,0,0.0,,,,,,,
2026-09-07T23:45:22Z,usatoday,1,27,55,0,0,0.0,,,,,,,
2026-09-07T23:45:22Z,nypost,1,161,55,1,1,0.01818,2.0,,,,,,
2026-09-07T23:45:22Z,cnn,1,47,55,0,0,0.0,,,,,,,
2026-09-07T23:45:22Z,foxnews,1,118,55,0,0,0.0,,,,,,,
2026-09-07T23:45:22Z,nbcnews,1,47,55,0,0,0.0,,,,,,,
2026-09-07T23:45:22Z,newsweek,1,77,55,0,0,0.0,,,,,,,
2026-09-07T23:45:22Z,bbc,1,32,55,2,6,0.10909,-0.833,,,,,,
2026-09-07T23:45:22Z,guardian,1,31,55,1,1,0.01818,0.0,,,,,,
2026-09-07T23:45:22Z,thetimes,1,98,55,1,10,0.18182,-1.0,,,,,,
2026-09-07T23:45:22Z,dailymail,1,389,55,0,0,0.0,,,,,,,
2026-09-07T23:45:22Z,dw,1,39,55,2,4,0.07273,-0.75,,,,,,
2026-09-07T23:45:22Z,ap,0,0,0,0,0,,,,,,,,
2026-09-07T23:45:22Z,lemonde,1,38,55,0,0,0.0,,,,,,,
2026-09-07T23:45:22Z,lefigaro,1,193,55,0,0,0.0,,,,,,,
2026-09-07T23:45:22Z,spiegel,1,167,55,1,1,0.01818,1.0,,,,,,
2026-09-07T23:45:22Z,bild,1,169,55,0,0,0.0,,,,,,,
2026-09-07T23:45:22Z,elpais,0,0,0,0,0,,,,,,,,
2026-09-07T23:45:22Z,corriere,1,242,55,0,0,0.0,,,,,,,
2026-09-07T23:45:22Z,cbc,1,30,55,1,1,0.01818,-1.0,,,,,,
2026-09-07T23:45:22Z,abcau,1,83,55,1,1,0.01818,0.0,,,,,,
2026-09-08T00:45:26Z,nyt,1,32,55,0,0,0.0,,,,,,,
2026-09-08T00:45:26Z,usatoday,1,27,55,0,0,0.0,,,,,,,
2026-09-08T00:45:26Z,nypost,1,162,55,1,1,0.01818,2.0,,,,,,
2026-09-08T00:45:26Z,cnn,1,43,55,0,0,0.0,,,,,,,
2026-09-08T00:45:26Z,foxnews,1,118,55,0,0,0.0,,,,,,,
2026-09-08T00:45:26Z,nbcnews,1,47,55,0,0,0.0,,,,,,,
2026-09-08T00:45:26Z,newsweek,1,77,55,0,0,0.0,,,,,,,
2026-09-08T00:45:26Z,bbc,1,30,55,2,6,0.10909,-0.833,,,,,,
2026-09-08T00:45:26Z,guardian,1,31,55,0,0,0.0,,,,,,,
2026-09-08T00:45:26Z,thetimes,1,98,55,1,10,0.18182,-1.0,,,,,,
2026-09-08T00:45:26Z,dailymail,1,389,55,0,0,0.0,,,,,,,
2026-09-08T00:45:26Z,dw,1,39,55,2,4,0.07273,-0.75,,,,,,
2026-09-08T00:45:26Z,ap,0,0,0,0,0,,,,,,,,
2026-09-08T00:45:26Z,lemonde,1,38,55,0,0,0.0,,,,,,,
2026-09-08T00:45:26Z,lefigaro,1,194,55,0,0,0.0,,,,,,,
2026-09-08T00:45:26Z,spiegel,1,167,55,1,1,0.01818,1.0,,,,,,
2026-09-08T00:45:26Z,bild,1,169,55,0,0,0.0,,,,,,,
2026-09-08T00:45:26Z,elpais,0,0,0,0,0,,,,,,,,
2026-09-08T00:45:26Z,corriere,1,243,55,0,0,0.0,,,,,,,
2026-09-08T00:45:26Z,cbc,1,30,55,1,1,0.01818,-1.0,,,,,,
2026-09-08T00:45:26Z,abcau,1,81,55,1,1,0.01818,0.0,,,,,,
2026-09-08T01:45:30Z,nyt,1,32,55,0,0,0.0,,,,,,,
2026-09-08T01:45:30Z,usatoday,1,27,55,0,0,0.0,,,,,,,
2026-09-08T01:45:30Z,nypost,1,129,55,1,3,0.05455,2.0,,,,,,
2026-09-08T01:45:30Z,cnn,1,43,55,0,0,0.0,,,,,,,
2026-09-08T01:45:30Z,foxnews,1,117,55,0,0,0.0,,,,,,,
2026-09-08T01:45:30Z,nbcnews,1,48,55,0,0,0.0,,,,,,,
2026-09-08T01:45:30Z,newsweek,1,77,55,0,0,0.0,,,,,,,
2026-09-08T01:45:30Z,bbc,1,31,55,2,6,0.10909,-1.0,,,,,,
2026-09-08T01:45:30Z,guardian,1,29,55,0,0,0.0,,,,,,,
2026-09-08T01:45:30Z,thetimes,1,0,0,0,0,,,,,,,,
2026-09-08T01:45:30Z,dailymail,1,376,55,2,10,0.18182,0.5,,,,,,
2026-09-08T01:45:30Z,dw,1,39,55,2,4,0.07273,-0.75,,,,,,
2026-09-08T01:45:30Z,ap,0,0,0,0,0,,,,,,,,
2026-09-08T01:45:30Z,lemonde,1,38,55,0,0,0.0,,,,,,,
2026-09-08T01:45:30Z,lefigaro,1,194,55,0,0,0.0,,,,,,,
2026-09-08T01:45:30Z,spiegel,1,167,55,1,1,0.01818,1.0,,,,,,
2026-09-08T01:45:30Z,bild,1,168,55,0,0,0.0,,,,,,,
2026-09-08T01:45:30Z,elpais,1,113,55,1,5,0.09091,0.0,,,,,,
2026-09-08T01:45:30Z,corriere,1,243,55,0,0,0.0,,,,,,,
2026-09-08T01:45:30Z,cbc,1,30,55,1,1,0.01818,-1.0,,,,,,
2026-09-08T01:45:30Z,abcau,1,82,55,1,1,0.01818,0.0,,,,,,
2026-09-08T02:45:24Z,nyt,1,33,55,0,0,0.0,,,,,,,
2026-09-08T02:45:24Z,usatoday,1,27,55,0,0,0.0,,,,,,,
2026-09-08T02:45:24Z,nypost,1,160,55,1,1,0.01818,2.0,,,,,,
2026-09-08T02:45:24Z,cnn,1,43,55,0,0,0.0,,,,,,,
2026-09-08T02:45:24Z,foxnews,1,118,55,1,1,0.01818,-1.0,,,,,,
2026-09-08T02:45:24Z,nbcnews,1,47,55,0,0,0.0,,,,,,,
2026-09-08T02:45:24Z,newsweek,1,77,55,0,0,0.0,,,,,,,
2026-09-08T02:45:24Z,bbc,1,32,55,2,6,0.10909,-1.0,,,,,,
2026-09-08T02:45:24Z,guardian,1,29,55,0,0,0.0,,,,,,,
2026-09-08T02:45:24Z,thetimes,1,98,55,1,10,0.18182,-1.0,,,,,,
2026-09-08T02:45:24Z,dailymail,1,376,55,2,10,0.18182,-0.5,,,,,,
2026-09-08T02:45:24Z,dw,1,39,55,2,4,0.07273,-0.75,,,,,,
2026-09-08T02:45:24Z,ap,0,0,0,0,0,,,,,,,,
2026-09-08T02:45:24Z,lemonde,1,35,55,0,0,0.0,,,,,,,
2026-09-08T02:45:24Z,lefigaro,1,194,55,0,0,0.0,,,,,,,
2026-09-08T02:45:24Z,spiegel,1,167,55,1,1,0.01818,1.0,,,,,,
2026-09-08T02:45:24Z,bild,1,167,55,0,0,0.0,,,,,,,
2026-09-08T02:45:24Z,elpais,0,0,0,0,0,,,,,,,,
2026-09-08T02:45:24Z,corriere,1,243,55,0,0,0.0,,,,,,,
2026-09-08T02:45:24Z,cbc,1,30,55,2,2,0.03636,-1.0,,,,,,
2026-09-08T02:45:24Z,abcau,1,77,55,1,1,0.01818,0.0,,,,,,
2026-09-08T03:45:23Z,nyt,1,33,55,0,0,0.0,,,,,,,
2026-09-08T03:45:23Z,usatoday,1,27,55,0,0,0.0,,,,,,,
2026-09-08T03:45:23Z,nypost,1,159,55,1,1,0.01818,2.0,,,,,,
2026-09-08T03:45:23Z,cnn,1,44,55,0,0,0.0,,,,,,,
2026-09-08T03:45:23Z,foxnews,1,117,55,0,0,0.0,,,,,,,
2026-09-08T03:45:23Z,nbcnews,1,47,55,0,0,0.0,,,,,,,
2026-09-08T03:45:23Z,newsweek,1,77,55,1,3,0.05455,0.0,,,,,,
2026-09-08T03:45:23Z,bbc,1,31,55,2,8,0.14545,-1.0,,,,,,
2026-09-08T03:45:23Z,guardian,1,28,55,0,0,0.0,,,,,,,
2026-09-08T03:45:23Z,thetimes,1,98,55,1,10,0.18182,-1.0,,,,,,
2026-09-08T03:45:23Z,dailymail,1,376,55,2,10,0.18182,-0.5,,,,,,
2026-09-08T03:45:23Z,dw,1,39,55,2,4,0.07273,-0.75,,,,,,
2026-09-08T03:45:23Z,ap,0,0,0,0,0,,,,,,,,
2026-09-08T03:45:23Z,lemonde,1,35,55,0,0,0.0,,,,,,,
2026-09-08T03:45:23Z,lefigaro,1,194,55,0,0,0.0,,,,,,,
2026-09-08T03:45:23Z,spiegel,1,170,55,1,1,0.01818,1.0,,,,,,
2026-09-08T03:45:23Z,bild,1,168,55,0,0,0.0,,,,,,,
2026-09-08T03:45:23Z,elpais,0,0,0,0,0,,,,,,,,
2026-09-08T03:45:23Z,corriere,1,243,55,0,0,0.0,,,,,,,
2026-09-08T03:45:23Z,cbc,1,30,55,2,2,0.03636,-1.0,,,,,,
2026-09-08T03:45:23Z,abcau,1,76,55,0,0,0.0,,,,,,,
2026-09-08T04:27:54Z,nyt,1,30,55,0,0,0.0,,,,,,,
2026-09-08T04:27:54Z,usatoday,1,27,55,0,0,0.0,,,,,,,
2026-09-08T04:27:54Z,nypost,1,163,55,1,1,0.01818,2.0,,,,,,
2026-09-08T04:27:54Z,cnn,1,44,55,0,0,0.0,,,,,,,
2026-09-08T04:27:54Z,foxnews,1,117,55,0,0,0.0,,,,,,,
2026-09-08T04:27:54Z,nbcnews,1,47,55,0,0,0.0,,,,,,,
2026-09-08T04:27:54Z,newsweek,1,77,55,1,3,0.05455,0.0,,,,,,
2026-09-08T04:27:54Z,bbc,1,30,55,2,8,0.14545,-1.0,,,,,,
2026-09-08T04:27:54Z,guardian,1,28,55,0,0,0.0,,,,,,,
2026-09-08T04:27:54Z,thetimes,1,98,55,1,10,0.18182,-1.0,,,,,,
2026-09-08T04:27:54Z,dailymail,1,376,55,2,10,0.18182,-0.5,,,,,,
2026-09-08T04:27:54Z,dw,1,39,55,2,4,0.07273,-0.75,,,,,,
2026-09-08T04:27:54Z,ap,0,0,0,0,0,,,,,,,,
2026-09-08T04:27:54Z,lemonde,1,34,55,0,0,0.0,,,,,,,
2026-09-08T04:27:54Z,lefigaro,1,198,55,0,0,0.0,,,,,,,
2026-09-08T04:27:54Z,spiegel,1,172,55,0,0,0.0,,,,,,,
2026-09-08T04:27:54Z,bild,1,169,55,0,0,0.0,,,,,,,
2026-09-08T04:27:54Z,elpais,0,0,0,0,0,,,,,,,,
2026-09-08T04:27:54Z,corriere,1,244,55,0,0,0.0,,,,,,,
2026-09-08T04:27:54Z,cbc,1,29,55,2,2,0.03636,-1.0,,,,,,
2026-09-08T04:27:54Z,abcau,1,70,55,0,0,0.0,,,,,,,
2026-09-08T04:45:25Z,nyt,1,30,55,0,0,0.0,,,,,,,
2026-09-08T04:45:25Z,usatoday,1,27,55,0,0,0.0,,,,,,,
2026-09-08T04:45:25Z,nypost,1,129,55,0,0,0.0,,,,,,,
2026-09-08T04:45:25Z,cnn,1,44,55,0,0,0.0,,,,,,,
2026-09-08T04:45:25Z,foxnews,1,117,55,0,0,0.0,,,,,,,
2026-09-08T04:45:25Z,nbcnews,1,47,55,0,0,0.0,,,,,,,
2026-09-08T04:45:25Z,newsweek,1,77,55,1,3,0.05455,0.0,,,,,,
2026-09-08T04:45:25Z,bbc,1,29,55,2,8,0.14545,-1.0,,,,,,
2026-09-08T04:45:25Z,guardian,1,28,55,0,0,0.0,,,,,,,
2026-09-08T04:45:25Z,thetimes,1,98,55,1,10,0.18182,-1.0,,,,,,
2026-09-08T04:45:25Z,dailymail,1,376,55,2,10,0.18182,-0.5,,,,,,
2026-09-08T04:45:25Z,dw,1,39,55,2,4,0.07273,-0.75,,,,,,
2026-09-08T04:45:25Z,ap,0,0,0,0,0,,,,,,,,
2026-09-08T04:45:25Z,lemonde,1,34,55,0,0,0.0,,,,,,,
2026-09-08T04:45:25Z,lefigaro,1,179,55,0,0,0.0,,,,,,,
2026-09-08T04:45:25Z,spiegel,1,172,55,0,0,0.0,,,,,,,
2026-09-08T04:45:25Z,bild,1,169,55,0,0,0.0,,,,,,,
2026-09-08T04:45:25Z,elpais,0,0,0,0,0,,,,,,,,
2026-09-08T04:45:25Z,corriere,1,244,55,0,0,0.0,,,,,,,
2026-09-08T04:45:25Z,cbc,1,29,55,2,2,0.03636,-1.0,,,,,,
2026-09-08T04:45:25Z,abcau,1,70,55,0,0,0.0,,,,,,,
2026-09-08T05:10:24Z,nyt,1,30,55,0,0,0.0,,,,,,,
2026-09-08T05:10:24Z,usatoday,1,27,55,0,0,0.0,,,,,,,
2026-09-08T05:10:24Z,nypost,1,163,55,0,0,0.0,,,,,,,
2026-09-08T05:10:24Z,cnn,1,44,55,0,0,0.0,,,,,,,
2026-09-08T05:10:24Z,foxnews,1,117,55,0,0,0.0,,,,,,,
2026-09-08T05:10:24Z,nbcnews,1,48,55,0,0,0.0,,,,,,,
2026-09-08T05:10:24Z,newsweek,1,77,55,1,3,0.05455,0.0,,,,,,
2026-09-08T05:10:24Z,bbc,1,29,55,1,5,0.09091,-1.0,,,,,,
2026-09-08T05:10:24Z,guardian,1,28,55,0,0,0.0,,,,,,,
2026-09-08T05:10:24Z,thetimes,1,98,55,1,10,0.18182,-1.0,,,,,,
2026-09-08T05:10:24Z,dailymail,1,376,55,2,10,0.18182,-0.5,,,,,,
2026-09-08T05:10:24Z,dw,1,39,55,2,4,0.07273,-0.75,,,,,,
2026-09-08T05:10:24Z,ap,0,0,0,0,0,,,,,,,,
2026-09-08T05:10:24Z,lemonde,1,34,55,0,0,0.0,,,,,,,
2026-09-08T05:10:24Z,lefigaro,1,185,55,0,0,0.0,,,,,,,
2026-09-08T05:10:24Z,spiegel,1,172,55,0,0,0.0,,,,,,,
2026-09-08T05:10:24Z,bild,1,169,55,0,0,0.0,,,,,,,
2026-09-08T05:10:24Z,elpais,0,0,0,0,0,,,,,,,,
2026-09-08T05:10:24Z,corriere,1,241,55,0,0,0.0,,,,,,,
2026-09-08T05:10:24Z,cbc,1,29,55,2,2,0.03636,-1.0,,,,,,
2026-09-08T05:10:24Z,abcau,1,68,55,0,0,0.0,,,,,,,
2026-09-08T05:45:22Z,nyt,1,30,55,0,0,0.0,,,,,,,
2026-09-08T05:45:22Z,usatoday,1,27,55,0,0,0.0,,,,,,,
2026-09-08T05:45:22Z,nypost,1,163,55,0,0,0.0,,,,,,,
2026-09-08T05:45:22Z,cnn,1,45,55,0,0,0.0,,,,,,,
2026-09-08T05:45:22Z,foxnews,1,117,55,0,0,0.0,,,,,,,
2026-09-08T05:45:22Z,nbcnews,1,48,55,0,0,0.0,,,,,,,
2026-09-08T05:45:22Z,newsweek,1,77,55,1,3,0.05455,0.0,,,,,,
2026-09-08T05:45:22Z,bbc,1,31,55,2,6,0.10909,-1.0,,,,,,
2026-09-08T05:45:22Z,guardian,1,25,55,0,0,0.0,,,,,,,
2026-09-08T05:45:22Z,thetimes,1,98,55,1,10,0.18182,-1.0,,,,,,
2026-09-08T05:45:22Z,dailymail,1,376,55,2,10,0.18182,-0.5,,,,,,
2026-09-08T05:45:22Z,dw,1,39,55,2,4,0.07273,-0.75,,,,,,
2026-09-08T05:45:22Z,ap,0,0,0,0,0,,,,,,,,
2026-09-08T05:45:22Z,lemonde,1,34,55,0,0,0.0,,,,,,,
2026-09-08T05:45:22Z,lefigaro,1,188,55,0,0,0.0,,,,,,,
2026-09-08T05:45:22Z,spiegel,1,173,55,0,0,0.0,,,,,,,
2026-09-08T05:45:22Z,bild,1,166,55,0,0,0.0,,,,,,,
2026-09-08T05:45:22Z,elpais,0,0,0,0,0,,,,,,,,
2026-09-08T05:45:22Z,corriere,1,237,55,0,0,0.0,,,,,,,
2026-09-08T05:45:22Z,cbc,1,29,55,2,2,0.03636,-1.0,,,,,,
2026-09-08T05:45:22Z,abcau,1,70,55,0,0,0.0,,,,,,,
2026-09-08T06:45:27Z,nyt,1,30,55,0,0,0.0,,,,,,,
2026-09-08T06:45:27Z,usatoday,1,27,55,0,0,0.0,,,,,,,
2026-09-08T06:45:27Z,nypost,1,163,55,0,0,0.0,,,,,,,
2026-09-08T06:45:27Z,cnn,1,44,55,0,0,0.0,,,,,,,
2026-09-08T06:45:27Z,foxnews,1,117,55,0,0,0.0,,,,,,,
2026-09-08T06:45:27Z,nbcnews,1,48,55,0,0,0.0,,,,,,,
2026-09-08T06:45:27Z,newsweek,1,77,55,1,3,0.05455,0.0,,,,,,
2026-09-08T06:45:27Z,bbc,1,30,55,2,8,0.14545,-1.0,,,,,,
2026-09-08T06:45:27Z,guardian,1,30,55,0,0,0.0,,,,,,,
2026-09-08T06:45:27Z,thetimes,1,100,55,1,10,0.18182,-1.0,,,,,,
2026-09-08T06:45:27Z,dailymail,1,390,55,2,10,0.18182,-0.5,,,,,,
2026-09-08T06:45:27Z,dw,1,40,55,2,4,0.07273,-0.75,,,,,,
2026-09-08T06:45:27Z,ap,0,0,0,0,0,,,,,,,,
2026-09-08T06:45:27Z,lemonde,1,34,55,0,0,0.0,,,,,,,
2026-09-08T06:45:27Z,lefigaro,1,185,55,0,0,0.0,,,,,,,
2026-09-08T06:45:27Z,spiegel,1,173,55,0,0,0.0,,,,,,,
2026-09-08T06:45:27Z,bild,1,167,55,0,0,0.0,,,,,,,
2026-09-08T06:45:27Z,elpais,0,0,0,0,0,,,,,,,,
2026-09-08T06:45:27Z,corriere,1,241,55,0,0,0.0,,,,,,,
2026-09-08T06:45:27Z,cbc,1,29,55,2,2,0.03636,-1.0,,,,,,
2026-09-08T06:45:27Z,abcau,1,74,55,0,0,0.0,,,,,,,
2026-09-08T07:45:23Z,nyt,1,33,55,0,0,0.0,,,,,,,
2026-09-08T07:45:23Z,usatoday,1,27,55,0,0,0.0,,,,,,,
2026-09-08T07:45:23Z,nypost,1,164,55,0,0,0.0,,,,,,,
2026-09-08T07:45:23Z,cnn,1,44,55,0,0,0.0,,,,,,,
2026-09-08T07:45:23Z,foxnews,1,117,55,0,0,0.0,,,,,,,
2026-09-08T07:45:23Z,nbcnews,1,48,55,1,1,0.01818,-1.0,,,,,,
2026-09-08T07:45:23Z,newsweek,1,77,55,1,3,0.05455,0.0,,,,,,
2026-09-08T07:45:23Z,bbc,1,31,55,2,8,0.14545,-1.0,,,,,,
2026-09-08T07:45:23Z,guardian,1,32,55,0,0,0.0,,,,,,,
2026-09-08T07:45:23Z,thetimes,1,100,55,1,10,0.18182,-1.0,,,,,,
2026-09-08T07:45:23Z,dailymail,1,321,55,1,3,0.05455,-1.0,,,,,,
2026-09-08T07:45:23Z,dw,1,40,55,1,1,0.01818,0.0,,,,,,
2026-09-08T07:45:23Z,ap,0,0,0,0,0,,,,,,,,
2026-09-08T07:45:23Z,lemonde,1,36,55,0,0,0.0,,,,,,,
2026-09-08T07:45:23Z,lefigaro,1,184,55,0,0,0.0,,,,,,,
2026-09-08T07:45:23Z,spiegel,1,170,55,0,0,0.0,,,,,,,
2026-09-08T07:45:23Z,bild,1,168,55,0,0,0.0,,,,,,,
2026-09-08T07:45:23Z,elpais,0,0,0,0,0,,,,,,,,
2026-09-08T07:45:23Z,corriere,1,237,55,0,0,0.0,,,,,,,
2026-09-08T07:45:23Z,cbc,1,29,55,2,2,0.03636,-1.0,,,,,,
2026-09-08T07:45:23Z,abcau,1,75,55,0,0,0.0,,,,,,,
2026-09-08T08:45:25Z,nyt,1,35,55,1,1,0.01818,-1.0,,,,,,
2026-09-08T08:45:25Z,usatoday,1,26,55,0,0,0.0,,,,,,,
2026-09-08T08:45:25Z,nypost,1,163,55,0,0,0.0,,,,,,,
2026-09-08T08:45:25Z,cnn,1,44,55,0,0,0.0,,,,,,,
2026-09-08T08:45:25Z,foxnews,1,118,55,0,0,0.0,,,,,,,
2026-09-08T08:45:25Z,nbcnews,1,51,55,1,1,0.01818,-1.0,,,,,,
2026-09-08T08:45:25Z,newsweek,1,77,55,0,0,0.0,,,,,,,
2026-09-08T08:45:25Z,bbc,1,35,55,2,8,0.14545,-1.0,,,,,,
2026-09-08T08:45:25Z,guardian,1,37,55,1,5,0.09091,0.0,,,,,,
2026-09-08T08:45:25Z,thetimes,1,101,55,1,10,0.18182,1.0,,,,,,
2026-09-08T08:45:25Z,dailymail,1,302,55,1,3,0.05455,1.0,,,,,,
2026-09-08T08:45:25Z,dw,1,40,55,1,1,0.01818,0.0,,,,,,
2026-09-08T08:45:25Z,ap,0,0,0,0,0,,,,,,,,
2026-09-08T08:45:25Z,lemonde,1,37,55,0,0,0.0,,,,,,,
2026-09-08T08:45:25Z,lefigaro,1,188,55,0,0,0.0,,,,,,,
2026-09-08T08:45:25Z,spiegel,1,170,55,0,0,0.0,,,,,,,
2026-09-08T08:45:25Z,bild,1,171,55,0,0,0.0,,,,,,,
2026-09-08T08:45:25Z,elpais,0,0,0,0,0,,,,,,,,
2026-09-08T08:45:25Z,corriere,1,243,55,0,0,0.0,,,,,,,
2026-09-08T08:45:25Z,cbc,1,29,55,2,2,0.03636,-1.0,,,,,,
2026-09-08T08:45:25Z,abcau,1,75,55,0,0,0.0,,,,,,,
2026-09-08T09:36:04Z,nyt,1,35,55,1,1,0.01818,-1.0,,,,,,
2026-09-08T09:36:04Z,usatoday,1,25,55,0,0,0.0,,,,,,,
2026-09-08T09:36:04Z,nypost,1,161,55,0,0,0.0,,,,,,,
2026-09-08T09:36:04Z,cnn,1,44,55,0,0,0.0,,,,,,,
2026-09-08T09:36:04Z,foxnews,1,121,55,0,0,0.0,,,,,,,
2026-09-08T09:36:04Z,nbcnews,1,54,55,0,0,0.0,,,,,,,
2026-09-08T09:36:04Z,newsweek,1,78,55,0,0,0.0,,,,,,,
2026-09-08T09:36:04Z,bbc,1,35,55,2,8,0.14545,-1.0,,,,,,
2026-09-08T09:36:04Z,guardian,1,37,55,1,5,0.09091,0.0,,,,,,
2026-09-08T09:36:04Z,thetimes,1,101,55,1,10,0.18182,1.0,,,,,,
2026-09-08T09:36:04Z,dailymail,1,318,55,2,10,0.18182,0.5,,,,,,
2026-09-08T09:36:04Z,dw,1,41,55,1,1,0.01818,0.0,,,,,,
2026-09-08T09:36:04Z,ap,0,0,0,0,0,,,,,,,,
2026-09-08T09:36:04Z,lemonde,1,37,55,0,0,0.0,,,,,,,
2026-09-08T09:36:04Z,lefigaro,1,191,55,0,0,0.0,,,,,,,
2026-09-08T09:36:04Z,spiegel,1,168,55,0,0,0.0,,,,,,,
2026-09-08T09:36:04Z,bild,1,171,55,0,0,0.0,,,,,,,
2026-09-08T09:36:04Z,elpais,0,0,0,0,0,,,,,,,,
2026-09-08T09:36:04Z,corriere,1,237,55,0,0,0.0,,,,,,,
2026-09-08T09:36:04Z,cbc,1,29,55,2,2,0.03636,-1.0,,,,,,
2026-09-08T09:36:04Z,abcau,1,77,55,0,0,0.0,,,,,,,
2026-09-08T09:45:22Z,nyt,1,35,55,1,1,0.01818,-1.0,,,,,,
2026-09-08T09:45:22Z,usatoday,1,25,55,0,0,0.0,,,,,,,
2026-09-08T09:45:22Z,nypost,1,161,55,0,0,0.0,,,,,,,
2026-09-08T09:45:22Z,cnn,1,47,55,0,0,0.0,,,,,,,
2026-09-08T09:45:22Z,foxnews,1,119,55,0,0,0.0,,,,,,,
2026-09-08T09:45:22Z,nbcnews,1,53,55,0,0,0.0,,,,,,,
2026-09-08T09:45:22Z,newsweek,1,78,55,0,0,0.0,,,,,,,
2026-09-08T09:45:22Z,bbc,1,34,55,2,8,0.14545,-1.0,,,,,,
2026-09-08T09:45:22Z,guardian,1,39,55,1,5,0.09091,0.0,,,,,,
2026-09-08T09:45:22Z,thetimes,1,101,55,1,10,0.18182,1.0,,,,,,
2026-09-08T09:45:22Z,dailymail,1,319,55,2,10,0.18182,0.5,,,,,,
2026-09-08T09:45:22Z,dw,1,43,55,2,4,0.07273,-0.75,,,,,,
2026-09-08T09:45:22Z,ap,0,0,0,0,0,,,,,,,,
2026-09-08T09:45:22Z,lemonde,1,37,55,0,0,0.0,,,,,,,
2026-09-08T09:45:22Z,lefigaro,1,192,55,0,0,0.0,,,,,,,
2026-09-08T09:45:22Z,spiegel,1,168,55,0,0,0.0,,,,,,,
2026-09-08T09:45:22Z,bild,1,172,55,0,0,0.0,,,,,,,
2026-09-08T09:45:22Z,elpais,0,0,0,0,0,,,,,,,,
2026-09-08T09:45:22Z,corriere,1,240,55,0,0,0.0,,,,,,,
2026-09-08T09:45:22Z,cbc,1,29,55,2,2,0.03636,-1.0,,,,,,
2026-09-08T09:45:22Z,abcau,1,73,55,0,0,0.0,,,,,,,
2026-09-08T10:03:47Z,nyt,1,32,55,2,2,0.03636,-0.5,,,,,,
2026-09-08T10:03:47Z,usatoday,1,25,55,0,0,0.0,,,,,,,
2026-09-08T10:03:47Z,nypost,1,163,55,0,0,0.0,,,,,,,
2026-09-08T10:03:47Z,cnn,1,47,55,0,0,0.0,,,,,,,
2026-09-08T10:03:47Z,foxnews,1,119,55,0,0,0.0,,,,,,,
2026-09-08T10:03:47Z,nbcnews,1,54,55,0,0,0.0,,,,,,,
2026-09-08T10:03:47Z,newsweek,1,78,55,0,0,0.0,,,,,,,
2026-09-08T10:03:47Z,bbc,1,34,55,2,8,0.14545,-1.0,,,,,,
2026-09-08T10:03:47Z,guardian,1,39,55,1,5,0.09091,0.0,,,,,,
2026-09-08T10:03:47Z,thetimes,1,92,55,1,10,0.18182,1.0,,,,,,
2026-09-08T10:03:47Z,dailymail,1,323,55,2,10,0.18182,0.5,,,,,,
2026-09-08T10:03:47Z,dw,1,42,55,2,4,0.07273,-0.75,,,,,,
2026-09-08T10:03:47Z,ap,0,0,0,0,0,,,,,,,,
2026-09-08T10:03:47Z,lemonde,1,37,55,0,0,0.0,,,,,,,
2026-09-08T10:03:47Z,lefigaro,1,190,55,0,0,0.0,,,,,,,
2026-09-08T10:03:47Z,spiegel,1,169,55,1,1,0.01818,0.0,,,,,,
2026-09-08T10:03:47Z,bild,1,171,55,0,0,0.0,,,,,,,
2026-09-08T10:03:47Z,elpais,0,0,0,0,0,,,,,,,,
2026-09-08T10:03:47Z,corriere,1,240,55,0,0,0.0,,,,,,,
2026-09-08T10:03:47Z,cbc,1,29,55,2,2,0.03636,-1.0,,,,,,
2026-09-08T10:03:47Z,abcau,1,75,55,0,0,0.0,,,,,,,
2026-09-08T10:45:27Z,nyt,1,33,55,2,2,0.03636,-0.5,,,,,,
2026-09-08T10:45:27Z,usatoday,1,27,55,0,0,0.0,,,,,,,
2026-09-08T10:45:27Z,nypost,1,163,55,0,0,0.0,,,,,,,
2026-09-08T10:45:27Z,cnn,1,48,55,0,0,0.0,,,,,,,
2026-09-08T10:45:27Z,foxnews,1,119,55,0,0,0.0,,,,,,,
2026-09-08T10:45:27Z,nbcnews,1,51,55,0,0,0.0,,,,,,,
2026-09-08T10:45:27Z,newsweek,1,78,55,0,0,0.0,,,,,,,
2026-09-08T10:45:27Z,bbc,1,33,55,2,8,0.14545,-1.0,,,,,,
2026-09-08T10:45:27Z,guardian,1,38,55,1,5,0.09091,0.0,,,,,,
2026-09-08T10:45:27Z,thetimes,0,0,0,0,0,,,,,,,,
2026-09-08T10:45:27Z,dailymail,1,323,55,2,10,0.18182,0.5,,,,,,
2026-09-08T10:45:27Z,dw,1,42,55,2,4,0.07273,-0.75,,,,,,
2026-09-08T10:45:27Z,ap,0,0,0,0,0,,,,,,,,
2026-09-08T10:45:27Z,lemonde,1,37,55,0,0,0.0,,,,,,,
2026-09-08T10:45:27Z,lefigaro,1,189,55,0,0,0.0,,,,,,,
2026-09-08T10:45:27Z,spiegel,1,169,55,0,0,0.0,,,,,,,
2026-09-08T10:45:27Z,bild,1,169,55,0,0,0.0,,,,,,,
2026-09-08T10:45:27Z,elpais,0,0,0,0,0,,,,,,,,
2026-09-08T10:45:27Z,corriere,1,239,55,0,0,0.0,,,,,,,
2026-09-08T10:45:27Z,cbc,1,29,55,2,2,0.03636,-1.0,,,,,,
2026-09-08T10:45:27Z,abcau,1,74,55,0,0,0.0,,,,,,,
2026-09-08T11:45:26Z,nyt,1,35,55,2,4,0.07273,-0.75,,,,,,
2026-09-08T11:45:26Z,usatoday,1,26,55,0,0,0.0,,,,,,,
2026-09-08T11:45:26Z,nypost,1,164,55,0,0,0.0,,,,,,,
2026-09-08T11:45:26Z,cnn,1,48,55,0,0,0.0,,,,,,,
2026-09-08T11:45:26Z,foxnews,1,121,55,1,5,0.09091,1.0,,,,,,
2026-09-08T11:45:26Z,nbcnews,1,53,55,0,0,0.0,,,,,,,
2026-09-08T11:45:26Z,newsweek,1,79,55,0,0,0.0,,,,,,,
2026-09-08T11:45:26Z,bbc,1,34,55,2,8,0.14545,-1.0,,,,,,
2026-09-08T11:45:26Z,guardian,1,34,55,1,5,0.09091,0.0,,,,,,
2026-09-08T11:45:26Z,thetimes,1,92,55,1,10,0.18182,1.0,,,,,,
2026-09-08T11:45:26Z,dailymail,1,348,55,1,3,0.05455,1.0,,,,,,
2026-09-08T11:45:26Z,dw,1,42,55,1,1,0.01818,0.0,,,,,,
2026-09-08T11:45:26Z,ap,0,0,0,0,0,,,,,,,,
2026-09-08T11:45:26Z,lemonde,1,39,55,0,0,0.0,,,,,,,
2026-09-08T11:45:26Z,lefigaro,1,191,55,2,10,0.18182,0.0,,,,,,
2026-09-08T11:45:26Z,spiegel,1,171,55,0,0,0.0,,,,,,,
2026-09-08T11:45:26Z,bild,1,170,55,0,0,0.0,,,,,,,
2026-09-08T11:45:26Z,elpais,0,0,0,0,0,,,,,,,,
2026-09-08T11:45:26Z,corriere,1,239,55,0,0,0.0,,,,,,,
2026-09-08T11:45:26Z,cbc,1,29,55,0,0,0.0,,,,,,,
2026-09-08T11:45:26Z,abcau,1,75,55,0,0,0.0,,,,,,,
2026-09-08T12:45:25Z,nyt,1,37,55,2,4,0.07273,-0.75,,,,,,
2026-09-08T12:45:25Z,usatoday,1,26,55,0,0,0.0,,,,,,,
2026-09-08T12:45:25Z,nypost,1,161,55,0,0,0.0,,,,,,,
2026-09-08T12:45:25Z,cnn,1,48,55,0,0,0.0,,,,,,,
2026-09-08T12:45:25Z,foxnews,1,124,55,1,3,0.05455,1.0,,,,,,
2026-09-08T12:45:25Z,nbcnews,1,54,55,0,0,0.0,,,,,,,
2026-09-08T12:45:25Z,newsweek,1,79,55,0,0,0.0,,,,,,,
2026-09-08T12:45:25Z,bbc,1,33,55,2,6,0.10909,-1.0,,,,,,
2026-09-08T12:45:25Z,guardian,1,29,55,1,10,0.18182,-1.0,,,,,,
2026-09-08T12:45:25Z,thetimes,1,91,55,2,13,0.23636,-1.0,,,,,,
2026-09-08T12:45:25Z,dailymail,1,362,55,1,5,0.09091,0.0,,,,,,
2026-09-08T12:45:25Z,dw,1,42,55,1,1,0.01818,0.0,,,,,,
2026-09-08T12:45:25Z,ap,0,0,0,0,0,,,,,,,,
2026-09-08T12:45:25Z,lemonde,1,38,55,0,0,0.0,,,,,,,
2026-09-08T12:45:25Z,lefigaro,1,193,55,2,10,0.18182,0.0,,,,,,
2026-09-08T12:45:25Z,spiegel,1,174,55,0,0,0.0,,,,,,,
2026-09-08T12:45:25Z,bild,1,167,55,0,0,0.0,,,,,,,
2026-09-08T12:45:25Z,elpais,0,0,0,0,0,,,,,,,,
2026-09-08T12:45:25Z,corriere,1,239,55,0,0,0.0,,,,,,,
2026-09-08T12:45:25Z,cbc,1,29,55,0,0,0.0,,,,,,,
2026-09-08T12:45:25Z,abcau,1,76,55,0,0,0.0,,,,,,,
2026-09-08T13:45:29Z,nyt,1,37,55,2,4,0.07273,-0.75,,,,,,
2026-09-08T13:45:29Z,usatoday,1,27,55,0,0,0.0,,,,,,,
2026-09-08T13:45:29Z,nypost,1,157,55,0,0,0.0,,,,,,,
2026-09-08T13:45:29Z,cnn,1,48,55,0,0,0.0,,,,,,,
2026-09-08T13:45:29Z,foxnews,1,128,55,1,3,0.05455,0.0,,,,,,
2026-09-08T13:45:29Z,nbcnews,1,53,55,0,0,0.0,,,,,,,
2026-09-08T13:45:29Z,newsweek,1,79,55,0,0,0.0,,,,,,,
2026-09-08T13:45:29Z,bbc,1,33,55,2,6,0.10909,-1.0,,,,,,
2026-09-08T13:45:29Z,guardian,1,34,55,1,10,0.18182,-1.0,,,,,,
2026-09-08T13:45:29Z,thetimes,1,91,55,2,13,0.23636,-1.0,,,,,,
2026-09-08T13:45:29Z,dailymail,1,370,55,2,10,0.18182,-1.0,,,,,,
2026-09-08T13:45:29Z,dw,1,42,55,2,4,0.07273,-0.75,,,,,,
2026-09-08T13:45:29Z,ap,0,0,0,0,0,,,,,,,,
2026-09-08T13:45:29Z,lemonde,1,38,55,0,0,0.0,,,,,,,
2026-09-08T13:45:29Z,lefigaro,1,192,55,3,15,0.27273,-0.333,,,,,,
2026-09-08T13:45:29Z,spiegel,1,179,55,0,0,0.0,,,,,,,
2026-09-08T13:45:29Z,bild,1,166,55,0,0,0.0,,,,,,,
2026-09-08T13:45:29Z,elpais,0,0,0,0,0,,,,,,,,
2026-09-08T13:45:29Z,corriere,1,242,55,0,0,0.0,,,,,,,
2026-09-08T13:45:29Z,cbc,1,30,55,0,0,0.0,,,,,,,
2026-09-08T13:45:29Z,abcau,1,77,55,1,1,0.01818,-1.0,,,,,,
2026-09-08T14:29:49Z,nyt,1,38,55,2,4,0.07273,-0.75,,,,,,
2026-09-08T14:29:49Z,usatoday,1,27,55,0,0,0.0,,,,,,,
2026-09-08T14:29:49Z,nypost,1,155,55,0,0,0.0,,,,,,,
2026-09-08T14:29:49Z,cnn,1,49,55,0,0,0.0,,,,,,,
2026-09-08T14:29:49Z,foxnews,1,124,55,1,3,0.05455,0.0,,,,,,
2026-09-08T14:29:49Z,nbcnews,1,54,55,0,0,0.0,,,,,,,
2026-09-08T14:29:49Z,newsweek,1,79,55,0,0,0.0,,,,,,,
2026-09-08T14:29:49Z,bbc,1,33,55,1,1,0.01818,-1.0,,,,,,
2026-09-08T14:29:49Z,guardian,1,35,55,1,10,0.18182,-1.0,,,,,,
2026-09-08T14:29:49Z,thetimes,1,92,55,2,15,0.27273,-1.0,,,,,,
2026-09-08T14:29:49Z,dailymail,1,352,55,1,5,0.09091,-1.0,,,,,,
2026-09-08T14:29:49Z,dw,1,42,55,2,4,0.07273,-0.75,,,,,,
2026-09-08T14:29:49Z,ap,0,0,0,0,0,,,,,,,,
2026-09-08T14:29:49Z,lemonde,1,39,55,0,0,0.0,,,,,,,
2026-09-08T14:29:49Z,lefigaro,1,195,55,3,13,0.23636,-0.538,,,,,,
2026-09-08T14:29:49Z,spiegel,1,180,55,0,0,0.0,,,,,,,
2026-09-08T14:29:49Z,bild,1,166,55,0,0,0.0,,,,,,,
2026-09-08T14:29:49Z,elpais,0,0,0,0,0,,,,,,,,
2026-09-08T14:29:49Z,corriere,1,243,55,0,0,0.0,,,,,,,
2026-09-08T14:29:49Z,cbc,1,29,55,0,0,0.0,,,,,,,
2026-09-08T14:29:49Z,abcau,1,77,55,1,3,0.05455,-1.0,,,,,,
2026-09-08T14:45:26Z,nyt,1,37,55,2,4,0.07273,-0.75,,,,,,
2026-09-08T14:45:26Z,usatoday,1,27,55,0,0,0.0,,,,,,,
2026-09-08T14:45:26Z,nypost,1,126,55,0,0,0.0,,,,,,,
2026-09-08T14:45:26Z,cnn,1,46,55,0,0,0.0,,,,,,,
2026-09-08T14:45:26Z,foxnews,1,125,55,1,3,0.05455,0.0,,,,,,
2026-09-08T14:45:26Z,nbcnews,1,54,55,0,0,0.0,,,,,,,
2026-09-08T14:45:26Z,newsweek,1,79,55,0,0,0.0,,,,,,,
2026-09-08T14:45:26Z,bbc,1,32,55,2,6,0.10909,-1.0,,,,,,
2026-09-08T14:45:26Z,guardian,1,33,55,2,11,0.2,-1.0,,,,,,
2026-09-08T14:45:26Z,thetimes,1,92,55,2,15,0.27273,-1.0,,,,,,
2026-09-08T14:45:26Z,dailymail,1,356,55,2,10,0.18182,-1.0,,,,,,
2026-09-08T14:45:26Z,dw,1,43,55,2,4,0.07273,-0.75,,,,,,
2026-09-08T14:45:26Z,ap,0,0,0,0,0,,,,,,,,
2026-09-08T14:45:26Z,lemonde,1,38,55,0,0,0.0,,,,,,,
2026-09-08T14:45:26Z,lefigaro,1,199,55,3,13,0.23636,-0.538,,,,,,
2026-09-08T14:45:26Z,spiegel,1,179,55,0,0,0.0,,,,,,,
2026-09-08T14:45:26Z,bild,1,165,55,0,0,0.0,,,,,,,
2026-09-08T14:45:26Z,elpais,0,0,0,0,0,,,,,,,,
2026-09-08T14:45:26Z,corriere,1,244,55,0,0,0.0,,,,,,,
2026-09-08T14:45:26Z,cbc,1,29,55,0,0,0.0,,,,,,,
2026-09-08T14:45:26Z,abcau,1,77,55,1,3,0.05455,-1.0,,,,,,
2026-09-08T15:45:24Z,nyt,1,36,55,2,4,0.07273,-0.75,,,,,,
2026-09-08T15:45:24Z,usatoday,1,28,55,0,0,0.0,,,,,,,
2026-09-08T15:45:24Z,nypost,1,158,55,1,3,0.05455,1.0,,,,,,
2026-09-08T15:45:24Z,cnn,1,47,55,0,0,0.0,,,,,,,
2026-09-08T15:45:24Z,foxnews,1,125,55,1,3,0.05455,0.0,,,,,,
2026-09-08T15:45:24Z,nbcnews,1,53,55,1,5,0.09091,0.0,,,,,,
2026-09-08T15:45:24Z,newsweek,1,79,55,0,0,0.0,,,,,,,
2026-09-08T15:45:24Z,bbc,1,36,55,3,11,0.2,-1.0,,,,,,
2026-09-08T15:45:24Z,guardian,1,36,55,1,10,0.18182,-1.0,,,,,,
2026-09-08T15:45:24Z,thetimes,1,92,55,2,15,0.27273,0.0,,,,,,
2026-09-08T15:45:24Z,dailymail,1,370,55,2,10,0.18182,-1.0,,,,,,
2026-09-08T15:45:24Z,dw,1,44,55,2,4,0.07273,-0.75,,,,,,
2026-09-08T15:45:24Z,ap,0,0,0,0,0,,,,,,,,
2026-09-08T15:45:24Z,lemonde,1,40,55,0,0,0.0,,,,,,,
2026-09-08T15:45:24Z,lefigaro,1,194,55,3,9,0.16364,-0.333,,,,,,
2026-09-08T15:45:24Z,spiegel,1,164,55,1,1,0.01818,0.0,,,,,,
2026-09-08T15:45:24Z,bild,1,164,55,0,0,0.0,,,,,,,
2026-09-08T15:45:24Z,elpais,0,0,0,0,0,,,,,,,,
2026-09-08T15:45:24Z,corriere,1,236,55,0,0,0.0,,,,,,,
2026-09-08T15:45:24Z,cbc,1,28,55,0,0,0.0,,,,,,,
2026-09-08T15:45:24Z,abcau,1,79,55,1,3,0.05455,0.0,,,,,,
2026-09-08T16:45:24Z,nyt,1,34,55,1,3,0.05455,-1.0,,,,,,
2026-09-08T16:45:24Z,usatoday,1,27,55,0,0,0.0,,,,,,,
2026-09-08T16:45:24Z,nypost,1,160,55,1,5,0.09091,1.0,,,,,,
2026-09-08T16:45:24Z,cnn,1,47,55,0,0,0.0,,,,,,,
2026-09-08T16:45:24Z,foxnews,1,128,55,1,5,0.09091,0.0,,,,,,
2026-09-08T16:45:24Z,nbcnews,1,49,55,1,5,0.09091,0.0,,,,,,
2026-09-08T16:45:24Z,newsweek,1,79,55,0,0,0.0,,,,,,,
2026-09-08T16:45:24Z,bbc,1,35,55,2,10,0.18182,-1.0,,,,,,
2026-09-08T16:45:24Z,guardian,1,37,55,1,10,0.18182,-1.0,,,,,,
2026-09-08T16:45:24Z,thetimes,1,93,55,2,15,0.27273,0.0,,,,,,
2026-09-08T16:45:24Z,dailymail,1,389,55,2,10,0.18182,-1.0,,,,,,
2026-09-08T16:45:24Z,dw,1,44,55,2,4,0.07273,-0.75,,,,,,
2026-09-08T16:45:24Z,ap,0,0,0,0,0,,,,,,,,
2026-09-08T16:45:24Z,lemonde,1,39,55,0,0,0.0,,,,,,,
2026-09-08T16:45:24Z,lefigaro,1,197,55,3,9,0.16364,-0.333,,,,,,
2026-09-08T16:45:24Z,spiegel,1,165,55,1,1,0.01818,0.0,,,,,,
2026-09-08T16:45:24Z,bild,1,169,55,0,0,0.0,,,,,,,
2026-09-08T16:45:24Z,elpais,1,113,55,1,1,0.01818,-1.0,,,,,,
2026-09-08T16:45:24Z,corriere,1,244,55,0,0,0.0,,,,,,,
2026-09-08T16:45:24Z,cbc,1,29,55,1,3,0.05455,-1.0,,,,,,
2026-09-08T16:45:24Z,abcau,1,81,55,1,3,0.05455,0.0,,,,,,
2026-09-08T17:45:27Z,nyt,1,34,55,1,3,0.05455,-1.0,,,,,,
2026-09-08T17:45:27Z,usatoday,1,27,55,0,0,0.0,,,,,,,
2026-09-08T17:45:27Z,nypost,1,158,55,0,0,0.0,,,,,,,
2026-09-08T17:45:27Z,cnn,1,47,55,0,0,0.0,,,,,,,
2026-09-08T17:45:27Z,foxnews,1,128,55,2,6,0.10909,0.167,,,,,,
2026-09-08T17:45:27Z,nbcnews,1,52,55,1,5,0.09091,0.0,,,,,,
2026-09-08T17:45:27Z,newsweek,1,79,55,0,0,0.0,,,,,,,
2026-09-08T17:45:27Z,bbc,1,33,55,2,10,0.18182,-1.0,,,,,,
2026-09-08T17:45:27Z,guardian,1,40,55,2,15,0.27273,-0.667,,,,,,
2026-09-08T17:45:27Z,thetimes,1,96,55,2,15,0.27273,0.0,,,,,,
2026-09-08T17:45:27Z,dailymail,1,395,55,2,10,0.18182,-1.0,,,,,,
2026-09-08T17:45:27Z,dw,1,44,55,2,4,0.07273,-0.75,,,,,,
2026-09-08T17:45:27Z,ap,0,0,0,0,0,,,,,,,,
2026-09-08T17:45:27Z,lemonde,1,39,55,0,0,0.0,,,,,,,
2026-09-08T17:45:27Z,lefigaro,1,199,55,3,5,0.09091,-0.6,,,,,,
2026-09-08T17:45:27Z,spiegel,1,166,55,0,0,0.0,,,,,,,
2026-09-08T17:45:27Z,bild,1,168,55,0,0,0.0,,,,,,,
2026-09-08T17:45:27Z,elpais,0,0,0,0,0,,,,,,,,
2026-09-08T17:45:27Z,corriere,1,245,55,0,0,0.0,,,,,,,
2026-09-08T17:45:27Z,cbc,1,28,55,1,3,0.05455,-1.0,,,,,,
2026-09-08T17:45:27Z,abcau,1,82,55,1,3,0.05455,0.0,,,,,,
2026-09-08T18:35:34Z,nyt,1,33,55,1,10,0.18182,-1.0,,,,,,
2026-09-08T18:35:34Z,usatoday,1,27,55,0,0,0.0,,,,,,,
2026-09-08T18:35:34Z,nypost,1,159,55,1,1,0.01818,1.0,,,,,,
2026-09-08T18:35:34Z,cnn,1,47,55,0,0,0.0,,,,,,,
2026-09-08T18:35:34Z,foxnews,1,128,55,2,4,0.07273,0.25,,,,,,
2026-09-08T18:35:34Z,nbcnews,1,57,55,1,5,0.09091,0.0,,,,,,
2026-09-08T18:35:34Z,newsweek,1,79,55,0,0,0.0,,,,,,,
2026-09-08T18:35:34Z,bbc,1,30,55,2,10,0.18182,-1.0,,,,,,
2026-09-08T18:35:34Z,guardian,1,40,55,3,20,0.36364,-0.75,,,,,,
2026-09-08T18:35:34Z,thetimes,1,98,55,2,15,0.27273,0.0,,,,,,
2026-09-08T18:35:34Z,dailymail,1,409,55,2,10,0.18182,-1.0,,,,,,
2026-09-08T18:35:34Z,dw,1,45,55,2,4,0.07273,-0.75,,,,,,
2026-09-08T18:35:34Z,ap,0,0,0,0,0,,,,,,,,
2026-09-08T18:35:34Z,lemonde,1,38,55,0,0,0.0,,,,,,,
2026-09-08T18:35:34Z,lefigaro,1,197,55,0,0,0.0,,,,,,,
2026-09-08T18:35:34Z,spiegel,1,167,55,0,0,0.0,,,,,,,
2026-09-08T18:35:34Z,bild,1,168,55,0,0,0.0,,,,,,,
2026-09-08T18:35:34Z,elpais,0,0,0,0,0,,,,,,,,
2026-09-08T18:35:34Z,corriere,1,239,55,0,0,0.0,,,,,,,
2026-09-08T18:35:34Z,cbc,1,28,55,1,1,0.01818,-1.0,,,,,,
2026-09-08T18:35:34Z,abcau,1,84,55,1,3,0.05455,0.0,,,,,,
2026-09-08T18:45:25Z,nyt,1,33,55,1,10,0.18182,-1.0,,,,,,
2026-09-08T18:45:25Z,usatoday,1,27,55,0,0,0.0,,,,,,,
2026-09-08T18:45:25Z,nypost,1,160,55,0,0,0.0,,,,,,,
2026-09-08T18:45:25Z,cnn,1,47,55,0,0,0.0,,,,,,,
2026-09-08T18:45:25Z,foxnews,1,128,55,2,4,0.07273,0.25,,,,,,
2026-09-08T18:45:25Z,nbcnews,1,57,55,1,5,0.09091,0.0,,,,,,
2026-09-08T18:45:25Z,newsweek,1,79,55,0,0,0.0,,,,,,,
2026-09-08T18:45:25Z,bbc,1,31,55,2,10,0.18182,-1.0,,,,,,
2026-09-08T18:45:25Z,guardian,1,39,55,3,20,0.36364,-0.75,,,,,,
2026-09-08T18:45:25Z,thetimes,1,98,55,2,15,0.27273,0.0,,,,,,
2026-09-08T18:45:25Z,dailymail,1,411,55,2,10,0.18182,-1.0,,,,,,
2026-09-08T18:45:25Z,dw,1,46,55,2,4,0.07273,-0.75,,,,,,
2026-09-08T18:45:25Z,ap,0,0,0,0,0,,,,,,,,
2026-09-08T18:45:25Z,lemonde,1,37,55,0,0,0.0,,,,,,,
2026-09-08T18:45:25Z,lefigaro,1,199,55,0,0,0.0,,,,,,,
2026-09-08T18:45:25Z,spiegel,1,168,55,0,0,0.0,,,,,,,
2026-09-08T18:45:25Z,bild,1,168,55,0,0,0.0,,,,,,,
2026-09-08T18:45:25Z,elpais,0,0,0,0,0,,,,,,,,
2026-09-08T18:45:25Z,corriere,1,237,55,0,0,0.0,,,,,,,
2026-09-08T18:45:25Z,cbc,1,28,55,1,1,0.01818,-1.0,,,,,,
2026-09-08T18:45:25Z,abcau,1,84,55,1,3,0.05455,0.0,,,,,,
2026-09-08T18:57:22Z,nyt,1,32,55,1,10,0.18182,-1.0,,,,,,
2026-09-08T18:57:22Z,usatoday,1,27,55,0,0,0.0,,,,,,,
2026-09-08T18:57:22Z,nypost,1,158,55,0,0,0.0,,,,,,,
2026-09-08T18:57:22Z,cnn,1,47,55,0,0,0.0,,,,,,,
2026-09-08T18:57:22Z,foxnews,1,129,55,2,6,0.10909,0.5,,,,,,
2026-09-08T18:57:22Z,nbcnews,1,57,55,1,5,0.09091,0.0,,,,,,
2026-09-08T18:57:22Z,newsweek,1,79,55,0,0,0.0,,,,,,,
2026-09-08T18:57:22Z,bbc,1,30,55,2,10,0.18182,-1.0,,,,,,
2026-09-08T18:57:22Z,guardian,1,39,55,3,20,0.36364,-0.75,,,,,,
2026-09-08T18:57:22Z,thetimes,1,98,55,2,15,0.27273,0.0,,,,,,
2026-09-08T18:57:22Z,dailymail,1,417,55,2,10,0.18182,-1.0,,,,,,
2026-09-08T18:57:22Z,dw,1,46,55,2,4,0.07273,-0.75,,,,,,
2026-09-08T18:57:22Z,ap,0,0,0,0,0,,,,,,,,
2026-09-08T18:57:22Z,lemonde,1,35,55,0,0,0.0,,,,,,,
2026-09-08T18:57:22Z,lefigaro,1,195,55,0,0,0.0,,,,,,,
2026-09-08T18:57:22Z,spiegel,1,169,55,0,0,0.0,,,,,,,
2026-09-08T18:57:22Z,bild,1,167,55,0,0,0.0,,,,,,,
2026-09-08T18:57:22Z,elpais,0,0,0,0,0,,,,,,,,
2026-09-08T18:57:22Z,corriere,1,238,55,0,0,0.0,,,,,,,
2026-09-08T18:57:22Z,cbc,1,28,55,1,1,0.01818,0.0,,,,,,
2026-09-08T18:57:22Z,abcau,1,85,55,1,3,0.05455,0.0,,,,,,
2026-09-08T19:45:28Z,nyt,1,32,55,1,10,0.18182,-1.0,,,,,,
2026-09-08T19:45:28Z,usatoday,1,27,55,0,0,0.0,,,,,,,
2026-09-08T19:45:28Z,nypost,1,162,55,0,0,0.0,,,,,,,
2026-09-08T19:45:28Z,cnn,1,47,55,0,0,0.0,,,,,,,
2026-09-08T19:45:28Z,foxnews,1,124,55,2,4,0.07273,0.25,,,,,,
2026-09-08T19:45:28Z,nbcnews,1,57,55,1,3,0.05455,0.0,,,,,,
2026-09-08T19:45:28Z,newsweek,1,79,55,0,0,0.0,,,,,,,
2026-09-08T19:45:28Z,bbc,1,32,55,2,10,0.18182,-1.0,,,,,,
2026-09-08T19:45:28Z,guardian,1,35,55,3,16,0.29091,-0.375,,,,,,
2026-09-08T19:45:28Z,thetimes,1,98,55,2,15,0.27273,0.0,,,,,,
2026-09-08T19:45:28Z,dailymail,1,404,55,2,10,0.18182,-1.0,,,,,,
2026-09-08T19:45:28Z,dw,1,46,55,2,4,0.07273,-0.75,,,,,,
2026-09-08T19:45:28Z,ap,0,0,0,0,0,,,,,,,,
2026-09-08T19:45:28Z,lemonde,1,37,55,0,0,0.0,,,,,,,
2026-09-08T19:45:28Z,lefigaro,1,199,55,0,0,0.0,,,,,,,
2026-09-08T19:45:28Z,spiegel,1,172,55,0,0,0.0,,,,,,,
2026-09-08T19:45:28Z,bild,1,171,55,0,0,0.0,,,,,,,
2026-09-08T19:45:28Z,elpais,0,0,0,0,0,,,,,,,,
2026-09-08T19:45:28Z,corriere,1,238,55,0,0,0.0,,,,,,,
2026-09-08T19:45:28Z,cbc,1,29,55,1,3,0.05455,-1.0,,,,,,
2026-09-08T19:45:28Z,abcau,1,84,55,1,3,0.05455,0.0,,,,,,
2026-09-08T20:45:32Z,nyt,1,32,55,1,10,0.18182,-1.0,,,,,,
2026-09-08T20:45:32Z,usatoday,1,27,55,0,0,0.0,,,,,,,
2026-09-08T20:45:32Z,nypost,1,160,55,0,0,0.0,,,,,,,
2026-09-08T20:45:32Z,cnn,1,48,55,0,0,0.0,,,,,,,
2026-09-08T20:45:32Z,foxnews,1,121,55,1,5,0.09091,0.0,,,,,,
2026-09-08T20:45:32Z,nbcnews,1,57,55,1,3,0.05455,-1.0,,,,,,
2026-09-08T20:45:32Z,newsweek,1,79,55,0,0,0.0,,,,,,,
2026-09-08T20:45:32Z,bbc,1,29,55,2,10,0.18182,-1.0,,,,,,
2026-09-08T20:45:32Z,guardian,1,35,55,3,20,0.36364,-0.5,,,,,,
2026-09-08T20:45:32Z,thetimes,1,0,0,0,0,,,,,,,,
2026-09-08T20:45:32Z,dailymail,1,402,55,2,10,0.18182,-1.0,,,,,,
2026-09-08T20:45:32Z,dw,1,46,55,2,4,0.07273,-0.75,,,,,,
2026-09-08T20:45:32Z,ap,0,0,0,0,0,,,,,,,,
2026-09-08T20:45:32Z,lemonde,1,38,55,0,0,0.0,,,,,,,
2026-09-08T20:45:32Z,lefigaro,1,200,55,0,0,0.0,,,,,,,
2026-09-08T20:45:32Z,spiegel,1,171,55,0,0,0.0,,,,,,,
2026-09-08T20:45:32Z,bild,1,170,55,0,0,0.0,,,,,,,
2026-09-08T20:45:32Z,elpais,0,0,0,0,0,,,,,,,,
2026-09-08T20:45:32Z,corriere,1,238,55,0,0,0.0,,,,,,,
2026-09-08T20:45:32Z,cbc,1,29,55,1,1,0.01818,-1.0,,,,,,
2026-09-08T20:45:32Z,abcau,1,82,55,1,3,0.05455,0.0,,,,,,
2026-09-08T21:45:24Z,nyt,1,32,55,1,10,0.18182,-1.0,,,,,,
2026-09-08T21:45:24Z,usatoday,1,27,55,0,0,0.0,,,,,,,
2026-09-08T21:45:24Z,nypost,1,162,55,0,0,0.0,,,,,,,
2026-09-08T21:45:24Z,cnn,1,52,55,0,0,0.0,,,,,,,
2026-09-08T21:45:24Z,foxnews,1,124,55,1,5,0.09091,0.0,,,,,,
2026-09-08T21:45:24Z,nbcnews,1,60,55,0,0,0.0,,,,,,,
2026-09-08T21:45:24Z,newsweek,1,80,55,0,0,0.0,,,,,,,
2026-09-08T21:45:24Z,bbc,1,32,55,3,11,0.2,-0.545,,,,,,
2026-09-08T21:45:24Z,guardian,1,39,55,3,20,0.36364,-0.5,,,,,,
2026-09-08T21:45:24Z,thetimes,1,99,55,2,15,0.27273,0.667,,,,,,
2026-09-08T21:45:24Z,dailymail,1,409,55,1,5,0.09091,-1.0,,,,,,
2026-09-08T21:45:24Z,dw,1,46,55,2,4,0.07273,-0.75,,,,,,
2026-09-08T21:45:24Z,ap,0,0,0,0,0,,,,,,,,
2026-09-08T21:45:24Z,lemonde,1,37,55,0,0,0.0,,,,,,,
2026-09-08T21:45:24Z,lefigaro,1,203,55,0,0,0.0,,,,,,,
2026-09-08T21:45:24Z,spiegel,1,170,55,0,0,0.0,,,,,,,
2026-09-08T21:45:24Z,bild,1,170,55,0,0,0.0,,,,,,,
2026-09-08T21:45:24Z,elpais,0,0,0,0,0,,,,,,,,
2026-09-08T21:45:24Z,corriere,1,234,55,0,0,0.0,,,,,,,
2026-09-08T21:45:24Z,cbc,1,28,55,1,1,0.01818,-1.0,,,,,,
2026-09-08T21:45:24Z,abcau,1,77,55,1,3,0.05455,0.0,,,,,,
2026-09-08T21:48:44Z,nyt,1,32,55,1,10,0.18182,-1.0,,,,,,
2026-09-08T21:48:44Z,usatoday,1,27,55,0,0,0.0,,,,,,,
2026-09-08T21:48:44Z,nypost,1,162,55,0,0,0.0,,,,,,,
2026-09-08T21:48:44Z,cnn,1,52,55,0,0,0.0,,,,,,,
2026-09-08T21:48:44Z,foxnews,1,124,55,1,5,0.09091,0.0,,,,,,
2026-09-08T21:48:44Z,nbcnews,1,60,55,0,0,0.0,,,,,,,
2026-09-08T21:48:44Z,newsweek,1,80,55,0,0,0.0,,,,,,,
2026-09-08T21:48:44Z,bbc,1,32,55,3,11,0.2,-0.545,,,,,,
2026-09-08T21:48:44Z,guardian,1,39,55,3,20,0.36364,-0.5,,,,,,
2026-09-08T21:48:44Z,thetimes,1,99,55,2,15,0.27273,0.667,,,,,,
2026-09-08T21:48:44Z,dailymail,1,409,55,1,5,0.09091,-1.0,,,,,,
2026-09-08T21:48:44Z,dw,1,46,55,2,4,0.07273,-0.75,,,,,,
2026-09-08T21:48:44Z,ap,0,0,0,0,0,,,,,,,,
2026-09-08T21:48:44Z,lemonde,1,37,55,0,0,0.0,,,,,,,
2026-09-08T21:48:44Z,lefigaro,1,203,55,0,0,0.0,,,,,,,
2026-09-08T21:48:44Z,spiegel,1,170,55,0,0,0.0,,,,,,,
2026-09-08T21:48:44Z,bild,1,170,55,0,0,0.0,,,,,,,
2026-09-08T21:48:44Z,elpais,0,0,0,0,0,,,,,,,,
2026-09-08T21:48:44Z,corriere,1,234,55,0,0,0.0,,,,,,,
2026-09-08T21:48:44Z,cbc,1,28,55,1,1,0.01818,-1.0,,,,,,
2026-09-08T21:48:44Z,abcau,1,77,55,1,3,0.05455,0.0,,,,,,
2026-09-08T22:00:40Z,nyt,1,33,55,1,5,0.09091,-1.0,,,,,,
2026-09-08T22:00:40Z,usatoday,1,27,55,0,0,0.0,,,,,,,
2026-09-08T22:00:40Z,nypost,1,162,55,0,0,0.0,,,,,,,
2026-09-08T22:00:40Z,cnn,1,52,55,0,0,0.0,,,,,,,
2026-09-08T22:00:40Z,foxnews,1,124,55,1,5,0.09091,0.0,,,,,,
2026-09-08T22:00:40Z,nbcnews,1,59,55,0,0,0.0,,,,,,,
2026-09-08T22:00:40Z,newsweek,1,80,55,0,0,0.0,,,,,,,
2026-09-08T22:00:40Z,bbc,1,32,55,3,11,0.2,-0.545,,,,,,
2026-09-08T22:00:40Z,guardian,1,39,55,3,20,0.36364,-0.5,,,,,,
2026-09-08T22:00:40Z,thetimes,1,99,55,2,15,0.27273,0.667,,,,,,
2026-09-08T22:00:40Z,dailymail,1,410,55,1,5,0.09091,-1.0,,,,,,
2026-09-08T22:00:40Z,dw,1,46,55,2,4,0.07273,-0.75,,,,,,
2026-09-08T22:00:40Z,ap,0,0,0,0,0,,,,,,,,
2026-09-08T22:00:40Z,lemonde,1,38,55,0,0,0.0,,,,,,,
2026-09-08T22:00:40Z,lefigaro,1,198,55,0,0,0.0,,,,,,,
2026-09-08T22:00:40Z,spiegel,1,169,55,0,0,0.0,,,,,,,
2026-09-08T22:00:40Z,bild,1,170,55,0,0,0.0,,,,,,,
2026-09-08T22:00:40Z,elpais,0,0,0,0,0,,,,,,,,
2026-09-08T22:00:40Z,corriere,1,234,55,0,0,0.0,,,,,,,
2026-09-08T22:00:40Z,cbc,1,28,55,1,1,0.01818,-1.0,,,,,,
2026-09-08T22:00:40Z,abcau,1,78,55,1,3,0.05455,0.0,,,,,,
2026-09-08T22:45:24Z,nyt,1,38,55,1,5,0.09091,-1.0,,,,,,
2026-09-08T22:45:24Z,usatoday,1,27,55,0,0,0.0,,,,,,,
2026-09-08T22:45:24Z,nypost,1,157,55,0,0,0.0,,,,,,,
2026-09-08T22:45:24Z,cnn,1,53,55,0,0,0.0,,,,,,,
2026-09-08T22:45:24Z,foxnews,1,125,55,1,5,0.09091,0.0,,,,,,
2026-09-08T22:45:24Z,nbcnews,1,61,55,0,0,0.0,,,,,,,
2026-09-08T22:45:24Z,newsweek,1,80,55,0,0,0.0,,,,,,,
2026-09-08T22:45:24Z,bbc,1,32,55,3,11,0.2,-0.545,,,,,,
2026-09-08T22:45:24Z,guardian,1,37,55,3,20,0.36364,-0.5,,,,,,
2026-09-08T22:45:24Z,thetimes,1,99,55,2,15,0.27273,0.667,,,,,,
2026-09-08T22:45:24Z,dailymail,1,413,55,1,5,0.09091,-1.0,,,,,,
2026-09-08T22:45:24Z,dw,1,46,55,2,4,0.07273,-0.75,,,,,,
2026-09-08T22:45:24Z,ap,0,0,0,0,0,,,,,,,,
2026-09-08T22:45:24Z,lemonde,1,37,55,0,0,0.0,,,,,,,
2026-09-08T22:45:24Z,lefigaro,1,199,55,0,0,0.0,,,,,,,
2026-09-08T22:45:24Z,spiegel,1,170,55,0,0,0.0,,,,,,,
2026-09-08T22:45:24Z,bild,1,170,55,0,0,0.0,,,,,,,
2026-09-08T22:45:24Z,elpais,0,0,0,0,0,,,,,,,,
2026-09-08T22:45:24Z,corriere,1,234,55,0,0,0.0,,,,,,,
2026-09-08T22:45:24Z,cbc,1,27,55,1,1,0.01818,-1.0,,,,,,
2026-09-08T22:45:24Z,abcau,1,79,55,1,3,0.05455,0.0,,,,,,
2026-09-08T23:45:23Z,nyt,1,41,55,1,5,0.09091,-1.0,,,,,,
2026-09-08T23:45:23Z,usatoday,1,27,55,0,0,0.0,,,,,,,
2026-09-08T23:45:23Z,nypost,1,157,55,1,3,0.05455,1.0,,,,,,
2026-09-08T23:45:23Z,cnn,1,55,55,0,0,0.0,,,,,,,
2026-09-08T23:45:23Z,foxnews,1,123,55,1,5,0.09091,0.0,,,,,,
2026-09-08T23:45:23Z,nbcnews,1,63,55,0,0,0.0,,,,,,,
2026-09-08T23:45:23Z,newsweek,1,80,55,0,0,0.0,,,,,,,
2026-09-08T23:45:23Z,bbc,1,34,55,3,11,0.2,-0.545,,,,,,
2026-09-08T23:45:23Z,guardian,1,36,55,3,20,0.36364,-0.5,,,,,,
2026-09-08T23:45:23Z,thetimes,1,99,55,2,15,0.27273,0.667,,,,,,
2026-09-08T23:45:23Z,dailymail,1,418,55,1,5,0.09091,-1.0,,,,,,
2026-09-08T23:45:23Z,dw,1,44,55,2,4,0.07273,-0.75,,,,,,
2026-09-08T23:45:23Z,ap,0,0,0,0,0,,,,,,,,
2026-09-08T23:45:23Z,lemonde,1,37,55,0,0,0.0,,,,,,,
2026-09-08T23:45:23Z,lefigaro,1,201,55,0,0,0.0,,,,,,,
2026-09-08T23:45:23Z,spiegel,1,171,55,0,0,0.0,,,,,,,
2026-09-08T23:45:23Z,bild,1,170,55,0,0,0.0,,,,,,,
2026-09-08T23:45:23Z,elpais,0,0,0,0,0,,,,,,,,
2026-09-08T23:45:23Z,corriere,1,238,55,0,0,0.0,,,,,,,
2026-09-08T23:45:23Z,cbc,1,29,55,2,4,0.07273,-1.0,,,,,,
2026-09-08T23:45:23Z,abcau,1,74,55,1,3,0.05455,0.0,,,,,,
2026-09-09T00:09:29Z,nyt,1,41,55,1,3,0.05455,-1.0,0,3,0,0,0,0
2026-09-09T00:09:29Z,usatoday,1,27,55,0,0,0.0,,0,0,0,0,0,0
2026-09-09T00:09:29Z,nypost,1,156,55,1,3,0.05455,1.0,0,0,0,3,0,0
2026-09-09T00:09:29Z,cnn,1,54,55,0,0,0.0,,0,0,0,0,0,0
2026-09-09T00:09:29Z,foxnews,1,125,55,1,5,0.09091,0.0,0,0,5,0,0,0
2026-09-09T00:09:29Z,nbcnews,1,62,55,0,0,0.0,,0,0,0,0,0,0
2026-09-09T00:09:29Z,newsweek,1,80,55,0,0,0.0,,0,0,0,0,0,0
2026-09-09T00:09:29Z,newsnation,0,0,0,0,0,,,,,,,,
2026-09-09T00:09:29Z,washexaminer,1,45,55,1,5,0.09091,0.0,0,0,5,0,0,0
2026-09-09T00:09:29Z,bbc,1,33,55,4,12,0.21818,-0.5,0,6,6,0,0,0
2026-09-09T00:09:29Z,guardian,1,37,55,3,20,0.36364,-0.5,0,10,10,0,0,0
2026-09-09T00:09:29Z,thetimes,1,99,55,2,15,0.27273,0.667,0,0,5,10,0,0
2026-09-09T00:09:29Z,dailymail,1,418,55,1,5,0.09091,-1.0,0,5,0,0,0,0
2026-09-09T00:09:29Z,independent,1,96,55,0,0,0.0,,0,0,0,0,0,0
2026-09-09T00:09:29Z,dw,1,44,55,2,4,0.07273,-0.75,0,3,1,0,0,0
2026-09-09T00:09:29Z,euronews,1,101,55,1,10,0.18182,0.0,0,0,10,0,0,0
2026-09-09T00:09:29Z,lemonde,1,36,55,0,0,0.0,,0,0,0,0,0,0
2026-09-09T00:09:29Z,lefigaro,1,202,55,0,0,0.0,,0,0,0,0,0,0
2026-09-09T00:09:29Z,lacroix,1,124,55,2,10,0.18182,-1.0,0,10,0,0,0,0
2026-09-09T00:09:29Z,spiegel,1,170,55,0,0,0.0,,0,0,0,0,0,0
2026-09-09T00:09:29Z,bild,1,171,55,0,0,0.0,,0,0,0,0,0,0
2026-09-09T00:09:29Z,faz,1,133,55,0,0,0.0,,0,0,0,0,0,0
2026-09-09T00:09:29Z,tagesschau,1,45,55,2,6,0.10909,-1.0,0,6,0,0,0,0
2026-09-09T00:09:29Z,elmundo,1,64,55,0,0,0.0,,0,0,0,0,0,0
2026-09-09T00:09:29Z,corriere,1,238,55,0,0,0.0,,0,0,0,0,0,0
2026-09-09T00:09:29Z,ilgiornale,1,78,55,2,6,0.10909,-1.0,0,6,0,0,0,0
2026-09-09T00:09:29Z,cbc,1,28,55,2,4,0.07273,-1.0,0,4,0,0,0,0
2026-09-09T00:09:29Z,globeandmail,1,103,55,1,5,0.09091,-1.0,0,5,0,0,0,0
2026-09-09T00:09:29Z,abcau,1,76,55,1,1,0.01818,0.0,0,0,1,0,0,0
2026-09-09T00:09:29Z,smh,1,88,55,0,0,0.0,,0,0,0,0,0,0
2026-09-09T00:20:52Z,nyt,1,40,55,1,3,0.05455,-1.0,0,3,0,0,0,0
2026-09-09T00:20:52Z,usatoday,1,27,55,0,0,0.0,,0,0,0,0,0,0
2026-09-09T00:20:52Z,nypost,1,156,55,1,3,0.05455,1.0,0,0,0,3,0,0
2026-09-09T00:20:52Z,cnn,1,54,55,0,0,0.0,,0,0,0,0,0,0
2026-09-09T00:20:52Z,foxnews,1,126,55,1,3,0.05455,0.0,0,0,3,0,0,0
2026-09-09T00:20:52Z,nbcnews,1,62,55,0,0,0.0,,0,0,0,0,0,0
2026-09-09T00:20:52Z,newsweek,1,80,55,0,0,0.0,,0,0,0,0,0,0
2026-09-09T00:20:52Z,newsnation,0,0,0,0,0,,,,,,,,
2026-09-09T00:20:52Z,washexaminer,1,45,55,1,3,0.05455,0.0,0,0,3,0,0,0
2026-09-09T00:20:52Z,bbc,1,33,55,4,12,0.21818,-0.5,0,6,6,0,0,0
2026-09-09T00:20:52Z,guardian,1,38,55,3,20,0.36364,-0.5,0,10,10,0,0,0
2026-09-09T00:20:52Z,thetimes,1,99,55,2,15,0.27273,0.667,0,0,5,10,0,0
2026-09-09T00:20:52Z,dailymail,1,416,55,1,5,0.09091,-1.0,0,5,0,0,0,0
2026-09-09T00:20:52Z,independent,1,96,55,0,0,0.0,,0,0,0,0,0,0
2026-09-09T00:20:52Z,dw,1,44,55,2,4,0.07273,-0.75,0,3,1,0,0,0
2026-09-09T00:20:52Z,euronews,1,101,55,1,10,0.18182,0.0,0,0,10,0,0,0
2026-09-09T00:20:52Z,lemonde,1,36,55,0,0,0.0,,0,0,0,0,0,0
2026-09-09T00:20:52Z,lefigaro,1,202,55,0,0,0.0,,0,0,0,0,0,0
2026-09-09T00:20:52Z,lacroix,1,124,55,2,10,0.18182,-1.0,0,10,0,0,0,0
2026-09-09T00:20:52Z,spiegel,1,170,55,0,0,0.0,,0,0,0,0,0,0
2026-09-09T00:20:52Z,bild,1,170,55,0,0,0.0,,0,0,0,0,0,0
2026-09-09T00:20:52Z,faz,1,133,55,0,0,0.0,,0,0,0,0,0,0
2026-09-09T00:20:52Z,tagesschau,1,45,55,2,6,0.10909,-1.0,0,6,0,0,0,0
2026-09-09T00:20:52Z,elmundo,1,64,55,0,0,0.0,,0,0,0,0,0,0
2026-09-09T00:20:52Z,corriere,1,238,55,0,0,0.0,,0,0,0,0,0,0
2026-09-09T00:20:52Z,ilgiornale,1,78,55,2,6,0.10909,-1.0,0,6,0,0,0,0
2026-09-09T00:20:52Z,cbc,1,28,55,2,4,0.07273,-1.0,0,4,0,0,0,0
2026-09-09T00:20:52Z,globeandmail,1,102,55,1,5,0.09091,-1.0,0,5,0,0,0,0
2026-09-09T00:20:52Z,abcau,1,76,55,1,1,0.01818,0.0,0,0,1,0,0,0
2026-09-09T00:20:52Z,smh,1,88,55,0,0,0.0,,0,0,0,0,0,0
2026-09-09T00:33:25Z,nyt,1,40,55,1,3,0.05455,-1.0,0,3,0,0,0,0
2026-09-09T00:33:25Z,usatoday,1,27,55,0,0,0.0,,0,0,0,0,0,0
2026-09-09T00:33:25Z,nypost,1,156,55,1,3,0.05455,1.0,0,0,0,3,0,0
2026-09-09T00:33:25Z,cnn,1,54,55,0,0,0.0,,0,0,0,0,0,0
2026-09-09T00:33:25Z,foxnews,1,127,55,1,3,0.05455,0.0,0,0,3,0,0,0
2026-09-09T00:33:25Z,nbcnews,1,65,55,0,0,0.0,,0,0,0,0,0,0
2026-09-09T00:33:25Z,newsweek,1,80,55,0,0,0.0,,0,0,0,0,0,0
2026-09-09T00:33:25Z,csmonitor,1,64,55,2,15,0.27273,0.0,0,0,15,0,0,0
2026-09-09T00:33:25Z,washexaminer,1,45,55,1,3,0.05455,0.0,0,0,3,0,0,0
2026-09-09T00:33:25Z,bbc,1,33,55,4,12,0.21818,-0.5,0,6,6,0,0,0
2026-09-09T00:33:25Z,guardian,1,38,55,3,20,0.36364,-0.5,0,10,10,0,0,0
2026-09-09T00:33:25Z,thetimes,1,99,55,2,15,0.27273,0.667,0,0,5,10,0,0
2026-09-09T00:33:25Z,dailymail,1,418,55,1,5,0.09091,-1.0,0,5,0,0,0,0
2026-09-09T00:33:25Z,independent,1,96,55,0,0,0.0,,0,0,0,0,0,0
2026-09-09T00:33:25Z,dw,1,44,55,2,4,0.07273,-0.75,0,3,1,0,0,0
2026-09-09T00:33:25Z,euronews,1,101,55,1,10,0.18182,0.0,0,0,10,0,0,0
2026-09-09T00:33:25Z,lemonde,1,36,55,0,0,0.0,,0,0,0,0,0,0
2026-09-09T00:33:25Z,lefigaro,1,202,55,0,0,0.0,,0,0,0,0,0,0
2026-09-09T00:33:25Z,lacroix,1,124,55,2,10,0.18182,-1.0,0,10,0,0,0,0
2026-09-09T00:33:25Z,spiegel,1,170,55,0,0,0.0,,0,0,0,0,0,0
2026-09-09T00:33:25Z,bild,1,170,55,0,0,0.0,,0,0,0,0,0,0
2026-09-09T00:33:25Z,faz,1,133,55,0,0,0.0,,0,0,0,0,0,0
2026-09-09T00:33:25Z,tagesschau,1,45,55,2,6,0.10909,-1.0,0,6,0,0,0,0
2026-09-09T00:33:25Z,elmundo,1,63,55,0,0,0.0,,0,0,0,0,0,0
2026-09-09T00:33:25Z,corriere,1,238,55,0,0,0.0,,0,0,0,0,0,0
2026-09-09T00:33:25Z,ilgiornale,1,78,55,2,6,0.10909,-1.0,0,6,0,0,0,0
2026-09-09T00:33:25Z,cbc,1,28,55,2,4,0.07273,-1.0,0,4,0,0,0,0
2026-09-09T00:33:25Z,globeandmail,1,102,55,1,5,0.09091,-1.0,0,5,0,0,0,0
2026-09-09T00:33:25Z,abcau,1,73,55,1,1,0.01818,0.0,0,0,1,0,0,0
2026-09-09T00:33:25Z,smh,1,89,55,0,0,0.0,,0,0,0,0,0,0
2026-09-09T00:45:27Z,nyt,1,41,55,1,3,0.05455,-1.0,0,3,0,0,0,0
2026-09-09T00:45:27Z,usatoday,1,27,55,0,0,0.0,,0,0,0,0,0,0
2026-09-09T00:45:27Z,nypost,1,157,55,1,1,0.01818,1.0,0,0,0,1,0,0
2026-09-09T00:45:27Z,cnn,1,54,55,0,0,0.0,,0,0,0,0,0,0
2026-09-09T00:45:27Z,foxnews,1,127,55,1,3,0.05455,0.0,0,0,3,0,0,0
2026-09-09T00:45:27Z,nbcnews,1,65,55,0,0,0.0,,0,0,0,0,0,0
2026-09-09T00:45:27Z,newsweek,1,80,55,0,0,0.0,,0,0,0,0,0,0
2026-09-09T00:45:27Z,csmonitor,1,64,55,2,15,0.27273,0.0,0,0,15,0,0,0
2026-09-09T00:45:27Z,washexaminer,1,45,55,1,3,0.05455,0.0,0,0,3,0,0,0
2026-09-09T00:45:27Z,bbc,1,33,55,4,12,0.21818,-0.5,0,6,6,0,0,0
2026-09-09T00:45:27Z,guardian,1,38,55,3,20,0.36364,-0.5,0,10,10,0,0,0
2026-09-09T00:45:27Z,thetimes,1,99,55,2,15,0.27273,0.667,0,0,5,10,0,0
2026-09-09T00:45:27Z,dailymail,1,418,55,1,5,0.09091,-1.0,0,5,0,0,0,0
2026-09-09T00:45:27Z,independent,1,100,55,0,0,0.0,,0,0,0,0,0,0
2026-09-09T00:45:27Z,dw,1,44,55,3,9,0.16364,0.222,0,3,1,5,0,0
2026-09-09T00:45:27Z,euronews,1,101,55,1,10,0.18182,0.0,0,0,10,0,0,0
2026-09-09T00:45:27Z,lemonde,1,37,55,0,0,0.0,,0,0,0,0,0,0
2026-09-09T00:45:27Z,lefigaro,1,202,55,0,0,0.0,,0,0,0,0,0,0
2026-09-09T00:45:27Z,lacroix,1,124,55,2,10,0.18182,-1.0,0,10,0,0,0,0
2026-09-09T00:45:27Z,spiegel,1,170,55,0,0,0.0,,0,0,0,0,0,0
2026-09-09T00:45:27Z,bild,1,170,55,0,0,0.0,,0,0,0,0,0,0
2026-09-09T00:45:27Z,faz,1,133,55,0,0,0.0,,0,0,0,0,0,0
2026-09-09T00:45:27Z,tagesschau,1,45,55,2,6,0.10909,-1.0,0,6,0,0,0,0
2026-09-09T00:45:27Z,elmundo,1,63,55,0,0,0.0,,0,0,0,0,0,0
2026-09-09T00:45:27Z,corriere,1,238,55,0,0,0.0,,0,0,0,0,0,0
2026-09-09T00:45:27Z,ilgiornale,1,78,55,2,6,0.10909,-1.0,0,6,0,0,0,0
2026-09-09T00:45:27Z,cbc,1,28,55,2,4,0.07273,-1.0,0,4,0,0,0,0
2026-09-09T00:45:27Z,globeandmail,1,102,55,1,5,0.09091,-1.0,0,5,0,0,0,0
2026-09-09T00:45:27Z,abcau,1,73,55,1,1,0.01818,0.0,0,0,1,0,0,0
2026-09-09T00:45:27Z,smh,1,89,55,0,0,0.0,,0,0,0,0,0,0
2026-09-09T01:27:40Z,nyt,1,41,55,1,3,0.05455,-1.0,0,3,0,0,0,0
2026-09-09T01:27:40Z,usatoday,1,27,55,0,0,0.0,,0,0,0,0,0,0
2026-09-09T01:27:40Z,nypost,1,157,55,1,1,0.01818,1.0,0,0,0,1,0,0
2026-09-09T01:27:40Z,cnn,1,54,55,0,0,0.0,,0,0,0,0,0,0
2026-09-09T01:27:40Z,foxnews,1,130,55,1,3,0.05455,0.0,0,0,3,0,0,0
2026-09-09T01:27:40Z,nbcnews,1,64,55,0,0,0.0,,0,0,0,0,0,0
2026-09-09T01:27:40Z,newsweek,1,80,55,0,0,0.0,,0,0,0,0,0,0
2026-09-09T01:27:40Z,csmonitor,1,64,55,2,15,0.27273,0.0,0,0,15,0,0,0
2026-09-09T01:27:40Z,washexaminer,1,46,55,1,3,0.05455,0.0,0,0,3,0,0,0
2026-09-09T01:27:40Z,bbc,1,34,55,4,10,0.18182,-0.6,0,6,4,0,0,0
2026-09-09T01:27:40Z,guardian,1,38,55,4,25,0.45455,-1.2,10,10,5,0,0,0
2026-09-09T01:27:40Z,thetimes,1,99,55,2,15,0.27273,0.667,0,0,5,10,0,0
2026-09-09T01:27:40Z,dailymail,1,405,55,3,11,0.2,0.182,0,3,3,5,0,0
2026-09-09T01:27:40Z,independent,1,101,55,0,0,0.0,,0,0,0,0,0,0
2026-09-09T01:27:40Z,dw,1,44,55,3,9,0.16364,0.222,0,3,1,5,0,0
2026-09-09T01:27:40Z,euronews,1,101,55,1,10,0.18182,0.0,0,0,10,0,0,0
2026-09-09T01:27:40Z,lemonde,1,35,55,0,0,0.0,,0,0,0,0,0,0
2026-09-09T01:27:40Z,lefigaro,1,202,55,0,0,0.0,,0,0,0,0,0,0
2026-09-09T01:27:40Z,lacroix,1,124,55,2,10,0.18182,-1.0,0,10,0,0,0,0
2026-09-09T01:27:40Z,spiegel,1,170,55,0,0,0.0,,0,0,0,0,0,0
2026-09-09T01:27:40Z,bild,1,169,55,0,0,0.0,,0,0,0,0,0,0
2026-09-09T01:27:40Z,faz,1,133,55,0,0,0.0,,0,0,0,0,0,0
2026-09-09T01:27:40Z,tagesschau,1,45,55,2,15,0.27273,-1.0,0,15,0,0,0,0
2026-09-09T01:27:40Z,elmundo,1,63,55,0,0,0.0,,0,0,0,0,0,0
2026-09-09T01:27:40Z,corriere,1,238,55,0,0,0.0,,0,0,0,0,0,0
2026-09-09T01:27:40Z,ilgiornale,1,78,55,2,6,0.10909,-1.0,0,6,0,0,0,0
2026-09-09T01:27:40Z,cbc,1,28,55,2,4,0.07273,-1.0,0,4,0,0,0,0
2026-09-09T01:27:40Z,globeandmail,1,102,55,1,5,0.09091,-1.0,0,5,0,0,0,0
2026-09-09T01:27:40Z,abcau,1,74,55,1,1,0.01818,0.0,0,0,1,0,0,0
2026-09-09T01:27:40Z,smh,1,89,55,0,0,0.0,,0,0,0,0,0,0
2026-09-09T01:45:25Z,nyt,1,42,55,1,5,0.09091,-1.0,0,5,0,0,0,0
2026-09-09T01:45:25Z,usatoday,1,27,55,0,0,0.0,,0,0,0,0,0,0
2026-09-09T01:45:25Z,nypost,1,131,55,1,1,0.01818,1.0,0,0,0,1,0,0
2026-09-09T01:45:25Z,cnn,1,55,55,0,0,0.0,,0,0,0,0,0,0
2026-09-09T01:45:25Z,foxnews,1,132,55,1,3,0.05455,0.0,0,0,3,0,0,0
2026-09-09T01:45:25Z,nbcnews,1,64,55,0,0,0.0,,0,0,0,0,0,0
2026-09-09T01:45:25Z,newsweek,1,80,55,0,0,0.0,,0,0,0,0,0,0
2026-09-09T01:45:25Z,csmonitor,1,64,55,2,15,0.27273,0.0,0,0,15,0,0,0
2026-09-09T01:45:25Z,washexaminer,1,46,55,1,3,0.05455,0.0,0,0,3,0,0,0
2026-09-09T01:45:25Z,bbc,1,33,55,4,10,0.18182,-0.6,0,6,4,0,0,0
2026-09-09T01:45:25Z,guardian,1,38,55,4,25,0.45455,-1.2,10,10,5,0,0,0
2026-09-09T01:45:25Z,thetimes,1,99,55,2,15,0.27273,0.667,0,0,5,10,0,0
2026-09-09T01:45:25Z,dailymail,1,309,55,3,11,0.2,0.182,0,3,3,5,0,0
2026-09-09T01:45:25Z,independent,1,101,55,0,0,0.0,,0,0,0,0,0,0
2026-09-09T01:45:25Z,dw,1,44,55,3,9,0.16364,0.222,0,3,1,5,0,0
2026-09-09T01:45:25Z,euronews,1,101,55,1,10,0.18182,0.0,0,0,10,0,0,0
2026-09-09T01:45:25Z,lemonde,1,35,55,0,0,0.0,,0,0,0,0,0,0
2026-09-09T01:45:25Z,lefigaro,1,202,55,0,0,0.0,,0,0,0,0,0,0
2026-09-09T01:45:25Z,lacroix,1,124,55,2,10,0.18182,-1.0,0,10,0,0,0,0
2026-09-09T01:45:25Z,spiegel,1,170,55,0,0,0.0,,0,0,0,0,0,0
2026-09-09T01:45:25Z,bild,1,169,55,0,0,0.0,,0,0,0,0,0,0
2026-09-09T01:45:25Z,faz,1,133,55,0,0,0.0,,0,0,0,0,0,0
2026-09-09T01:45:25Z,tagesschau,1,45,55,2,15,0.27273,-1.0,0,15,0,0,0,0
2026-09-09T01:45:25Z,elmundo,1,63,55,0,0,0.0,,0,0,0,0,0,0
2026-09-09T01:45:25Z,corriere,1,238,55,0,0,0.0,,0,0,0,0,0,0
2026-09-09T01:45:25Z,ilgiornale,1,78,55,2,6,0.10909,-1.0,0,6,0,0,0,0
2026-09-09T01:45:25Z,cbc,1,28,55,2,4,0.07273,-1.0,0,4,0,0,0,0
2026-09-09T01:45:25Z,globeandmail,1,103,55,0,0,0.0,,0,0,0,0,0,0
2026-09-09T01:45:25Z,abcau,1,77,55,1,1,0.01818,0.0,0,0,1,0,0,0
2026-09-09T01:45:25Z,smh,1,91,55,0,0,0.0,,0,0,0,0,0,0
2026-09-09T02:45:24Z,nyt,1,42,55,1,5,0.09091,-1.0,0,5,0,0,0,0
2026-09-09T02:45:24Z,usatoday,1,27,55,0,0,0.0,,0,0,0,0,0,0
2026-09-09T02:45:24Z,nypost,1,158,55,1,1,0.01818,1.0,0,0,0,1,0,0
2026-09-09T02:45:24Z,cnn,1,54,55,0,0,0.0,,0,0,0,0,0,0
2026-09-09T02:45:24Z,foxnews,1,130,55,1,1,0.01818,0.0,0,0,1,0,0,0
2026-09-09T02:45:24Z,nbcnews,1,60,55,0,0,0.0,,0,0,0,0,0,0
2026-09-09T02:45:24Z,newsweek,1,80,55,0,0,0.0,,0,0,0,0,0,0
2026-09-09T02:45:24Z,csmonitor,1,64,55,2,15,0.27273,0.0,0,0,15,0,0,0
2026-09-09T02:45:24Z,washexaminer,1,45,55,1,3,0.05455,0.0,0,0,3,0,0,0
2026-09-09T02:45:24Z,bbc,1,32,55,4,12,0.21818,-0.5,0,6,6,0,0,0
2026-09-09T02:45:24Z,guardian,1,39,55,3,20,0.36364,-0.5,0,10,10,0,0,0
2026-09-09T02:45:24Z,thetimes,1,0,0,0,0,,,0,0,0,0,0,0
2026-09-09T02:45:24Z,dailymail,1,309,55,3,11,0.2,0.182,0,3,3,5,0,0
2026-09-09T02:45:24Z,independent,1,101,55,0,0,0.0,,0,0,0,0,0,0
2026-09-09T02:45:24Z,dw,1,43,55,3,9,0.16364,0.222,0,3,1,5,0,0
2026-09-09T02:45:24Z,euronews,1,101,55,1,10,0.18182,0.0,0,0,10,0,0,0
2026-09-09T02:45:24Z,lemonde,1,36,55,0,0,0.0,,0,0,0,0,0,0
2026-09-09T02:45:24Z,lefigaro,1,202,55,0,0,0.0,,0,0,0,0,0,0
2026-09-09T02:45:24Z,lacroix,1,124,55,2,10,0.18182,-1.0,0,10,0,0,0,0
2026-09-09T02:45:24Z,spiegel,1,171,55,0,0,0.0,,0,0,0,0,0,0
2026-09-09T02:45:24Z,bild,1,171,55,0,0,0.0,,0,0,0,0,0,0
2026-09-09T02:45:24Z,faz,1,133,55,0,0,0.0,,0,0,0,0,0,0
2026-09-09T02:45:24Z,tagesschau,1,45,55,2,15,0.27273,-1.0,0,15,0,0,0,0
2026-09-09T02:45:24Z,elmundo,1,63,55,0,0,0.0,,0,0,0,0,0,0
2026-09-09T02:45:24Z,corriere,1,238,55,0,0,0.0,,0,0,0,0,0,0
2026-09-09T02:45:24Z,ilgiornale,1,78,55,2,6,0.10909,-1.0,0,6,0,0,0,0
2026-09-09T02:45:24Z,cbc,1,28,55,2,4,0.07273,-1.0,0,4,0,0,0,0
2026-09-09T02:45:24Z,globeandmail,1,102,55,1,1,0.01818,-1.0,0,1,0,0,0,0
2026-09-09T02:45:24Z,abcau,1,71,55,0,0,0.0,,0,0,0,0,0,0
2026-09-09T02:45:24Z,smh,1,86,55,0,0,0.0,,0,0,0,0,0,0
2026-09-09T03:45:24Z,nyt,1,44,55,1,5,0.09091,-1.0,0,5,0,0,0,0
2026-09-09T03:45:24Z,usatoday,1,27,55,0,0,0.0,,0,0,0,0,0,0
2026-09-09T03:45:24Z,nypost,1,161,55,1,1,0.01818,1.0,0,0,0,1,0,0
2026-09-09T03:45:24Z,cnn,1,52,55,0,0,0.0,,0,0,0,0,0,0
2026-09-09T03:45:24Z,foxnews,1,127,55,0,0,0.0,,0,0,0,0,0,0
2026-09-09T03:45:24Z,nbcnews,1,61,55,0,0,0.0,,0,0,0,0,0,0
2026-09-09T03:45:24Z,newsweek,1,80,55,0,0,0.0,,0,0,0,0,0,0
2026-09-09T03:45:24Z,csmonitor,1,64,55,2,15,0.27273,0.0,0,0,15,0,0,0
2026-09-09T03:45:24Z,washexaminer,1,44,55,1,3,0.05455,0.0,0,0,3,0,0,0
2026-09-09T03:45:24Z,bbc,1,32,55,4,12,0.21818,-0.5,0,6,6,0,0,0
2026-09-09T03:45:24Z,guardian,1,39,55,3,20,0.36364,-0.5,0,10,10,0,0,0
2026-09-09T03:45:24Z,thetimes,1,99,55,2,15,0.27273,0.667,0,0,5,10,0,0
2026-09-09T03:45:24Z,dailymail,1,309,55,3,11,0.2,0.182,0,3,3,5,0,0
2026-09-09T03:45:24Z,independent,1,101,55,0,0,0.0,,0,0,0,0,0,0
2026-09-09T03:45:24Z,dw,1,43,55,3,9,0.16364,0.222,0,3,1,5,0,0
2026-09-09T03:45:24Z,euronews,1,102,55,2,11,0.2,-0.091,0,1,10,0,0,0
2026-09-09T03:45:24Z,lemonde,1,39,55,0,0,0.0,,0,0,0,0,0,0
2026-09-09T03:45:24Z,lefigaro,1,204,55,0,0,0.0,,0,0,0,0,0,0
2026-09-09T03:45:24Z,lacroix,1,124,55,2,10,0.18182,-1.0,0,10,0,0,0,0
2026-09-09T03:45:24Z,spiegel,1,175,55,0,0,0.0,,0,0,0,0,0,0
2026-09-09T03:45:24Z,bild,1,170,55,0,0,0.0,,0,0,0,0,0,0
2026-09-09T03:45:24Z,faz,1,134,55,0,0,0.0,,0,0,0,0,0,0
2026-09-09T03:45:24Z,tagesschau,1,46,55,1,10,0.18182,-1.0,0,10,0,0,0,0
2026-09-09T03:45:24Z,elmundo,1,63,55,0,0,0.0,,0,0,0,0,0,0
2026-09-09T03:45:24Z,corriere,1,238,55,0,0,0.0,,0,0,0,0,0,0
2026-09-09T03:45:24Z,ilgiornale,1,78,55,2,6,0.10909,-1.0,0,6,0,0,0,0
2026-09-09T03:45:24Z,cbc,1,28,55,2,4,0.07273,-1.0,0,4,0,0,0,0
2026-09-09T03:45:24Z,globeandmail,1,102,55,1,1,0.01818,-1.0,0,1,0,0,0,0
2026-09-09T03:45:24Z,abcau,1,70,55,0,0,0.0,,0,0,0,0,0,0
2026-09-09T03:45:24Z,smh,1,86,55,0,0,0.0,,0,0,0,0,0,0
2026-09-09T04:45:26Z,nyt,1,42,55,0,0,0.0,,0,0,0,0,0,0
2026-09-09T04:45:26Z,usatoday,1,27,55,0,0,0.0,,0,0,0,0,0,0
2026-09-09T04:45:26Z,nypost,1,163,55,1,1,0.01818,1.0,0,0,0,1,0,0
2026-09-09T04:45:26Z,cnn,1,51,55,0,0,0.0,,0,0,0,0,0,0
2026-09-09T04:45:26Z,foxnews,1,127,55,0,0,0.0,,0,0,0,0,0,0
2026-09-09T04:45:26Z,nbcnews,1,60,55,0,0,0.0,,0,0,0,0,0,0
2026-09-09T04:45:26Z,newsweek,1,78,55,0,0,0.0,,0,0,0,0,0,0
2026-09-09T04:45:26Z,csmonitor,1,64,55,2,15,0.27273,0.0,0,0,15,0,0,0
2026-09-09T04:45:26Z,washexaminer,1,44,55,1,3,0.05455,0.0,0,0,3,0,0,0
2026-09-09T04:45:26Z,bbc,1,31,55,3,7,0.12727,-0.857,0,6,1,0,0,0
2026-09-09T04:45:26Z,guardian,1,38,55,2,15,0.27273,-1.667,10,5,0,0,0,0
2026-09-09T04:45:26Z,thetimes,1,99,55,2,15,0.27273,0.667,0,0,5,10,0,0
2026-09-09T04:45:26Z,dailymail,1,309,55,3,11,0.2,0.182,0,3,3,5,0,0
2026-09-09T04:45:26Z,independent,1,101,55,0,0,0.0,,0,0,0,0,0,0
2026-09-09T04:45:26Z,dw,1,43,55,3,9,0.16364,0.222,0,3,1,5,0,0
2026-09-09T04:45:26Z,euronews,1,102,55,2,11,0.2,-0.091,0,1,10,0,0,0
2026-09-09T04:45:26Z,lemonde,1,40,55,0,0,0.0,,0,0,0,0,0,0
2026-09-09T04:45:26Z,lefigaro,1,188,55,0,0,0.0,,0,0,0,0,0,0
2026-09-09T04:45:26Z,lacroix,1,121,55,2,2,0.03636,-0.5,0,1,1,0,0,0
2026-09-09T04:45:26Z,spiegel,1,171,55,0,0,0.0,,0,0,0,0,0,0
2026-09-09T04:45:26Z,bild,1,170,55,0,0,0.0,,0,0,0,0,0,0
2026-09-09T04:45:26Z,faz,1,136,55,0,0,0.0,,0,0,0,0,0,0
2026-09-09T04:45:26Z,tagesschau,1,43,55,1,10,0.18182,-1.0,0,10,0,0,0,0
2026-09-09T04:45:26Z,elmundo,1,63,55,0,0,0.0,,0,0,0,0,0,0
2026-09-09T04:45:26Z,corriere,1,234,55,0,0,0.0,,0,0,0,0,0,0
2026-09-09T04:45:26Z,ilgiornale,1,78,55,2,6,0.10909,-1.0,0,6,0,0,0,0
2026-09-09T04:45:26Z,cbc,1,27,55,2,4,0.07273,-1.0,0,4,0,0,0,0
2026-09-09T04:45:26Z,globeandmail,1,104,55,1,1,0.01818,-1.0,0,1,0,0,0,0
2026-09-09T04:45:26Z,abcau,1,69,55,0,0,0.0,,0,0,0,0,0,0
2026-09-09T04:45:26Z,smh,1,88,55,0,0,0.0,,0,0,0,0,0,0
2026-09-09T05:12:37Z,nyt,1,43,55,0,0,0.0,,0,0,0,0,0,0
2026-09-09T05:12:37Z,usatoday,1,27,55,0,0,0.0,,0,0,0,0,0,0
2026-09-09T05:12:37Z,nypost,1,163,55,1,1,0.01818,1.0,0,0,0,1,0,0
2026-09-09T05:12:37Z,cnn,1,51,55,0,0,0.0,,0,0,0,0,0,0
2026-09-09T05:12:37Z,foxnews,1,127,55,0,0,0.0,,0,0,0,0,0,0
2026-09-09T05:12:37Z,nbcnews,1,57,55,0,0,0.0,,0,0,0,0,0,0
2026-09-09T05:12:37Z,newsweek,1,78,55,0,0,0.0,,0,0,0,0,0,0
2026-09-09T05:12:37Z,csmonitor,1,64,55,2,15,0.27273,0.0,0,0,15,0,0,0
2026-09-09T05:12:37Z,washexaminer,1,44,55,1,3,0.05455,0.0,0,0,3,0,0,0
2026-09-09T05:12:37Z,bbc,1,31,55,3,7,0.12727,-0.857,0,6,1,0,0,0
2026-09-09T05:12:37Z,guardian,1,38,55,2,15,0.27273,-1.667,10,5,0,0,0,0
2026-09-09T05:12:37Z,thetimes,1,99,55,2,15,0.27273,0.667,0,0,5,10,0,0
2026-09-09T05:12:37Z,dailymail,1,309,55,3,11,0.2,0.182,0,3,3,5,0,0
2026-09-09T05:12:37Z,independent,1,101,55,0,0,0.0,,0,0,0,0,0,0
2026-09-09T05:12:37Z,dw,1,43,55,3,9,0.16364,0.222,0,3,1,5,0,0
2026-09-09T05:12:37Z,euronews,1,101,55,2,11,0.2,-0.091,0,1,10,0,0,0
2026-09-09T05:12:37Z,lemonde,1,38,55,0,0,0.0,,0,0,0,0,0,0
2026-09-09T05:12:37Z,lefigaro,1,191,55,0,0,0.0,,0,0,0,0,0,0
2026-09-09T05:12:37Z,lacroix,1,122,55,2,2,0.03636,-0.5,0,1,1,0,0,0
2026-09-09T05:12:37Z,spiegel,1,174,55,0,0,0.0,,0,0,0,0,0,0
2026-09-09T05:12:37Z,bild,1,170,55,0,0,0.0,,0,0,0,0,0,0
2026-09-09T05:12:37Z,faz,1,140,55,0,0,0.0,,0,0,0,0,0,0
2026-09-09T05:12:37Z,tagesschau,1,44,55,1,10,0.18182,-1.0,0,10,0,0,0,0
2026-09-09T05:12:37Z,elmundo,1,66,55,0,0,0.0,,0,0,0,0,0,0
2026-09-09T05:12:37Z,corriere,1,237,55,0,0,0.0,,0,0,0,0,0,0
2026-09-09T05:12:37Z,ilgiornale,1,78,55,2,6,0.10909,-1.0,0,6,0,0,0,0
2026-09-09T05:12:37Z,cbc,1,27,55,2,4,0.07273,-1.0,0,4,0,0,0,0
2026-09-09T05:12:37Z,globeandmail,1,104,55,1,1,0.01818,-1.0,0,1,0,0,0,0
2026-09-09T05:12:37Z,abcau,1,72,55,1,3,0.05455,0.0,0,0,3,0,0,0
2026-09-09T05:12:37Z,smh,1,89,55,0,0,0.0,,0,0,0,0,0,0
2026-09-09T05:45:27Z,nyt,1,41,55,0,0,0.0,,0,0,0,0,0,0
2026-09-09T05:45:27Z,usatoday,1,27,55,0,0,0.0,,0,0,0,0,0,0
2026-09-09T05:45:27Z,nypost,1,162,55,1,1,0.01818,1.0,0,0,0,1,0,0
2026-09-09T05:45:27Z,cnn,1,52,55,0,0,0.0,,0,0,0,0,0,0
2026-09-09T05:45:27Z,foxnews,1,127,55,0,0,0.0,,0,0,0,0,0,0
2026-09-09T05:45:27Z,nbcnews,1,57,55,0,0,0.0,,0,0,0,0,0,0
2026-09-09T05:45:27Z,newsweek,1,80,55,0,0,0.0,,0,0,0,0,0,0
2026-09-09T05:45:27Z,csmonitor,1,64,55,2,15,0.27273,0.0,0,0,15,0,0,0
2026-09-09T05:45:27Z,washexaminer,1,44,55,0,0,0.0,,0,0,0,0,0,0
2026-09-09T05:45:27Z,bbc,1,31,55,3,7,0.12727,-0.857,0,6,1,0,0,0
2026-09-09T05:45:27Z,guardian,1,38,55,2,10,0.18182,-1.0,0,10,0,0,0,0
2026-09-09T05:45:27Z,thetimes,1,0,0,0,0,,,0,0,0,0,0,0
2026-09-09T05:45:27Z,dailymail,1,309,55,3,11,0.2,0.182,0,3,3,5,0,0
2026-09-09T05:45:27Z,independent,1,96,55,0,0,0.0,,0,0,0,0,0,0
2026-09-09T05:45:27Z,dw,1,43,55,3,9,0.16364,0.222,0,3,1,5,0,0
2026-09-09T05:45:27Z,euronews,1,101,55,2,11,0.2,-0.091,0,1,10,0,0,0
2026-09-09T05:45:27Z,lemonde,1,38,55,0,0,0.0,,0,0,0,0,0,0
2026-09-09T05:45:27Z,lefigaro,1,191,55,0,0,0.0,,0,0,0,0,0,0
2026-09-09T05:45:27Z,lacroix,1,122,55,2,2,0.03636,-0.5,0,1,1,0,0,0
2026-09-09T05:45:27Z,spiegel,1,176,55,0,0,0.0,,0,0,0,0,0,0
2026-09-09T05:45:27Z,bild,1,170,55,0,0,0.0,,0,0,0,0,0,0
2026-09-09T05:45:27Z,faz,1,140,55,0,0,0.0,,0,0,0,0,0,0
2026-09-09T05:45:27Z,tagesschau,1,44,55,1,10,0.18182,-1.0,0,10,0,0,0,0
2026-09-09T05:45:27Z,elmundo,1,68,55,0,0,0.0,,0,0,0,0,0,0
2026-09-09T05:45:27Z,corriere,1,234,55,0,0,0.0,,0,0,0,0,0,0
2026-09-09T05:45:27Z,ilgiornale,1,79,55,2,10,0.18182,-1.0,0,10,0,0,0,0
2026-09-09T05:45:27Z,cbc,1,27,55,2,4,0.07273,-1.0,0,4,0,0,0,0
2026-09-09T05:45:27Z,globeandmail,1,103,55,0,0,0.0,,0,0,0,0,0,0
2026-09-09T05:45:27Z,abcau,1,67,55,1,3,0.05455,0.0,0,0,3,0,0,0
2026-09-09T05:45:27Z,smh,1,90,55,0,0,0.0,,0,0,0,0,0,0
2026-09-09T05:56:52Z,nyt,1,41,55,0,0,0.0,,0,0,0,0,0,0
2026-09-09T05:56:52Z,usatoday,1,27,55,0,0,0.0,,0,0,0,0,0,0
2026-09-09T05:56:52Z,nypost,1,163,55,1,1,0.01818,1.0,0,0,0,1,0,0
2026-09-09T05:56:52Z,cnn,1,52,55,0,0,0.0,,0,0,0,0,0,0
2026-09-09T05:56:52Z,foxnews,1,127,55,0,0,0.0,,0,0,0,0,0,0
2026-09-09T05:56:52Z,nbcnews,1,57,55,0,0,0.0,,0,0,0,0,0,0
2026-09-09T05:56:52Z,newsweek,1,80,55,0,0,0.0,,0,0,0,0,0,0
2026-09-09T05:56:52Z,csmonitor,1,64,55,2,15,0.27273,0.0,0,0,15,0,0,0
2026-09-09T05:56:52Z,washexaminer,1,44,55,0,0,0.0,,0,0,0,0,0,0
2026-09-09T05:56:52Z,bbc,1,30,55,3,7,0.12727,-0.857,0,6,1,0,0,0
2026-09-09T05:56:52Z,guardian,1,38,55,2,10,0.18182,-1.0,0,10,0,0,0,0
2026-09-09T05:56:52Z,thetimes,1,98,55,2,15,0.27273,0.667,0,0,5,10,0,0
2026-09-09T05:56:52Z,dailymail,1,311,55,3,11,0.2,0.182,0,3,3,5,0,0
2026-09-09T05:56:52Z,independent,1,101,55,0,0,0.0,,0,0,0,0,0,0
2026-09-09T05:56:52Z,dw,1,43,55,3,9,0.16364,0.222,0,3,1,5,0,0
2026-09-09T05:56:52Z,euronews,1,101,55,2,11,0.2,-0.091,0,1,10,0,0,0
2026-09-09T05:56:52Z,lemonde,1,39,55,0,0,0.0,,0,0,0,0,0,0
2026-09-09T05:56:52Z,lefigaro,1,190,55,0,0,0.0,,0,0,0,0,0,0
2026-09-09T05:56:52Z,lacroix,1,123,55,0,0,0.0,,0,0,0,0,0,0
2026-09-09T05:56:52Z,spiegel,1,175,55,0,0,0.0,,0,0,0,0,0,0
2026-09-09T05:56:52Z,bild,1,170,55,0,0,0.0,,0,0,0,0,0,0
2026-09-09T05:56:52Z,faz,1,141,55,0,0,0.0,,0,0,0,0,0,0
2026-09-09T05:56:52Z,tagesschau,1,44,55,1,10,0.18182,-1.0,0,10,0,0,0,0
2026-09-09T05:56:52Z,elmundo,1,69,55,0,0,0.0,,0,0,0,0,0,0
2026-09-09T05:56:52Z,corriere,1,239,55,0,0,0.0,,0,0,0,0,0,0
2026-09-09T05:56:52Z,ilgiornale,1,80,55,2,10,0.18182,-1.0,0,10,0,0,0,0
2026-09-09T05:56:52Z,cbc,1,27,55,2,4,0.07273,-1.0,0,4,0,0,0,0
2026-09-09T05:56:52Z,globeandmail,1,102,55,0,0,0.0,,0,0,0,0,0,0
2026-09-09T05:56:52Z,abcau,1,69,55,1,3,0.05455,0.0,0,0,3,0,0,0
2026-09-09T05:56:52Z,smh,1,90,55,0,0,0.0,,0,0,0,0,0,0
2026-09-09T06:45:25Z,nyt,1,42,55,0,0,0.0,,0,0,0,0,0,0
2026-09-09T06:45:25Z,usatoday,1,27,55,0,0,0.0,,0,0,0,0,0,0
2026-09-09T06:45:25Z,nypost,1,160,55,1,1,0.01818,1.0,0,0,0,1,0,0
2026-09-09T06:45:25Z,cnn,1,52,55,0,0,0.0,,0,0,0,0,0,0
2026-09-09T06:45:25Z,foxnews,1,127,55,0,0,0.0,,0,0,0,0,0,0
2026-09-09T06:45:25Z,nbcnews,1,56,55,0,0,0.0,,0,0,0,0,0,0
2026-09-09T06:45:25Z,newsweek,1,81,55,0,0,0.0,,0,0,0,0,0,0
2026-09-09T06:45:25Z,csmonitor,1,64,55,2,15,0.27273,0.0,0,0,15,0,0,0
2026-09-09T06:45:25Z,washexaminer,1,44,55,0,0,0.0,,0,0,0,0,0,0
2026-09-09T06:45:25Z,bbc,1,33,55,4,12,0.21818,-0.5,0,6,6,0,0,0
2026-09-09T06:45:25Z,guardian,1,40,55,2,10,0.18182,-1.0,0,10,0,0,0,0
2026-09-09T06:45:25Z,thetimes,1,101,55,2,10,0.18182,0.5,0,0,5,5,0,0
2026-09-09T06:45:25Z,dailymail,1,307,55,3,11,0.2,0.182,0,3,3,5,0,0
2026-09-09T06:45:25Z,independent,1,101,55,0,0,0.0,,0,0,0,0,0,0
2026-09-09T06:45:25Z,dw,1,43,55,3,9,0.16364,0.222,0,3,1,5,0,0
2026-09-09T06:45:25Z,euronews,1,101,55,1,10,0.18182,0.0,0,0,10,0,0,0
2026-09-09T06:45:25Z,lemonde,1,38,55,0,0,0.0,,0,0,0,0,0,0
2026-09-09T06:45:25Z,lefigaro,1,191,55,0,0,0.0,,0,0,0,0,0,0
2026-09-09T06:45:25Z,lacroix,1,126,55,2,10,0.18182,-1.0,0,10,0,0,0,0
2026-09-09T06:45:25Z,spiegel,1,176,55,0,0,0.0,,0,0,0,0,0,0
2026-09-09T06:45:25Z,bild,1,169,55,0,0,0.0,,0,0,0,0,0,0
2026-09-09T06:45:25Z,faz,1,141,55,0,0,0.0,,0,0,0,0,0,0
2026-09-09T06:45:25Z,tagesschau,1,43,55,1,10,0.18182,-1.0,0,10,0,0,0,0
2026-09-09T06:45:25Z,elmundo,1,68,55,0,0,0.0,,0,0,0,0,0,0
2026-09-09T06:45:25Z,corriere,1,236,55,0,0,0.0,,0,0,0,0,0,0
2026-09-09T06:45:25Z,ilgiornale,1,81,55,2,10,0.18182,-1.0,0,10,0,0,0,0
2026-09-09T06:45:25Z,cbc,1,27,55,2,4,0.07273,-0.5,0,3,0,1,0,0
2026-09-09T06:45:25Z,globeandmail,1,102,55,1,1,0.01818,-1.0,0,1,0,0,0,0
2026-09-09T06:45:25Z,abcau,1,72,55,1,3,0.05455,0.0,0,0,3,0,0,0
2026-09-09T06:45:25Z,smh,1,85,55,2,6,0.10909,0.0,0,0,6,0,0,0
2026-09-09T07:45:25Z,nyt,1,43,55,0,0,0.0,,0,0,0,0,0,0
2026-09-09T07:45:25Z,usatoday,1,27,55,0,0,0.0,,0,0,0,0,0,0
2026-09-09T07:45:25Z,nypost,1,160,55,1,1,0.01818,1.0,0,0,0,1,0,0
2026-09-09T07:45:25Z,cnn,1,49,55,0,0,0.0,,0,0,0,0,0,0
2026-09-09T07:45:25Z,foxnews,1,127,55,0,0,0.0,,0,0,0,0,0,0
2026-09-09T07:45:25Z,nbcnews,1,62,55,0,0,0.0,,0,0,0,0,0,0
2026-09-09T07:45:25Z,newsweek,1,81,55,0,0,0.0,,0,0,0,0,0,0
2026-09-09T07:45:25Z,csmonitor,1,64,55,2,15,0.27273,0.0,0,0,15,0,0,0
2026-09-09T07:45:25Z,washexaminer,1,44,55,0,0,0.0,,0,0,0,0,0,0
2026-09-09T07:45:25Z,bbc,1,34,55,4,12,0.21818,-0.5,0,6,6,0,0,0
2026-09-09T07:45:25Z,guardian,1,44,55,2,10,0.18182,-1.0,0,10,0,0,0,0
2026-09-09T07:45:25Z,thetimes,1,102,55,2,10,0.18182,0.5,0,0,5,5,0,0
2026-09-09T07:45:25Z,dailymail,1,314,55,4,16,0.29091,-0.188,0,3,13,0,0,0
2026-09-09T07:45:25Z,independent,1,101,55,0,0,0.0,,0,0,0,0,0,0
2026-09-09T07:45:25Z,dw,1,43,55,3,9,0.16364,0.222,0,3,1,5,0,0
2026-09-09T07:45:25Z,euronews,1,103,55,1,10,0.18182,0.0,0,0,10,0,0,0
2026-09-09T07:45:25Z,lemonde,1,40,55,0,0,0.0,,0,0,0,0,0,0
2026-09-09T07:45:25Z,lefigaro,1,198,55,0,0,0.0,,0,0,0,0,0,0
2026-09-09T07:45:25Z,lacroix,1,130,55,2,15,0.27273,-1.0,0,15,0,0,0,0
2026-09-09T07:45:25Z,spiegel,1,173,55,0,0,0.0,,0,0,0,0,0,0
2026-09-09T07:45:25Z,bild,1,170,55,0,0,0.0,,0,0,0,0,0,0
2026-09-09T07:45:25Z,faz,1,131,55,0,0,0.0,,0,0,0,0,0,0
2026-09-09T07:45:25Z,tagesschau,1,45,55,1,5,0.09091,-1.0,0,5,0,0,0,0
2026-09-09T07:45:25Z,elmundo,1,67,55,0,0,0.0,,0,0,0,0,0,0
2026-09-09T07:45:25Z,corriere,1,243,55,0,0,0.0,,0,0,0,0,0,0
2026-09-09T07:45:25Z,ilgiornale,1,82,55,2,10,0.18182,-1.0,0,10,0,0,0,0
2026-09-09T07:45:25Z,cbc,1,27,55,2,4,0.07273,-0.5,0,3,0,1,0,0
2026-09-09T07:45:25Z,globeandmail,1,102,55,1,1,0.01818,-1.0,0,1,0,0,0,0
2026-09-09T07:45:25Z,abcau,1,75,55,1,3,0.05455,0.0,0,0,3,0,0,0
2026-09-09T07:45:25Z,smh,1,86,55,2,4,0.07273,0.0,0,0,4,0,0,0
2026-09-09T08:45:24Z,nyt,1,42,55,0,0,0.0,,0,0,0,0,0,0
2026-09-09T08:45:24Z,usatoday,1,27,55,0,0,0.0,,0,0,0,0,0,0
2026-09-09T08:45:24Z,nypost,1,160,55,0,0,0.0,,0,0,0,0,0,0
2026-09-09T08:45:24Z,cnn,1,50,55,0,0,0.0,,0,0,0,0,0,0
2026-09-09T08:45:24Z,foxnews,1,127,55,0,0,0.0,,0,0,0,0,0,0
2026-09-09T08:45:24Z,nbcnews,1,61,55,0,0,0.0,,0,0,0,0,0,0
2026-09-09T08:45:24Z,newsweek,1,81,55,0,0,0.0,,0,0,0,0,0,0
2026-09-09T08:45:24Z,csmonitor,1,64,55,2,15,0.27273,0.0,0,0,15,0,0,0
2026-09-09T08:45:24Z,washexaminer,1,44,55,0,0,0.0,,0,0,0,0,0,0
2026-09-09T08:45:24Z,bbc,1,33,55,4,12,0.21818,-0.5,0,6,6,0,0,0
2026-09-09T08:45:24Z,guardian,1,44,55,2,10,0.18182,-0.5,0,5,5,0,0,0
2026-09-09T08:45:24Z,thetimes,1,102,55,2,10,0.18182,0.5,0,0,5,5,0,0
2026-09-09T08:45:24Z,dailymail,1,321,55,4,16,0.29091,-0.188,0,3,13,0,0,0
2026-09-09T08:45:24Z,independent,1,101,55,0,0,0.0,,0,0,0,0,0,0
2026-09-09T08:45:24Z,dw,1,44,55,2,4,0.07273,0.75,0,0,1,3,0,0
2026-09-09T08:45:24Z,euronews,1,102,55,1,10,0.18182,0.0,0,0,10,0,0,0
2026-09-09T08:45:24Z,lemonde,1,39,55,0,0,0.0,,0,0,0,0,0,0
2026-09-09T08:45:24Z,lefigaro,1,198,55,0,0,0.0,,0,0,0,0,0,0
2026-09-09T08:45:24Z,lacroix,1,130,55,2,10,0.18182,-1.0,0,10,0,0,0,0
2026-09-09T08:45:24Z,spiegel,1,172,55,0,0,0.0,,0,0,0,0,0,0
2026-09-09T08:45:24Z,bild,1,169,55,0,0,0.0,,0,0,0,0,0,0
2026-09-09T08:45:24Z,faz,1,132,55,0,0,0.0,,0,0,0,0,0,0
2026-09-09T08:45:24Z,tagesschau,1,45,55,1,5,0.09091,-1.0,0,5,0,0,0,0
2026-09-09T08:45:24Z,elmundo,1,67,55,0,0,0.0,,0,0,0,0,0,0
2026-09-09T08:45:24Z,corriere,1,248,55,0,0,0.0,,0,0,0,0,0,0
2026-09-09T08:45:24Z,ilgiornale,1,79,55,2,10,0.18182,-1.0,0,10,0,0,0,0
2026-09-09T08:45:24Z,cbc,1,27,55,1,1,0.01818,-1.0,0,1,0,0,0,0
2026-09-09T08:45:24Z,globeandmail,1,102,55,0,0,0.0,,0,0,0,0,0,0
2026-09-09T08:45:24Z,abcau,1,77,55,1,3,0.05455,0.0,0,0,3,0,0,0
2026-09-09T08:45:24Z,smh,1,85,55,2,4,0.07273,0.0,0,0,4,0,0,0
2026-09-09T09:45:27Z,nyt,1,43,55,1,5,0.09091,0.0,0,0,5,0,0,0
2026-09-09T09:45:27Z,usatoday,1,27,55,0,0,0.0,,0,0,0,0,0,0
2026-09-09T09:45:27Z,nypost,1,161,55,0,0,0.0,,0,0,0,0,0,0
2026-09-09T09:45:27Z,cnn,1,50,55,0,0,0.0,,0,0,0,0,0,0
2026-09-09T09:45:27Z,foxnews,1,123,55,0,0,0.0,,0,0,0,0,0,0
2026-09-09T09:45:27Z,nbcnews,1,59,55,0,0,0.0,,0,0,0,0,0,0
2026-09-09T09:45:27Z,newsweek,1,78,55,0,0,0.0,,0,0,0,0,0,0
2026-09-09T09:45:27Z,csmonitor,1,64,55,2,13,0.23636,0.0,0,0,13,0,0,0
2026-09-09T09:45:27Z,washexaminer,1,44,55,0,0,0.0,,0,0,0,0,0,0
2026-09-09T09:45:27Z,bbc,1,34,55,2,6,0.10909,-0.833,0,5,1,0,0,0
2026-09-09T09:45:27Z,guardian,1,43,55,2,10,0.18182,-0.5,0,5,5,0,0,0
2026-09-09T09:45:27Z,thetimes,1,101,55,2,10,0.18182,0.5,0,0,5,5,0,0
2026-09-09T09:45:27Z,dailymail,1,333,55,4,16,0.29091,-0.188,0,3,13,0,0,0
2026-09-09T09:45:27Z,independent,1,100,55,0,0,0.0,,0,0,0,0,0,0
2026-09-09T09:45:27Z,dw,1,44,55,2,4,0.07273,0.75,0,0,1,3,0,0
2026-09-09T09:45:27Z,euronews,1,102,55,2,15,0.27273,-0.333,0,5,10,0,0,0
2026-09-09T09:45:27Z,lemonde,1,39,55,0,0,0.0,,0,0,0,0,0,0
2026-09-09T09:45:27Z,lefigaro,1,197,55,0,0,0.0,,0,0,0,0,0,0
2026-09-09T09:45:27Z,lacroix,1,132,55,2,10,0.18182,-1.0,0,10,0,0,0,0
2026-09-09T09:45:27Z,spiegel,1,164,55,0,0,0.0,,0,0,0,0,0,0
2026-09-09T09:45:27Z,bild,1,169,55,1,5,0.09091,0.0,0,0,5,0,0,0
2026-09-09T09:45:27Z,faz,1,133,55,0,0,0.0,,0,0,0,0,0,0
2026-09-09T09:45:27Z,tagesschau,1,46,55,1,5,0.09091,-1.0,0,5,0,0,0,0
2026-09-09T09:45:27Z,elmundo,1,67,55,0,0,0.0,,0,0,0,0,0,0
2026-09-09T09:45:27Z,corriere,1,251,55,0,0,0.0,,0,0,0,0,0,0
2026-09-09T09:45:27Z,ilgiornale,1,54,55,2,10,0.18182,-1.0,0,10,0,0,0,0
2026-09-09T09:45:27Z,cbc,1,27,55,1,1,0.01818,-1.0,0,1,0,0,0,0
2026-09-09T09:45:27Z,globeandmail,1,101,55,0,0,0.0,,0,0,0,0,0,0
2026-09-09T09:45:27Z,abcau,1,78,55,1,1,0.01818,0.0,0,0,1,0,0,0
2026-09-09T09:45:27Z,smh,1,85,55,2,4,0.07273,0.0,0,0,4,0,0,0
2026-09-09T10:04:57Z,nyt,1,33,55,3,15,0.27273,-0.333,0,5,10,0,0,0
2026-09-09T10:04:57Z,usatoday,1,27,55,0,0,0.0,,0,0,0,0,0,0
2026-09-09T10:04:57Z,nypost,1,160,55,0,0,0.0,,0,0,0,0,0,0
2026-09-09T10:04:57Z,cnn,1,50,55,0,0,0.0,,0,0,0,0,0,0
2026-09-09T10:04:57Z,foxnews,1,121,55,0,0,0.0,,0,0,0,0,0,0
2026-09-09T10:04:57Z,nbcnews,1,59,55,0,0,0.0,,0,0,0,0,0,0
2026-09-09T10:04:57Z,newsweek,1,78,55,0,0,0.0,,0,0,0,0,0,0
2026-09-09T10:04:57Z,csmonitor,1,64,55,2,13,0.23636,0.0,0,0,13,0,0,0
2026-09-09T10:04:57Z,washexaminer,1,47,55,0,0,0.0,,0,0,0,0,0,0
2026-09-09T10:04:57Z,bbc,1,32,55,2,6,0.10909,-0.833,0,5,1,0,0,0
2026-09-09T10:04:57Z,guardian,1,43,55,2,10,0.18182,-0.5,0,5,5,0,0,0
2026-09-09T10:04:57Z,thetimes,1,101,55,2,10,0.18182,0.5,0,0,5,5,0,0
2026-09-09T10:04:57Z,dailymail,1,308,55,4,16,0.29091,-0.188,0,3,13,0,0,0
2026-09-09T10:04:57Z,independent,1,101,55,0,0,0.0,,0,0,0,0,0,0
2026-09-09T10:04:57Z,dw,1,44,55,2,4,0.07273,0.75,0,0,1,3,0,0
2026-09-09T10:04:57Z,euronews,1,102,55,1,10,0.18182,0.0,0,0,10,0,0,0
2026-09-09T10:04:57Z,lemonde,1,37,55,0,0,0.0,,0,0,0,0,0,0
2026-09-09T10:04:57Z,lefigaro,1,196,55,0,0,0.0,,0,0,0,0,0,0
2026-09-09T10:04:57Z,lacroix,1,130,55,2,8,0.14545,-1.0,0,8,0,0,0,0
2026-09-09T10:04:57Z,spiegel,1,164,55,0,0,0.0,,0,0,0,0,0,0
2026-09-09T10:04:57Z,bild,1,170,55,1,5,0.09091,0.0,0,0,5,0,0,0
2026-09-09T10:04:57Z,faz,1,133,55,0,0,0.0,,0,0,0,0,0,0
2026-09-09T10:04:57Z,tagesschau,1,46,55,1,5,0.09091,-1.0,0,5,0,0,0,0
2026-09-09T10:04:57Z,elmundo,1,66,55,0,0,0.0,,0,0,0,0,0,0
2026-09-09T10:04:57Z,corriere,1,248,55,0,0,0.0,,0,0,0,0,0,0
2026-09-09T10:04:57Z,ilgiornale,1,55,55,2,10,0.18182,-1.0,0,10,0,0,0,0
2026-09-09T10:04:57Z,cbc,1,27,55,1,1,0.01818,-1.0,0,1,0,0,0,0
2026-09-09T10:04:57Z,globeandmail,1,102,55,0,0,0.0,,0,0,0,0,0,0
2026-09-09T10:04:57Z,abcau,1,78,55,1,1,0.01818,0.0,0,0,1,0,0,0
2026-09-09T10:04:57Z,smh,1,88,55,2,2,0.03636,0.0,0,0,2,0,0,0
2026-09-09T10:45:23Z,nyt,1,33,55,3,15,0.27273,-0.333,0,5,10,0,0,0
2026-09-09T10:45:23Z,usatoday,1,27,55,0,0,0.0,,0,0,0,0,0,0
2026-09-09T10:45:23Z,nypost,1,159,55,0,0,0.0,,0,0,0,0,0,0
2026-09-09T10:45:23Z,cnn,1,47,55,0,0,0.0,,0,0,0,0,0,0
2026-09-09T10:45:23Z,foxnews,1,123,55,1,1,0.01818,1.0,0,0,0,1,0,0
2026-09-09T10:45:23Z,nbcnews,1,56,55,0,0,0.0,,0,0,0,0,0,0
2026-09-09T10:45:23Z,newsweek,1,78,55,0,0,0.0,,0,0,0,0,0,0
2026-09-09T10:45:23Z,csmonitor,1,64,55,2,10,0.18182,0.0,0,0,10,0,0,0
2026-09-09T10:45:23Z,washexaminer,1,47,55,0,0,0.0,,0,0,0,0,0,0
2026-09-09T10:45:23Z,bbc,1,34,55,3,7,0.12727,-0.714,0,5,2,0,0,0
2026-09-09T10:45:23Z,guardian,1,42,55,2,10,0.18182,-0.5,0,5,5,0,0,0
2026-09-09T10:45:23Z,thetimes,1,91,55,1,5,0.09091,1.0,0,0,0,5,0,0
2026-09-09T10:45:23Z,dailymail,1,318,55,3,13,0.23636,0.0,0,0,13,0,0,0
2026-09-09T10:45:23Z,independent,1,101,55,0,0,0.0,,0,0,0,0,0,0
2026-09-09T10:45:23Z,dw,1,44,55,2,4,0.07273,0.75,0,0,1,3,0,0
2026-09-09T10:45:23Z,euronews,1,100,55,1,10,0.18182,0.0,0,0,10,0,0,0
2026-09-09T10:45:23Z,lemonde,1,37,55,0,0,0.0,,0,0,0,0,0,0
2026-09-09T10:45:23Z,lefigaro,1,199,55,0,0,0.0,,0,0,0,0,0,0
2026-09-09T10:45:23Z,lacroix,1,130,55,2,8,0.14545,-1.0,0,8,0,0,0,0
2026-09-09T10:45:23Z,spiegel,1,167,55,0,0,0.0,,0,0,0,0,0,0
2026-09-09T10:45:23Z,bild,1,172,55,1,3,0.05455,0.0,0,0,3,0,0,0
2026-09-09T10:45:23Z,faz,1,135,55,0,0,0.0,,0,0,0,0,0,0
2026-09-09T10:45:23Z,tagesschau,1,47,55,1,5,0.09091,-1.0,0,5,0,0,0,0
2026-09-09T10:45:23Z,elmundo,1,61,55,0,0,0.0,,0,0,0,0,0,0
2026-09-09T10:45:23Z,corriere,1,249,55,0,0,0.0,,0,0,0,0,0,0
2026-09-09T10:45:23Z,ilgiornale,1,64,55,2,6,0.10909,-1.0,0,6,0,0,0,0
2026-09-09T10:45:23Z,cbc,1,28,55,1,1,0.01818,-1.0,0,1,0,0,0,0
2026-09-09T10:45:23Z,globeandmail,1,107,55,0,0,0.0,,0,0,0,0,0,0
2026-09-09T10:45:23Z,abcau,1,76,55,1,1,0.01818,0.0,0,0,1,0,0,0
2026-09-09T10:45:23Z,smh,1,89,55,2,2,0.03636,-0.5,0,1,1,0,0,0
2026-09-09T11:15:49Z,nyt,1,34,55,3,15,0.27273,-0.333,0,5,10,0,0,0
2026-09-09T11:15:49Z,usatoday,1,27,55,0,0,0.0,,0,0,0,0,0,0
2026-09-09T11:15:49Z,nypost,1,159,55,0,0,0.0,,0,0,0,0,0,0
2026-09-09T11:15:49Z,cnn,1,49,55,0,0,0.0,,0,0,0,0,0,0
2026-09-09T11:15:49Z,foxnews,1,122,55,0,0,0.0,,0,0,0,0,0,0
2026-09-09T11:15:49Z,nbcnews,1,57,55,0,0,0.0,,0,0,0,0,0,0
2026-09-09T11:15:49Z,newsweek,1,78,55,0,0,0.0,,0,0,0,0,0,0
2026-09-09T11:15:49Z,csmonitor,1,64,55,2,10,0.18182,0.0,0,0,10,0,0,0
2026-09-09T11:15:49Z,washexaminer,1,49,55,0,0,0.0,,0,0,0,0,0,0
2026-09-09T11:15:49Z,bbc,1,35,55,3,7,0.12727,-0.714,0,5,2,0,0,0
2026-09-09T11:15:49Z,guardian,1,41,55,1,5,0.09091,0.0,0,0,5,0,0,0
2026-09-09T11:15:49Z,thetimes,1,94,55,1,10,0.18182,0.0,0,0,10,0,0,0
2026-09-09T11:15:49Z,dailymail,1,325,55,1,5,0.09091,0.0,0,0,5,0,0,0
2026-09-09T11:15:49Z,independent,1,105,55,0,0,0.0,,0,0,0,0,0,0
2026-09-09T11:15:49Z,dw,1,44,55,1,1,0.01818,0.0,0,0,1,0,0,0
2026-09-09T11:15:49Z,euronews,1,102,55,1,10,0.18182,0.0,0,0,10,0,0,0
2026-09-09T11:15:49Z,lemonde,1,37,55,0,0,0.0,,0,0,0,0,0,0
2026-09-09T11:15:49Z,lefigaro,1,200,55,0,0,0.0,,0,0,0,0,0,0
2026-09-09T11:15:49Z,lacroix,1,129,55,2,8,0.14545,-1.0,0,8,0,0,0,0
2026-09-09T11:15:49Z,spiegel,1,170,55,1,1,0.01818,-1.0,0,1,0,0,0,0
2026-09-09T11:15:49Z,bild,1,174,55,1,3,0.05455,0.0,0,0,3,0,0,0
2026-09-09T11:15:49Z,faz,1,135,55,0,0,0.0,,0,0,0,0,0,0
2026-09-09T11:15:49Z,tagesschau,1,47,55,1,5,0.09091,-1.0,0,5,0,0,0,0
2026-09-09T11:15:49Z,elmundo,1,62,55,0,0,0.0,,0,0,0,0,0,0
2026-09-09T11:15:49Z,corriere,1,248,55,0,0,0.0,,0,0,0,0,0,0
2026-09-09T11:15:49Z,ilgiornale,1,65,55,2,6,0.10909,-1.0,0,6,0,0,0,0
2026-09-09T11:15:49Z,cbc,1,28,55,1,1,0.01818,-1.0,0,1,0,0,0,0
2026-09-09T11:15:49Z,globeandmail,1,105,55,0,0,0.0,,0,0,0,0,0,0
2026-09-09T11:15:49Z,abcau,1,76,55,1,1,0.01818,0.0,0,0,1,0,0,0
2026-09-09T11:15:49Z,smh,1,89,55,2,2,0.03636,-0.5,0,1,1,0,0,0
2026-09-09T11:45:30Z,nyt,1,34,55,3,15,0.27273,-0.333,0,5,10,0,0,0
2026-09-09T11:45:30Z,usatoday,1,28,55,0,0,0.0,,0,0,0,0,0,0
2026-09-09T11:45:30Z,nypost,1,161,55,0,0,0.0,,0,0,0,0,0,0
2026-09-09T11:45:30Z,cnn,1,49,55,0,0,0.0,,0,0,0,0,0,0
2026-09-09T11:45:30Z,foxnews,1,122,55,0,0,0.0,,0,0,0,0,0,0
2026-09-09T11:45:30Z,nbcnews,1,58,55,0,0,0.0,,0,0,0,0,0,0
2026-09-09T11:45:30Z,newsweek,1,78,55,0,0,0.0,,0,0,0,0,0,0
2026-09-09T11:45:30Z,csmonitor,1,64,55,2,10,0.18182,0.0,0,0,10,0,0,0
2026-09-09T11:45:30Z,washexaminer,1,46,55,0,0,0.0,,0,0,0,0,0,0
2026-09-09T11:45:30Z,bbc,1,32,55,2,6,0.10909,-0.833,0,5,1,0,0,0
2026-09-09T11:45:30Z,guardian,1,42,55,1,5,0.09091,-1.0,0,5,0,0,0,0
2026-09-09T11:45:30Z,thetimes,1,94,55,0,0,0.0,,0,0,0,0,0,0
2026-09-09T11:45:30Z,dailymail,1,328,55,1,5,0.09091,0.0,0,0,5,0,0,0
2026-09-09T11:45:30Z,independent,1,79,55,0,0,0.0,,0,0,0,0,0,0
2026-09-09T11:45:30Z,dw,1,44,55,0,0,0.0,,0,0,0,0,0,0
2026-09-09T11:45:30Z,euronews,1,102,55,1,10,0.18182,0.0,0,0,10,0,0,0
2026-09-09T11:45:30Z,lemonde,1,37,55,0,0,0.0,,0,0,0,0,0,0
2026-09-09T11:45:30Z,lefigaro,1,200,55,0,0,0.0,,0,0,0,0,0,0
2026-09-09T11:45:30Z,lacroix,1,128,55,2,8,0.14545,-1.0,0,8,0,0,0,0
2026-09-09T11:45:30Z,spiegel,1,170,55,2,2,0.03636,0.0,0,1,0,1,0,0
2026-09-09T11:45:30Z,bild,1,174,55,1,3,0.05455,0.0,0,0,3,0,0,0
2026-09-09T11:45:30Z,faz,1,135,55,0,0,0.0,,0,0,0,0,0,0
2026-09-09T11:45:30Z,tagesschau,1,46,55,1,5,0.09091,-1.0,0,5,0,0,0,0
2026-09-09T11:45:30Z,elmundo,1,62,55,0,0,0.0,,0,0,0,0,0,0
2026-09-09T11:45:30Z,corriere,1,249,55,0,0,0.0,,0,0,0,0,0,0
2026-09-09T11:45:30Z,ilgiornale,1,66,55,2,6,0.10909,-1.0,0,6,0,0,0,0
2026-09-09T11:45:30Z,cbc,1,28,55,1,1,0.01818,-1.0,0,1,0,0,0,0
2026-09-09T11:45:30Z,globeandmail,1,108,55,0,0,0.0,,0,0,0,0,0,0
2026-09-09T11:45:30Z,abcau,1,76,55,1,1,0.01818,0.0,0,0,1,0,0,0
2026-09-09T11:45:30Z,smh,1,89,55,2,2,0.03636,-0.5,0,1,1,0,0,0
2026-09-09T12:45:25Z,nyt,1,34,55,3,15,0.27273,-0.333,0,5,10,0,0,0
2026-09-09T12:45:25Z,usatoday,1,28,55,0,0,0.0,,0,0,0,0,0,0
2026-09-09T12:45:25Z,nypost,1,164,55,0,0,0.0,,0,0,0,0,0,0
2026-09-09T12:45:25Z,cnn,1,49,55,0,0,0.0,,0,0,0,0,0,0
2026-09-09T12:45:25Z,foxnews,1,118,55,0,0,0.0,,0,0,0,0,0,0
2026-09-09T12:45:25Z,nbcnews,1,60,55,0,0,0.0,,0,0,0,0,0,0
2026-09-09T12:45:25Z,newsweek,1,78,55,1,5,0.09091,0.0,0,0,5,0,0,0
2026-09-09T12:45:25Z,csmonitor,1,64,55,2,10,0.18182,0.0,0,0,10,0,0,0
2026-09-09T12:45:25Z,washexaminer,1,45,55,0,0,0.0,,0,0,0,0,0,0
2026-09-09T12:45:25Z,bbc,1,31,55,2,6,0.10909,-0.833,0,5,1,0,0,0
2026-09-09T12:45:25Z,guardian,1,39,55,1,5,0.09091,-1.0,0,5,0,0,0,0
2026-09-09T12:45:25Z,thetimes,1,94,55,0,0,0.0,,0,0,0,0,0,0
2026-09-09T12:45:25Z,dailymail,1,341,55,2,6,0.10909,0.167,0,0,5,1,0,0
2026-09-09T12:45:25Z,independent,1,100,55,0,0,0.0,,0,0,0,0,0,0
2026-09-09T12:45:25Z,dw,1,44,55,0,0,0.0,,0,0,0,0,0,0
2026-09-09T12:45:25Z,euronews,1,104,55,1,10,0.18182,0.0,0,0,10,0,0,0
2026-09-09T12:45:25Z,lemonde,1,36,55,0,0,0.0,,0,0,0,0,0,0
2026-09-09T12:45:25Z,lefigaro,1,205,55,0,0,0.0,,0,0,0,0,0,0
2026-09-09T12:45:25Z,lacroix,1,129,55,2,10,0.18182,-1.0,0,10,0,0,0,0
2026-09-09T12:45:25Z,spiegel,1,166,55,2,2,0.03636,0.0,0,1,0,1,0,0
2026-09-09T12:45:25Z,bild,1,172,55,0,0,0.0,,0,0,0,0,0,0
2026-09-09T12:45:25Z,faz,1,137,55,0,0,0.0,,0,0,0,0,0,0
2026-09-09T12:45:25Z,tagesschau,1,46,55,1,3,0.05455,-1.0,0,3,0,0,0,0
2026-09-09T12:45:25Z,elmundo,1,68,55,0,0,0.0,,0,0,0,0,0,0
2026-09-09T12:45:25Z,corriere,1,249,55,0,0,0.0,,0,0,0,0,0,0
2026-09-09T12:45:25Z,ilgiornale,1,69,55,2,6,0.10909,-1.0,0,6,0,0,0,0
2026-09-09T12:45:25Z,cbc,1,27,55,1,1,0.01818,-1.0,0,1,0,0,0,0
2026-09-09T12:45:25Z,globeandmail,1,105,55,0,0,0.0,,0,0,0,0,0,0
2026-09-09T12:45:25Z,abcau,1,76,55,1,1,0.01818,0.0,0,0,1,0,0,0
2026-09-09T12:45:25Z,smh,1,91,55,2,2,0.03636,-0.5,0,1,1,0,0,0
2026-09-09T13:45:31Z,nyt,1,33,55,2,10,0.18182,-0.5,0,5,5,0,0,0
2026-09-09T13:45:31Z,usatoday,1,28,55,0,0,0.0,,0,0,0,0,0,0
2026-09-09T13:45:31Z,nypost,1,167,55,0,0,0.0,,0,0,0,0,0,0
2026-09-09T13:45:31Z,cnn,1,48,55,0,0,0.0,,0,0,0,0,0,0
2026-09-09T13:45:31Z,foxnews,1,118,55,0,0,0.0,,0,0,0,0,0,0
2026-09-09T13:45:31Z,nbcnews,1,59,55,2,4,0.07273,-1.0,0,4,0,0,0,0
2026-09-09T13:45:31Z,newsweek,1,78,55,1,5,0.09091,0.0,0,0,5,0,0,0
2026-09-09T13:45:31Z,csmonitor,1,64,55,2,10,0.18182,0.0,0,0,10,0,0,0
2026-09-09T13:45:31Z,washexaminer,1,42,55,0,0,0.0,,0,0,0,0,0,0
2026-09-09T13:45:31Z,bbc,1,32,55,2,6,0.10909,0.0,0,0,6,0,0,0
2026-09-09T13:45:31Z,guardian,1,39,55,1,5,0.09091,0.0,0,0,5,0,0,0
2026-09-09T13:45:31Z,thetimes,1,93,55,0,0,0.0,,0,0,0,0,0,0
2026-09-09T13:45:31Z,dailymail,1,348,55,1,5,0.09091,0.0,0,0,5,0,0,0
2026-09-09T13:45:31Z,independent,1,90,55,0,0,0.0,,0,0,0,0,0,0
2026-09-09T13:45:31Z,dw,1,44,55,0,0,0.0,,0,0,0,0,0,0
2026-09-09T13:45:31Z,euronews,1,104,55,1,10,0.18182,0.0,0,0,10,0,0,0
2026-09-09T13:45:31Z,lemonde,1,36,55,0,0,0.0,,0,0,0,0,0,0
2026-09-09T13:45:31Z,lefigaro,1,197,55,0,0,0.0,,0,0,0,0,0,0
2026-09-09T13:45:31Z,lacroix,1,132,55,2,8,0.14545,-1.0,0,8,0,0,0,0
2026-09-09T13:45:31Z,spiegel,1,170,55,1,1,0.01818,1.0,0,0,0,1,0,0
2026-09-09T13:45:31Z,bild,1,173,55,0,0,0.0,,0,0,0,0,0,0
2026-09-09T13:45:31Z,faz,1,137,55,0,0,0.0,,0,0,0,0,0,0
2026-09-09T13:45:31Z,tagesschau,1,47,55,1,3,0.05455,-1.0,0,3,0,0,0,0
2026-09-09T13:45:31Z,elmundo,1,56,55,0,0,0.0,,0,0,0,0,0,0
2026-09-09T13:45:31Z,corriere,1,244,55,0,0,0.0,,0,0,0,0,0,0
2026-09-09T13:45:31Z,ilgiornale,1,69,55,1,10,0.18182,1.0,0,0,0,10,0,0
2026-09-09T13:45:31Z,cbc,1,25,55,1,1,0.01818,-1.0,0,1,0,0,0,0
2026-09-09T13:45:31Z,globeandmail,1,105,55,0,0,0.0,,0,0,0,0,0,0
2026-09-09T13:45:31Z,abcau,1,76,55,1,1,0.01818,0.0,0,0,1,0,0,0
2026-09-09T13:45:31Z,smh,1,91,55,2,2,0.03636,-0.5,0,1,1,0,0,0
2026-09-09T14:45:29Z,nyt,1,34,55,2,10,0.18182,-0.5,0,5,5,0,0,0
2026-09-09T14:45:29Z,usatoday,1,28,55,0,0,0.0,,0,0,0,0,0,0
2026-09-09T14:45:29Z,nypost,1,126,55,0,0,0.0,,0,0,0,0,0,0
2026-09-09T14:45:29Z,cnn,1,47,55,0,0,0.0,,0,0,0,0,0,0
2026-09-09T14:45:29Z,foxnews,1,115,55,0,0,0.0,,0,0,0,0,0,0
2026-09-09T14:45:29Z,nbcnews,1,58,55,2,6,0.10909,-1.0,0,6,0,0,0,0
2026-09-09T14:45:29Z,newsweek,1,78,55,2,6,0.10909,0.333,0,0,5,0,1,0
2026-09-09T14:45:29Z,csmonitor,1,64,55,2,10,0.18182,0.0,0,0,10,0,0,0
2026-09-09T14:45:29Z,washexaminer,1,41,55,0,0,0.0,,0,0,0,0,0,0
2026-09-09T14:45:29Z,bbc,1,32,55,2,6,0.10909,0.0,0,0,6,0,0,0
2026-09-09T14:45:29Z,guardian,1,41,55,1,5,0.09091,0.0,0,0,5,0,0,0
2026-09-09T14:45:29Z,thetimes,1,94,55,0,0,0.0,,0,0,0,0,0,0
2026-09-09T14:45:29Z,dailymail,1,347,55,1,5,0.09091,0.0,0,0,5,0,0,0
2026-09-09T14:45:29Z,independent,1,106,55,2,2,0.03636,-0.5,0,1,1,0,0,0
2026-09-09T14:45:29Z,dw,1,43,55,0,0,0.0,,0,0,0,0,0,0
2026-09-09T14:45:29Z,euronews,1,106,55,1,10,0.18182,0.0,0,0,10,0,0,0
2026-09-09T14:45:29Z,lemonde,1,35,55,0,0,0.0,,0,0,0,0,0,0
2026-09-09T14:45:29Z,lefigaro,1,196,55,0,0,0.0,,0,0,0,0,0,0
2026-09-09T14:45:29Z,lacroix,1,131,55,2,8,0.14545,-1.0,0,8,0,0,0,0
2026-09-09T14:45:29Z,spiegel,1,170,55,0,0,0.0,,0,0,0,0,0,0
2026-09-09T14:45:29Z,bild,1,173,55,0,0,0.0,,0,0,0,0,0,0
2026-09-09T14:45:29Z,faz,1,141,55,0,0,0.0,,0,0,0,0,0,0
2026-09-09T14:45:29Z,tagesschau,1,49,55,0,0,0.0,,0,0,0,0,0,0
2026-09-09T14:45:29Z,elmundo,1,59,55,0,0,0.0,,0,0,0,0,0,0
2026-09-09T14:45:29Z,corriere,1,244,55,0,0,0.0,,0,0,0,0,0,0
2026-09-09T14:45:29Z,ilgiornale,1,69,55,1,10,0.18182,1.0,0,0,0,10,0,0
2026-09-09T14:45:29Z,cbc,1,28,55,0,0,0.0,,0,0,0,0,0,0
2026-09-09T14:45:29Z,globeandmail,1,107,55,0,0,0.0,,0,0,0,0,0,0
2026-09-09T14:45:29Z,abcau,1,76,55,1,1,0.01818,0.0,0,0,1,0,0,0
2026-09-09T14:45:29Z,smh,1,91,55,2,2,0.03636,-0.5,0,1,1,0,0,0
2026-09-09T14:47:31Z,nyt,1,34,55,2,10,0.18182,-0.5,0,5,5,0,0,0
2026-09-09T14:47:31Z,usatoday,1,28,55,0,0,0.0,,0,0,0,0,0,0
2026-09-09T14:47:31Z,nypost,1,162,55,0,0,0.0,,0,0,0,0,0,0
2026-09-09T14:47:31Z,cnn,1,47,55,0,0,0.0,,0,0,0,0,0,0
2026-09-09T14:47:31Z,foxnews,1,115,55,0,0,0.0,,0,0,0,0,0,0
2026-09-09T14:47:31Z,nbcnews,1,58,55,2,6,0.10909,-1.0,0,6,0,0,0,0
2026-09-09T14:47:31Z,newsweek,1,78,55,2,6,0.10909,0.333,0,0,5,0,1,0
2026-09-09T14:47:31Z,csmonitor,1,64,55,2,10,0.18182,0.0,0,0,10,0,0,0
2026-09-09T14:47:31Z,washexaminer,1,47,55,0,0,0.0,,0,0,0,0,0,0
2026-09-09T14:47:31Z,bbc,1,32,55,2,6,0.10909,0.0,0,0,6,0,0,0
2026-09-09T14:47:31Z,guardian,1,41,55,1,5,0.09091,0.0,0,0,5,0,0,0
2026-09-09T14:47:31Z,thetimes,1,94,55,0,0,0.0,,0,0,0,0,0,0
2026-09-09T14:47:31Z,dailymail,1,347,55,1,5,0.09091,0.0,0,0,5,0,0,0
2026-09-09T14:47:31Z,independent,1,88,55,0,0,0.0,,0,0,0,0,0,0
2026-09-09T14:47:31Z,dw,1,43,55,0,0,0.0,,0,0,0,0,0,0
2026-09-09T14:47:31Z,euronews,1,106,55,1,10,0.18182,0.0,0,0,10,0,0,0
2026-09-09T14:47:31Z,lemonde,1,35,55,0,0,0.0,,0,0,0,0,0,0
2026-09-09T14:47:31Z,lefigaro,1,196,55,0,0,0.0,,0,0,0,0,0,0
2026-09-09T14:47:31Z,lacroix,1,131,55,2,8,0.14545,-1.0,0,8,0,0,0,0
2026-09-09T14:47:31Z,spiegel,1,170,55,0,0,0.0,,0,0,0,0,0,0
2026-09-09T14:47:31Z,bild,1,173,55,0,0,0.0,,0,0,0,0,0,0
2026-09-09T14:47:31Z,faz,1,141,55,0,0,0.0,,0,0,0,0,0,0
2026-09-09T14:47:31Z,tagesschau,1,49,55,0,0,0.0,,0,0,0,0,0,0
2026-09-09T14:47:31Z,elmundo,1,59,55,0,0,0.0,,0,0,0,0,0,0
2026-09-09T14:47:31Z,corriere,1,244,55,0,0,0.0,,0,0,0,0,0,0
2026-09-09T14:47:31Z,ilgiornale,1,69,55,1,10,0.18182,1.0,0,0,0,10,0,0
2026-09-09T14:47:31Z,cbc,1,28,55,0,0,0.0,,0,0,0,0,0,0
2026-09-09T14:47:31Z,globeandmail,1,107,55,0,0,0.0,,0,0,0,0,0,0
2026-09-09T14:47:31Z,abcau,1,76,55,1,1,0.01818,0.0,0,0,1,0,0,0
2026-09-09T14:47:31Z,smh,1,91,55,2,2,0.03636,-0.5,0,1,1,0,0,0
2026-09-09T15:45:25Z,nyt,1,35,55,2,10,0.18182,-0.5,0,5,5,0,0,0
2026-09-09T15:45:25Z,usatoday,1,29,55,0,0,0.0,,0,0,0,0,0,0
2026-09-09T15:45:25Z,nypost,1,159,55,0,0,0.0,,0,0,0,0,0,0
2026-09-09T15:45:25Z,cnn,1,49,55,0,0,0.0,,0,0,0,0,0,0
2026-09-09T15:45:25Z,foxnews,1,123,55,0,0,0.0,,0,0,0,0,0,0
2026-09-09T15:45:25Z,nbcnews,1,59,55,2,4,0.07273,-1.0,0,4,0,0,0,0
2026-09-09T15:45:25Z,newsweek,1,78,55,2,6,0.10909,0.333,0,0,5,0,1,0
2026-09-09T15:45:25Z,csmonitor,1,64,55,2,10,0.18182,0.0,0,0,10,0,0,0
2026-09-09T15:45:25Z,washexaminer,1,49,55,0,0,0.0,,0,0,0,0,0,0
2026-09-09T15:45:25Z,bbc,1,30,55,2,6,0.10909,0.0,0,0,6,0,0,0
2026-09-09T15:45:25Z,guardian,1,38,55,1,5,0.09091,0.0,0,0,5,0,0,0
2026-09-09T15:45:25Z,thetimes,1,94,55,0,0,0.0,,0,0,0,0,0,0
2026-09-09T15:45:25Z,dailymail,1,359,55,1,5,0.09091,0.0,0,0,5,0,0,0
2026-09-09T15:45:25Z,independent,1,89,55,0,0,0.0,,0,0,0,0,0,0
2026-09-09T15:45:25Z,dw,1,43,55,0,0,0.0,,0,0,0,0,0,0
2026-09-09T15:45:25Z,euronews,1,105,55,1,10,0.18182,0.0,0,0,10,0,0,0
2026-09-09T15:45:25Z,lemonde,1,34,55,0,0,0.0,,0,0,0,0,0,0
2026-09-09T15:45:25Z,lefigaro,1,203,55,0,0,0.0,,0,0,0,0,0,0
2026-09-09T15:45:25Z,lacroix,1,130,55,2,6,0.10909,-1.0,0,6,0,0,0,0
2026-09-09T15:45:25Z,spiegel,1,163,55,0,0,0.0,,0,0,0,0,0,0
2026-09-09T15:45:25Z,bild,1,174,55,0,0,0.0,,0,0,0,0,0,0
2026-09-09T15:45:25Z,faz,1,141,55,0,0,0.0,,0,0,0,0,0,0
2026-09-09T15:45:25Z,tagesschau,1,52,55,0,0,0.0,,0,0,0,0,0,0
2026-09-09T15:45:25Z,elmundo,1,59,55,0,0,0.0,,0,0,0,0,0,0
2026-09-09T15:45:25Z,corriere,1,237,55,0,0,0.0,,0,0,0,0,0,0
2026-09-09T15:45:25Z,ilgiornale,1,69,55,1,10,0.18182,1.0,0,0,0,10,0,0
2026-09-09T15:45:25Z,cbc,1,30,55,0,0,0.0,,0,0,0,0,0,0
2026-09-09T15:45:25Z,globeandmail,1,110,55,0,0,0.0,,0,0,0,0,0,0
2026-09-09T15:45:25Z,abcau,1,77,55,1,1,0.01818,0.0,0,0,1,0,0,0
2026-09-09T15:45:25Z,smh,1,91,55,2,2,0.03636,-0.5,0,1,1,0,0,0
2026-09-09T16:34:23Z,nyt,1,35,55,2,10,0.18182,-0.5,0,5,5,0,0,0
2026-09-09T16:34:23Z,usatoday,1,30,55,0,0,0.0,,0,0,0,0,0,0
2026-09-09T16:34:23Z,nypost,1,126,55,1,5,0.09091,0.0,0,0,5,0,0,0
2026-09-09T16:34:23Z,cnn,1,48,55,0,0,0.0,,0,0,0,0,0,0
2026-09-09T16:34:23Z,foxnews,1,119,55,0,0,0.0,,0,0,0,0,0,0
2026-09-09T16:34:23Z,nbcnews,1,60,55,2,4,0.07273,-1.0,0,4,0,0,0,0
2026-09-09T16:34:23Z,newsweek,1,78,55,2,6,0.10909,0.333,0,0,5,0,1,0
2026-09-09T16:34:23Z,csmonitor,1,64,55,2,10,0.18182,0.0,0,0,10,0,0,0
2026-09-09T16:34:23Z,washexaminer,1,51,55,0,0,0.0,,0,0,0,0,0,0
2026-09-09T16:34:23Z,bbc,1,32,55,1,5,0.09091,0.0,0,0,5,0,0,0
2026-09-09T16:34:23Z,guardian,1,42,55,2,10,0.18182,0.0,0,0,10,0,0,0
2026-09-09T16:34:23Z,thetimes,1,93,55,0,0,0.0,,0,0,0,0,0,0
2026-09-09T16:34:23Z,dailymail,1,354,55,1,5,0.09091,0.0,0,0,5,0,0,0
2026-09-09T16:34:23Z,independent,1,90,55,0,0,0.0,,0,0,0,0,0,0
2026-09-09T16:34:23Z,dw,1,42,55,0,0,0.0,,0,0,0,0,0,0
2026-09-09T16:34:23Z,euronews,1,105,55,1,10,0.18182,0.0,0,0,10,0,0,0
2026-09-09T16:34:23Z,lemonde,1,37,55,0,0,0.0,,0,0,0,0,0,0
2026-09-09T16:34:23Z,lefigaro,1,197,55,0,0,0.0,,0,0,0,0,0,0
2026-09-09T16:34:23Z,lacroix,1,130,55,2,6,0.10909,-1.0,0,6,0,0,0,0
2026-09-09T16:34:23Z,spiegel,1,163,55,0,0,0.0,,0,0,0,0,0,0
2026-09-09T16:34:23Z,bild,1,174,55,0,0,0.0,,0,0,0,0,0,0
2026-09-09T16:34:23Z,faz,1,142,55,0,0,0.0,,0,0,0,0,0,0
2026-09-09T16:34:23Z,tagesschau,1,46,55,0,0,0.0,,0,0,0,0,0,0
2026-09-09T16:34:23Z,elmundo,1,59,55,0,0,0.0,,0,0,0,0,0,0
2026-09-09T16:34:23Z,corriere,1,242,55,0,0,0.0,,0,0,0,0,0,0
2026-09-09T16:34:23Z,ilgiornale,1,64,55,1,5,0.09091,1.0,0,0,0,5,0,0
2026-09-09T16:34:23Z,cbc,1,29,55,0,0,0.0,,0,0,0,0,0,0
2026-09-09T16:34:23Z,globeandmail,1,107,55,0,0,0.0,,0,0,0,0,0,0
2026-09-09T16:34:23Z,abcau,1,79,55,1,1,0.01818,0.0,0,0,1,0,0,0
2026-09-09T16:34:23Z,smh,1,91,55,2,2,0.03636,-0.5,0,1,1,0,0,0
2026-09-09T16:45:27Z,nyt,1,35,55,2,10,0.18182,-0.5,0,5,5,0,0,0
2026-09-09T16:45:27Z,usatoday,1,29,55,0,0,0.0,,0,0,0,0,0,0
2026-09-09T16:45:27Z,nypost,1,125,55,1,5,0.09091,0.0,0,0,5,0,0,0
2026-09-09T16:45:27Z,cnn,1,48,55,0,0,0.0,,0,0,0,0,0,0
2026-09-09T16:45:27Z,foxnews,1,120,55,0,0,0.0,,0,0,0,0,0,0
2026-09-09T16:45:27Z,nbcnews,1,60,55,2,4,0.07273,-1.0,0,4,0,0,0,0
2026-09-09T16:45:27Z,newsweek,1,78,55,2,6,0.10909,0.333,0,0,5,0,1,0
2026-09-09T16:45:27Z,csmonitor,1,64,55,2,10,0.18182,0.0,0,0,10,0,0,0
2026-09-09T16:45:27Z,washexaminer,1,51,55,0,0,0.0,,0,0,0,0,0,0
2026-09-09T16:45:27Z,bbc,1,32,55,1,5,0.09091,0.0,0,0,5,0,0,0
2026-09-09T16:45:27Z,guardian,1,42,55,2,10,0.18182,0.0,0,0,10,0,0,0
2026-09-09T16:45:27Z,thetimes,1,93,55,0,0,0.0,,0,0,0,0,0,0
2026-09-09T16:45:27Z,dailymail,1,355,55,1,5,0.09091,0.0,0,0,5,0,0,0
2026-09-09T16:45:27Z,independent,1,90,55,0,0,0.0,,0,0,0,0,0,0
2026-09-09T16:45:27Z,dw,1,42,55,0,0,0.0,,0,0,0,0,0,0
2026-09-09T16:45:27Z,euronews,1,105,55,1,10,0.18182,0.0,0,0,10,0,0,0
2026-09-09T16:45:27Z,lemonde,1,38,55,0,0,0.0,,0,0,0,0,0,0
2026-09-09T16:45:27Z,lefigaro,1,198,55,0,0,0.0,,0,0,0,0,0,0
2026-09-09T16:45:27Z,lacroix,1,126,55,2,10,0.18182,-0.5,0,5,5,0,0,0
2026-09-09T16:45:27Z,spiegel,1,163,55,0,0,0.0,,0,0,0,0,0,0
2026-09-09T16:45:27Z,bild,1,174,55,0,0,0.0,,0,0,0,0,0,0
2026-09-09T16:45:27Z,faz,1,142,55,0,0,0.0,,0,0,0,0,0,0
2026-09-09T16:45:27Z,tagesschau,1,46,55,0,0,0.0,,0,0,0,0,0,0
2026-09-09T16:45:27Z,elmundo,1,57,55,0,0,0.0,,0,0,0,0,0,0
2026-09-09T16:45:27Z,corriere,1,237,55,0,0,0.0,,0,0,0,0,0,0
2026-09-09T16:45:27Z,ilgiornale,1,64,55,1,5,0.09091,1.0,0,0,0,5,0,0
2026-09-09T16:45:27Z,cbc,1,29,55,0,0,0.0,,0,0,0,0,0,0
2026-09-09T16:45:27Z,globeandmail,1,107,55,0,0,0.0,,0,0,0,0,0,0
2026-09-09T16:45:27Z,abcau,1,79,55,1,1,0.01818,0.0,0,0,1,0,0,0
2026-09-09T16:45:27Z,smh,1,91,55,2,2,0.03636,-0.5,0,1,1,0,0,0
2026-09-09T17:45:24Z,nyt,1,34,55,2,2,0.03636,0.0,0,0,2,0,0,0
2026-09-09T17:45:24Z,usatoday,1,29,55,0,0,0.0,,0,0,0,0,0,0
2026-09-09T17:45:24Z,nypost,1,155,55,1,3,0.05455,0.0,0,0,3,0,0,0
2026-09-09T17:45:24Z,cnn,1,48,55,0,0,0.0,,0,0,0,0,0,0
2026-09-09T17:45:24Z,foxnews,1,125,55,0,0,0.0,,0,0,0,0,0,0
2026-09-09T17:45:24Z,nbcnews,1,62,55,2,2,0.03636,-1.0,0,2,0,0,0,0
2026-09-09T17:45:24Z,newsweek,1,78,55,2,6,0.10909,0.333,0,0,5,0,1,0
2026-09-09T17:45:24Z,csmonitor,1,63,55,2,15,0.27273,0.0,0,0,15,0,0,0
2026-09-09T17:45:24Z,washexaminer,1,48,55,0,0,0.0,,0,0,0,0,0,0
2026-09-09T17:45:24Z,bbc,1,31,55,0,0,0.0,,0,0,0,0,0,0
2026-09-09T17:45:24Z,guardian,1,37,55,3,15,0.27273,0.333,0,0,10,5,0,0
2026-09-09T17:45:24Z,thetimes,1,93,55,0,0,0.0,,0,0,0,0,0,0
2026-09-09T17:45:24Z,dailymail,1,369,55,1,5,0.09091,1.0,0,0,0,5,0,0
2026-09-09T17:45:24Z,independent,1,90,55,0,0,0.0,,0,0,0,0,0,0
2026-09-09T17:45:24Z,dw,1,43,55,0,0,0.0,,0,0,0,0,0,0
2026-09-09T17:45:24Z,euronews,1,105,55,1,10,0.18182,0.0,0,0,10,0,0,0
2026-09-09T17:45:24Z,lemonde,1,37,55,0,0,0.0,,0,0,0,0,0,0
2026-09-09T17:45:24Z,lefigaro,1,204,55,0,0,0.0,,0,0,0,0,0,0
2026-09-09T17:45:24Z,lacroix,1,127,55,2,10,0.18182,-0.5,0,5,5,0,0,0
2026-09-09T17:45:24Z,spiegel,1,161,55,0,0,0.0,,0,0,0,0,0,0
2026-09-09T17:45:24Z,bild,1,171,55,0,0,0.0,,0,0,0,0,0,0
2026-09-09T17:45:24Z,faz,1,143,55,0,0,0.0,,0,0,0,0,0,0
2026-09-09T17:45:24Z,tagesschau,1,47,55,0,0,0.0,,0,0,0,0,0,0
2026-09-09T17:45:24Z,elmundo,1,61,55,0,0,0.0,,0,0,0,0,0,0
2026-09-09T17:45:24Z,corriere,1,242,55,0,0,0.0,,0,0,0,0,0,0
2026-09-09T17:45:24Z,ilgiornale,1,65,55,1,5,0.09091,1.0,0,0,0,5,0,0
2026-09-09T17:45:24Z,cbc,1,30,55,0,0,0.0,,0,0,0,0,0,0
2026-09-09T17:45:24Z,globeandmail,1,106,55,0,0,0.0,,0,0,0,0,0,0
2026-09-09T17:45:24Z,abcau,1,79,55,1,1,0.01818,0.0,0,0,1,0,0,0
2026-09-09T17:45:24Z,smh,1,91,55,2,2,0.03636,-0.5,0,1,1,0,0,0
2026-09-09T18:45:26Z,nyt,1,32,55,2,2,0.03636,0.0,0,0,2,0,0,0
2026-09-09T18:45:26Z,usatoday,1,31,55,0,0,0.0,,0,0,0,0,0,0
2026-09-09T18:45:26Z,nypost,1,158,55,0,0,0.0,,0,0,0,0,0,0
2026-09-09T18:45:26Z,cnn,1,48,55,0,0,0.0,,0,0,0,0,0,0
2026-09-09T18:45:26Z,foxnews,1,123,55,0,0,0.0,,0,0,0,0,0,0
2026-09-09T18:45:26Z,nbcnews,1,61,55,2,4,0.07273,-1.0,0,4,0,0,0,0
2026-09-09T18:45:26Z,newsweek,1,79,55,2,4,0.07273,-0.25,0,3,0,0,1,0
2026-09-09T18:45:26Z,csmonitor,1,63,55,2,15,0.27273,0.0,0,0,15,0,0,0
2026-09-09T18:45:26Z,washexaminer,1,50,55,0,0,0.0,,0,0,0,0,0,0
2026-09-09T18:45:26Z,bbc,1,31,55,0,0,0.0,,0,0,0,0,0,0
2026-09-09T18:45:26Z,guardian,1,40,55,3,15,0.27273,0.333,0,0,10,5,0,0
2026-09-09T18:45:26Z,thetimes,1,0,0,0,0,,,0,0,0,0,0,0
2026-09-09T18:45:26Z,dailymail,1,378,55,1,3,0.05455,1.0,0,0,0,3,0,0
2026-09-09T18:45:26Z,independent,1,91,55,0,0,0.0,,0,0,0,0,0,0
2026-09-09T18:45:26Z,dw,1,42,55,0,0,0.0,,0,0,0,0,0,0
2026-09-09T18:45:26Z,euronews,1,104,55,1,10,0.18182,0.0,0,0,10,0,0,0
2026-09-09T18:45:26Z,lemonde,1,38,55,0,0,0.0,,0,0,0,0,0,0
2026-09-09T18:45:26Z,lefigaro,1,203,55,0,0,0.0,,0,0,0,0,0,0
2026-09-09T18:45:26Z,lacroix,1,128,55,2,10,0.18182,-0.5,0,5,5,0,0,0
2026-09-09T18:45:26Z,spiegel,1,160,55,1,1,0.01818,-1.0,0,1,0,0,0,0
2026-09-09T18:45:26Z,bild,1,174,55,0,0,0.0,,0,0,0,0,0,0
2026-09-09T18:45:26Z,faz,1,142,55,0,0,0.0,,0,0,0,0,0,0
2026-09-09T18:45:26Z,tagesschau,1,48,55,0,0,0.0,,0,0,0,0,0,0
2026-09-09T18:45:26Z,elmundo,1,59,55,0,0,0.0,,0,0,0,0,0,0
2026-09-09T18:45:26Z,corriere,1,242,55,0,0,0.0,,0,0,0,0,0,0
2026-09-09T18:45:26Z,ilgiornale,1,66,55,1,5,0.09091,1.0,0,0,0,5,0,0
2026-09-09T18:45:26Z,cbc,1,30,55,0,0,0.0,,0,0,0,0,0,0
2026-09-09T18:45:26Z,globeandmail,1,104,55,0,0,0.0,,0,0,0,0,0,0
2026-09-09T18:45:26Z,abcau,1,83,55,1,1,0.01818,0.0,0,0,1,0,0,0
2026-09-09T18:45:26Z,smh,1,90,55,2,2,0.03636,-0.5,0,1,1,0,0,0
2026-09-09T18:49:44Z,nyt,1,32,55,2,2,0.03636,0.0,0,0,2,0,0,0
2026-09-09T18:49:44Z,usatoday,1,31,55,0,0,0.0,,0,0,0,0,0,0
2026-09-09T18:49:44Z,nypost,1,157,55,0,0,0.0,,0,0,0,0,0,0
2026-09-09T18:49:44Z,cnn,1,48,55,0,0,0.0,,0,0,0,0,0,0
2026-09-09T18:49:44Z,foxnews,1,123,55,0,0,0.0,,0,0,0,0,0,0
2026-09-09T18:49:44Z,nbcnews,1,57,55,3,7,0.12727,-0.857,0,6,1,0,0,0
2026-09-09T18:49:44Z,newsweek,1,79,55,2,4,0.07273,-0.25,0,3,0,0,1,0
2026-09-09T18:49:44Z,csmonitor,1,63,55,2,15,0.27273,0.0,0,0,15,0,0,0
2026-09-09T18:49:44Z,washexaminer,1,51,55,0,0,0.0,,0,0,0,0,0,0
2026-09-09T18:49:44Z,bbc,1,30,55,0,0,0.0,,0,0,0,0,0,0
2026-09-09T18:49:44Z,guardian,1,40,55,3,15,0.27273,0.333,0,0,10,5,0,0
2026-09-09T18:49:44Z,thetimes,1,96,55,0,0,0.0,,0,0,0,0,0,0
2026-09-09T18:49:44Z,dailymail,1,379,55,1,3,0.05455,1.0,0,0,0,3,0,0
2026-09-09T18:49:44Z,independent,1,91,55,0,0,0.0,,0,0,0,0,0,0
2026-09-09T18:49:44Z,dw,1,42,55,0,0,0.0,,0,0,0,0,0,0
2026-09-09T18:49:44Z,euronews,1,104,55,1,10,0.18182,0.0,0,0,10,0,0,0
2026-09-09T18:49:44Z,lemonde,1,37,55,0,0,0.0,,0,0,0,0,0,0
2026-09-09T18:49:44Z,lefigaro,1,203,55,0,0,0.0,,0,0,0,0,0,0
2026-09-09T18:49:44Z,lacroix,1,128,55,2,10,0.18182,-0.5,0,5,5,0,0,0
2026-09-09T18:49:44Z,spiegel,1,161,55,1,1,0.01818,-1.0,0,1,0,0,0,0
2026-09-09T18:49:44Z,bild,1,174,55,0,0,0.0,,0,0,0,0,0,0
2026-09-09T18:49:44Z,faz,1,142,55,0,0,0.0,,0,0,0,0,0,0
2026-09-09T18:49:44Z,tagesschau,1,48,55,0,0,0.0,,0,0,0,0,0,0
2026-09-09T18:49:44Z,elmundo,1,59,55,0,0,0.0,,0,0,0,0,0,0
2026-09-09T18:49:44Z,corriere,1,242,55,0,0,0.0,,0,0,0,0,0,0
2026-09-09T18:49:44Z,ilgiornale,1,66,55,1,5,0.09091,1.0,0,0,0,5,0,0
2026-09-09T18:49:44Z,cbc,1,30,55,0,0,0.0,,0,0,0,0,0,0
2026-09-09T18:49:44Z,globeandmail,1,104,55,0,0,0.0,,0,0,0,0,0,0
2026-09-09T18:49:44Z,abcau,1,73,55,1,1,0.01818,0.0,0,0,1,0,0,0
2026-09-09T18:49:44Z,smh,1,90,55,2,2,0.03636,-0.5,0,1,1,0,0,0
2026-09-09T19:44:16Z,nyt,1,31,55,1,1,0.01818,0.0,0,0,1,0,0,0
2026-09-09T19:44:16Z,usatoday,1,31,55,0,0,0.0,,0,0,0,0,0,0
2026-09-09T19:44:16Z,nypost,1,160,55,0,0,0.0,,0,0,0,0,0,0
2026-09-09T19:44:16Z,cnn,1,49,55,0,0,0.0,,0,0,0,0,0,0
2026-09-09T19:44:16Z,foxnews,1,123,55,0,0,0.0,,0,0,0,0,0,0
2026-09-09T19:44:16Z,nbcnews,1,61,55,2,2,0.03636,-1.0,0,2,0,0,0,0
2026-09-09T19:44:16Z,newsweek,1,79,55,2,4,0.07273,-0.25,0,3,0,0,1,0
2026-09-09T19:44:16Z,csmonitor,1,62,55,2,13,0.23636,0.0,0,0,13,0,0,0
2026-09-09T19:44:16Z,washexaminer,1,53,55,0,0,0.0,,0,0,0,0,0,0
2026-09-09T19:44:16Z,bbc,1,31,55,0,0,0.0,,0,0,0,0,0,0
2026-09-09T19:44:16Z,guardian,1,41,55,3,15,0.27273,0.333,0,0,10,5,0,0
2026-09-09T19:44:16Z,thetimes,1,94,55,0,0,0.0,,0,0,0,0,0,0
2026-09-09T19:44:16Z,dailymail,1,387,55,1,3,0.05455,1.0,0,0,0,3,0,0
2026-09-09T19:44:16Z,independent,1,95,55,0,0,0.0,,0,0,0,0,0,0
2026-09-09T19:44:16Z,dw,1,41,55,0,0,0.0,,0,0,0,0,0,0
2026-09-09T19:44:16Z,euronews,1,104,55,1,10,0.18182,0.0,0,0,10,0,0,0
2026-09-09T19:44:16Z,lemonde,1,37,55,0,0,0.0,,0,0,0,0,0,0
2026-09-09T19:44:16Z,lefigaro,1,201,55,0,0,0.0,,0,0,0,0,0,0
2026-09-09T19:44:16Z,lacroix,1,126,55,2,10,0.18182,-0.5,0,5,5,0,0,0
2026-09-09T19:44:16Z,spiegel,1,159,55,1,1,0.01818,-1.0,0,1,0,0,0,0
2026-09-09T19:44:16Z,bild,1,175,55,0,0,0.0,,0,0,0,0,0,0
2026-09-09T19:44:16Z,faz,1,142,55,0,0,0.0,,0,0,0,0,0,0
2026-09-09T19:44:16Z,tagesschau,1,50,55,1,3,0.05455,0.0,0,0,3,0,0,0
2026-09-09T19:44:16Z,elmundo,1,62,55,0,0,0.0,,0,0,0,0,0,0
2026-09-09T19:44:16Z,corriere,1,238,55,0,0,0.0,,0,0,0,0,0,0
2026-09-09T19:44:16Z,ilgiornale,1,67,55,1,5,0.09091,1.0,0,0,0,5,0,0
2026-09-09T19:44:16Z,cbc,1,30,55,0,0,0.0,,0,0,0,0,0,0
2026-09-09T19:44:16Z,globeandmail,1,103,55,0,0,0.0,,0,0,0,0,0,0
2026-09-09T19:44:16Z,abcau,1,74,55,0,0,0.0,,0,0,0,0,0,0
2026-09-09T19:44:16Z,smh,1,94,55,0,0,0.0,,0,0,0,0,0,0
2026-09-09T20:02:32Z,nyt,1,34,55,1,1,0.01818,-1.0,0,1,0,0,0,0
2026-09-09T20:02:32Z,usatoday,1,31,55,0,0,0.0,,0,0,0,0,0,0
2026-09-09T20:02:32Z,nypost,1,162,55,0,0,0.0,,0,0,0,0,0,0
2026-09-09T20:02:32Z,cnn,1,49,55,0,0,0.0,,0,0,0,0,0,0
2026-09-09T20:02:32Z,foxnews,1,125,55,0,0,0.0,,0,0,0,0,0,0
2026-09-09T20:02:32Z,nbcnews,1,61,55,2,2,0.03636,-1.0,0,2,0,0,0,0
2026-09-09T20:02:32Z,newsweek,1,79,55,1,1,0.01818,2.0,0,0,0,0,1,0
2026-09-09T20:02:32Z,csmonitor,1,62,55,2,6,0.10909,0.5,0,0,3,3,0,0
2026-09-09T20:02:32Z,washexaminer,1,55,55,0,0,0.0,,0,0,0,0,0,0
2026-09-09T20:02:32Z,bbc,1,31,55,0,0,0.0,,0,0,0,0,0,0
2026-09-09T20:02:32Z,guardian,1,41,55,3,15,0.27273,-0.667,0,10,5,0,0,0
2026-09-09T20:02:32Z,thetimes,1,94,55,0,0,0.0,,0,0,0,0,0,0
2026-09-09T20:02:32Z,dailymail,1,376,55,1,3,0.05455,-1.0,0,3,0,0,0,0
2026-09-09T20:02:32Z,independent,1,95,55,0,0,0.0,,0,0,0,0,0,0
2026-09-09T20:02:32Z,dw,1,41,55,0,0,0.0,,0,0,0,0,0,0
2026-09-09T20:02:32Z,euronews,1,104,55,1,10,0.18182,0.0,0,0,10,0,0,0
2026-09-09T20:02:32Z,lemonde,1,38,55,0,0,0.0,,0,0,0,0,0,0
2026-09-09T20:02:32Z,lefigaro,1,199,55,0,0,0.0,,0,0,0,0,0,0
2026-09-09T20:02:32Z,lacroix,1,126,55,2,10,0.18182,-0.5,0,5,5,0,0,0
2026-09-09T20:02:32Z,spiegel,1,159,55,1,1,0.01818,-1.0,0,1,0,0,0,0
2026-09-09T20:02:32Z,bild,1,174,55,0,0,0.0,,0,0,0,0,0,0
2026-09-09T20:02:32Z,faz,1,142,55,0,0,0.0,,0,0,0,0,0,0
2026-09-09T20:02:32Z,tagesschau,1,50,55,1,3,0.05455,0.0,0,0,3,0,0,0
2026-09-09T20:02:32Z,elmundo,1,62,55,0,0,0.0,,0,0,0,0,0,0
2026-09-09T20:02:32Z,corriere,1,238,55,0,0,0.0,,0,0,0,0,0,0
2026-09-09T20:02:32Z,ilgiornale,1,67,55,1,5,0.09091,1.0,0,0,0,5,0,0
2026-09-09T20:02:32Z,cbc,1,30,55,0,0,0.0,,0,0,0,0,0,0
2026-09-09T20:02:32Z,globeandmail,1,103,55,0,0,0.0,,0,0,0,0,0,0
2026-09-09T20:02:32Z,abcau,1,71,55,0,0,0.0,,0,0,0,0,0,0
2026-09-09T20:02:32Z,smh,1,93,55,0,0,0.0,,0,0,0,0,0,0
2026-09-09T20:45:29Z,nyt,1,37,55,1,1,0.01818,-1.0,0,1,0,0,0,0
2026-09-09T20:45:29Z,usatoday,1,30,55,0,0,0.0,,0,0,0,0,0,0
2026-09-09T20:45:29Z,nypost,1,162,55,0,0,0.0,,0,0,0,0,0,0
2026-09-09T20:45:29Z,cnn,1,49,55,0,0,0.0,,0,0,0,0,0,0
2026-09-09T20:45:29Z,foxnews,1,125,55,0,0,0.0,,0,0,0,0,0,0
2026-09-09T20:45:29Z,nbcnews,1,64,55,2,2,0.03636,-1.0,0,2,0,0,0,0
2026-09-09T20:45:29Z,newsweek,1,80,55,0,0,0.0,,0,0,0,0,0,0
2026-09-09T20:45:29Z,csmonitor,1,62,55,2,6,0.10909,0.5,0,0,3,3,0,0
2026-09-09T20:45:29Z,washexaminer,1,56,55,1,5,0.09091,-1.0,0,5,0,0,0,0
2026-09-09T20:45:29Z,bbc,1,33,55,0,0,0.0,,0,0,0,0,0,0
2026-09-09T20:45:29Z,guardian,1,43,55,3,15,0.27273,-0.667,0,10,5,0,0,0
2026-09-09T20:45:29Z,thetimes,1,95,55,2,6,0.10909,-0.5,0,3,3,0,0,0
2026-09-09T20:45:29Z,dailymail,1,379,55,1,3,0.05455,-1.0,0,3,0,0,0,0
2026-09-09T20:45:29Z,independent,1,94,55,0,0,0.0,,0,0,0,0,0,0
2026-09-09T20:45:29Z,dw,1,41,55,0,0,0.0,,0,0,0,0,0,0
2026-09-09T20:45:29Z,euronews,1,103,55,1,10,0.18182,0.0,0,0,10,0,0,0
2026-09-09T20:45:29Z,lemonde,1,37,55,0,0,0.0,,0,0,0,0,0,0
2026-09-09T20:45:29Z,lefigaro,1,199,55,0,0,0.0,,0,0,0,0,0,0
2026-09-09T20:45:29Z,lacroix,1,126,55,2,10,0.18182,-0.5,0,5,5,0,0,0
2026-09-09T20:45:29Z,spiegel,1,159,55,1,1,0.01818,-1.0,0,1,0,0,0,0
2026-09-09T20:45:29Z,bild,1,175,55,0,0,0.0,,0,0,0,0,0,0
2026-09-09T20:45:29Z,faz,1,142,55,0,0,0.0,,0,0,0,0,0,0
2026-09-09T20:45:29Z,tagesschau,1,50,55,1,3,0.05455,0.0,0,0,3,0,0,0
2026-09-09T20:45:29Z,elmundo,1,62,55,0,0,0.0,,0,0,0,0,0,0
2026-09-09T20:45:29Z,corriere,1,243,55,0,0,0.0,,0,0,0,0,0,0
2026-09-09T20:45:29Z,ilgiornale,1,68,55,1,5,0.09091,1.0,0,0,0,5,0,0
2026-09-09T20:45:29Z,cbc,1,30,55,0,0,0.0,,0,0,0,0,0,0
2026-09-09T20:45:29Z,globeandmail,1,102,55,0,0,0.0,,0,0,0,0,0,0
2026-09-09T20:45:29Z,abcau,1,72,55,0,0,0.0,,0,0,0,0,0,0
2026-09-09T20:45:29Z,smh,1,93,55,0,0,0.0,,0,0,0,0,0,0
2026-09-09T21:45:24Z,nyt,1,36,55,1,1,0.01818,-1.0,0,1,0,0,0,0
2026-09-09T21:45:24Z,usatoday,1,30,55,0,0,0.0,,0,0,0,0,0,0
2026-09-09T21:45:24Z,nypost,1,165,55,0,0,0.0,,0,0,0,0,0,0
2026-09-09T21:45:24Z,cnn,1,50,55,0,0,0.0,,0,0,0,0,0,0
2026-09-09T21:45:24Z,foxnews,1,125,55,0,0,0.0,,0,0,0,0,0,0
2026-09-09T21:45:24Z,nbcnews,1,66,55,3,3,0.05455,-1.0,0,3,0,0,0,0
2026-09-09T21:45:24Z,newsweek,1,80,55,0,0,0.0,,0,0,0,0,0,0
2026-09-09T21:45:24Z,csmonitor,1,62,55,2,6,0.10909,0.5,0,0,3,3,0,0
2026-09-09T21:45:24Z,washexaminer,1,52,55,0,0,0.0,,0,0,0,0,0,0
2026-09-09T21:45:24Z,bbc,1,33,55,1,3,0.05455,-1.0,0,3,0,0,0,0
2026-09-09T21:45:24Z,guardian,1,44,55,3,15,0.27273,-0.667,0,10,5,0,0,0
2026-09-09T21:45:24Z,thetimes,1,95,55,2,6,0.10909,-0.5,0,3,3,0,0,0
2026-09-09T21:45:24Z,dailymail,1,386,55,1,3,0.05455,-1.0,0,3,0,0,0,0
2026-09-09T21:45:24Z,independent,1,88,55,0,0,0.0,,0,0,0,0,0,0
2026-09-09T21:45:24Z,dw,1,41,55,0,0,0.0,,0,0,0,0,0,0
2026-09-09T21:45:24Z,euronews,1,103,55,1,10,0.18182,0.0,0,0,10,0,0,0
2026-09-09T21:45:24Z,lemonde,1,37,55,0,0,0.0,,0,0,0,0,0,0
2026-09-09T21:45:24Z,lefigaro,1,195,55,0,0,0.0,,0,0,0,0,0,0
2026-09-09T21:45:24Z,lacroix,1,126,55,2,10,0.18182,-0.5,0,5,5,0,0,0
2026-09-09T21:45:24Z,spiegel,1,157,55,1,1,0.01818,-1.0,0,1,0,0,0,0
2026-09-09T21:45:24Z,bild,1,176,55,0,0,0.0,,0,0,0,0,0,0
2026-09-09T21:45:24Z,faz,1,140,55,0,0,0.0,,0,0,0,0,0,0
2026-09-09T21:45:24Z,tagesschau,1,50,55,1,3,0.05455,0.0,0,0,3,0,0,0
2026-09-09T21:45:24Z,elmundo,1,60,55,0,0,0.0,,0,0,0,0,0,0
2026-09-09T21:45:24Z,corriere,1,241,55,0,0,0.0,,0,0,0,0,0,0
2026-09-09T21:45:24Z,ilgiornale,1,68,55,1,5,0.09091,1.0,0,0,0,5,0,0
2026-09-09T21:45:24Z,cbc,1,29,55,0,0,0.0,,0,0,0,0,0,0
2026-09-09T21:45:24Z,globeandmail,1,105,55,0,0,0.0,,0,0,0,0,0,0
2026-09-09T21:45:24Z,abcau,1,73,55,0,0,0.0,,0,0,0,0,0,0
2026-09-09T21:45:24Z,smh,1,93,55,0,0,0.0,,0,0,0,0,0,0
2026-09-09T21:56:35Z,nyt,1,36,55,1,1,0.01818,-1.0,0,1,0,0,0,0
2026-09-09T21:56:35Z,usatoday,1,30,55,0,0,0.0,,0,0,0,0,0,0
2026-09-09T21:56:35Z,nypost,1,164,55,0,0,0.0,,0,0,0,0,0,0
2026-09-09T21:56:35Z,cnn,1,50,55,0,0,0.0,,0,0,0,0,0,0
2026-09-09T21:56:35Z,foxnews,1,124,55,0,0,0.0,,0,0,0,0,0,0
2026-09-09T21:56:35Z,nbcnews,1,66,55,3,3,0.05455,-1.0,0,3,0,0,0,0
2026-09-09T21:56:35Z,newsweek,1,80,55,0,0,0.0,,0,0,0,0,0,0
2026-09-09T21:56:35Z,csmonitor,1,62,55,2,6,0.10909,0.5,0,0,3,3,0,0
2026-09-09T21:56:35Z,washexaminer,1,53,55,0,0,0.0,,0,0,0,0,0,0
2026-09-09T21:56:35Z,bbc,1,32,55,1,3,0.05455,-1.0,0,3,0,0,0,0
2026-09-09T21:56:35Z,guardian,1,44,55,3,15,0.27273,-0.667,0,10,5,0,0,0
2026-09-09T21:56:35Z,thetimes,1,95,55,2,6,0.10909,-0.5,0,3,3,0,0,0
2026-09-09T21:56:35Z,dailymail,1,391,55,1,3,0.05455,-1.0,0,3,0,0,0,0
2026-09-09T21:56:35Z,independent,1,88,55,0,0,0.0,,0,0,0,0,0,0
2026-09-09T21:56:35Z,dw,1,41,55,0,0,0.0,,0,0,0,0,0,0
2026-09-09T21:56:35Z,euronews,1,103,55,1,10,0.18182,0.0,0,0,10,0,0,0
2026-09-09T21:56:35Z,lemonde,1,37,55,0,0,0.0,,0,0,0,0,0,0
2026-09-09T21:56:35Z,lefigaro,1,193,55,0,0,0.0,,0,0,0,0,0,0
2026-09-09T21:56:35Z,lacroix,1,126,55,2,10,0.18182,-0.5,0,5,5,0,0,0
2026-09-09T21:56:35Z,spiegel,1,157,55,1,1,0.01818,-1.0,0,1,0,0,0,0
2026-09-09T21:56:35Z,bild,1,176,55,0,0,0.0,,0,0,0,0,0,0
2026-09-09T21:56:35Z,faz,1,140,55,0,0,0.0,,0,0,0,0,0,0
2026-09-09T21:56:35Z,tagesschau,1,50,55,1,3,0.05455,0.0,0,0,3,0,0,0
2026-09-09T21:56:35Z,elmundo,1,61,55,0,0,0.0,,0,0,0,0,0,0
2026-09-09T21:56:35Z,corriere,1,242,55,0,0,0.0,,0,0,0,0,0,0
2026-09-09T21:56:35Z,ilgiornale,1,68,55,1,5,0.09091,1.0,0,0,0,5,0,0
2026-09-09T21:56:35Z,cbc,1,29,55,0,0,0.0,,0,0,0,0,0,0
2026-09-09T21:56:35Z,globeandmail,1,105,55,0,0,0.0,,0,0,0,0,0,0
2026-09-09T21:56:35Z,abcau,1,72,55,0,0,0.0,,0,0,0,0,0,0
2026-09-09T21:56:35Z,smh,1,93,55,0,0,0.0,,0,0,0,0,0,0
2026-09-09T22:30:57Z,nyt,1,37,55,1,1,0.01818,-1.0,0,1,0,0,0,0
2026-09-09T22:30:57Z,usatoday,1,28,55,0,0,0.0,,0,0,0,0,0,0
2026-09-09T22:30:57Z,nypost,1,165,55,0,0,0.0,,0,0,0,0,0,0
2026-09-09T22:30:57Z,cnn,1,50,55,0,0,0.0,,0,0,0,0,0,0
2026-09-09T22:30:57Z,foxnews,1,129,55,0,0,0.0,,0,0,0,0,0,0
2026-09-09T22:30:57Z,nbcnews,1,65,55,3,3,0.05455,-1.0,0,3,0,0,0,0
2026-09-09T22:30:57Z,newsweek,1,80,55,0,0,0.0,,0,0,0,0,0,0
2026-09-09T22:30:57Z,csmonitor,1,62,55,2,6,0.10909,0.5,0,0,3,3,0,0
2026-09-09T22:30:57Z,washexaminer,1,54,55,0,0,0.0,,0,0,0,0,0,0
2026-09-09T22:30:57Z,bbc,1,36,55,2,6,0.10909,-1.0,0,6,0,0,0,0
2026-09-09T22:30:57Z,guardian,1,44,55,3,15,0.27273,-0.667,0,10,5,0,0,0
2026-09-09T22:30:57Z,thetimes,1,95,55,2,6,0.10909,-0.5,0,3,3,0,0,0
2026-09-09T22:30:57Z,dailymail,1,394,55,1,3,0.05455,-1.0,0,3,0,0,0,0
2026-09-09T22:30:57Z,independent,1,88,55,0,0,0.0,,0,0,0,0,0,0
2026-09-09T22:30:57Z,dw,1,41,55,0,0,0.0,,0,0,0,0,0,0
2026-09-09T22:30:57Z,euronews,1,103,55,1,10,0.18182,0.0,0,0,10,0,0,0
2026-09-09T22:30:57Z,lemonde,1,37,55,0,0,0.0,,0,0,0,0,0,0
2026-09-09T22:30:57Z,lefigaro,1,190,55,0,0,0.0,,0,0,0,0,0,0
2026-09-09T22:30:57Z,lacroix,1,125,55,2,10,0.18182,-0.5,0,5,5,0,0,0
2026-09-09T22:30:57Z,spiegel,1,158,55,1,1,0.01818,-1.0,0,1,0,0,0,0
2026-09-09T22:30:57Z,bild,1,176,55,0,0,0.0,,0,0,0,0,0,0
2026-09-09T22:30:57Z,faz,1,140,55,0,0,0.0,,0,0,0,0,0,0
2026-09-09T22:30:57Z,tagesschau,1,50,55,1,3,0.05455,0.0,0,0,3,0,0,0
2026-09-09T22:30:57Z,elmundo,1,61,55,0,0,0.0,,0,0,0,0,0,0
2026-09-09T22:30:57Z,corriere,1,237,55,0,0,0.0,,0,0,0,0,0,0
2026-09-09T22:30:57Z,ilgiornale,1,68,55,1,5,0.09091,1.0,0,0,0,5,0,0
2026-09-09T22:30:57Z,cbc,1,30,55,0,0,0.0,,0,0,0,0,0,0
2026-09-09T22:30:57Z,globeandmail,1,103,55,0,0,0.0,,0,0,0,0,0,0
2026-09-09T22:30:57Z,abcau,1,79,55,0,0,0.0,,0,0,0,0,0,0
2026-09-09T22:30:57Z,smh,1,94,55,0,0,0.0,,0,0,0,0,0,0
2026-09-09T22:45:25Z,nyt,1,37,55,1,1,0.01818,-1.0,0,1,0,0,0,0
2026-09-09T22:45:25Z,usatoday,1,28,55,0,0,0.0,,0,0,0,0,0,0
2026-09-09T22:45:25Z,nypost,1,165,55,1,1,0.01818,1.0,0,0,0,1,0,0
2026-09-09T22:45:25Z,cnn,1,50,55,0,0,0.0,,0,0,0,0,0,0
2026-09-09T22:45:25Z,foxnews,1,125,55,0,0,0.0,,0,0,0,0,0,0
2026-09-09T22:45:25Z,nbcnews,1,66,55,3,3,0.05455,-1.0,0,3,0,0,0,0
2026-09-09T22:45:25Z,newsweek,1,80,55,0,0,0.0,,0,0,0,0,0,0
2026-09-09T22:45:25Z,csmonitor,1,62,55,2,6,0.10909,0.5,0,0,3,3,0,0
2026-09-09T22:45:25Z,washexaminer,1,53,55,0,0,0.0,,0,0,0,0,0,0
2026-09-09T22:45:25Z,bbc,1,36,55,1,5,0.09091,-1.0,0,5,0,0,0,0
2026-09-09T22:45:25Z,guardian,1,44,55,3,15,0.27273,-0.667,0,10,5,0,0,0
2026-09-09T22:45:25Z,thetimes,1,95,55,2,6,0.10909,-0.5,0,3,3,0,0,0
2026-09-09T22:45:25Z,dailymail,1,394,55,1,3,0.05455,-1.0,0,3,0,0,0,0
2026-09-09T22:45:25Z,independent,1,88,55,0,0,0.0,,0,0,0,0,0,0
2026-09-09T22:45:25Z,dw,1,41,55,0,0,0.0,,0,0,0,0,0,0
2026-09-09T22:45:25Z,euronews,1,103,55,1,10,0.18182,0.0,0,0,10,0,0,0
2026-09-09T22:45:25Z,lemonde,1,38,55,0,0,0.0,,0,0,0,0,0,0
2026-09-09T22:45:25Z,lefigaro,1,190,55,0,0,0.0,,0,0,0,0,0,0
2026-09-09T22:45:25Z,lacroix,1,125,55,2,10,0.18182,-0.5,0,5,5,0,0,0
2026-09-09T22:45:25Z,spiegel,1,158,55,1,1,0.01818,-1.0,0,1,0,0,0,0
2026-09-09T22:45:25Z,bild,1,176,55,0,0,0.0,,0,0,0,0,0,0
2026-09-09T22:45:25Z,faz,1,140,55,0,0,0.0,,0,0,0,0,0,0
2026-09-09T22:45:25Z,tagesschau,1,50,55,1,3,0.05455,0.0,0,0,3,0,0,0
2026-09-09T22:45:25Z,elmundo,1,61,55,0,0,0.0,,0,0,0,0,0,0
2026-09-09T22:45:25Z,corriere,1,237,55,0,0,0.0,,0,0,0,0,0,0
2026-09-09T22:45:25Z,ilgiornale,1,68,55,1,5,0.09091,1.0,0,0,0,5,0,0
2026-09-09T22:45:25Z,cbc,1,30,55,0,0,0.0,,0,0,0,0,0,0
2026-09-09T22:45:25Z,globeandmail,1,105,55,0,0,0.0,,0,0,0,0,0,0
2026-09-09T22:45:25Z,abcau,1,72,55,0,0,0.0,,0,0,0,0,0,0
2026-09-09T22:45:25Z,smh,1,94,55,0,0,0.0,,0,0,0,0,0,0
2026-09-09T23:45:24Z,nyt,1,37,55,1,1,0.01818,-1.0,0,1,0,0,0,0
2026-09-09T23:45:24Z,usatoday,1,27,55,0,0,0.0,,0,0,0,0,0,0
2026-09-09T23:45:24Z,nypost,1,167,55,1,1,0.01818,1.0,0,0,0,1,0,0
2026-09-09T23:45:24Z,cnn,1,51,55,0,0,0.0,,0,0,0,0,0,0
2026-09-09T23:45:24Z,foxnews,1,124,55,0,0,0.0,,0,0,0,0,0,0
2026-09-09T23:45:24Z,nbcnews,1,66,55,3,3,0.05455,-1.0,0,3,0,0,0,0
2026-09-09T23:45:24Z,newsweek,1,80,55,0,0,0.0,,0,0,0,0,0,0
2026-09-09T23:45:24Z,csmonitor,1,62,55,2,6,0.10909,0.5,0,0,3,3,0,0
2026-09-09T23:45:24Z,washexaminer,1,53,55,0,0,0.0,,0,0,0,0,0,0
2026-09-09T23:45:24Z,bbc,1,36,55,2,6,0.10909,-0.833,0,5,1,0,0,0
2026-09-09T23:45:24Z,guardian,1,43,55,3,15,0.27273,-0.667,0,10,5,0,0,0
2026-09-09T23:45:24Z,thetimes,1,95,55,2,6,0.10909,-0.5,0,3,3,0,0,0
2026-09-09T23:45:24Z,dailymail,1,395,55,1,3,0.05455,-1.0,0,3,0,0,0,0
2026-09-09T23:45:24Z,independent,1,92,55,0,0,0.0,,0,0,0,0,0,0
2026-09-09T23:45:24Z,dw,1,40,55,0,0,0.0,,0,0,0,0,0,0
2026-09-09T23:45:24Z,euronews,1,103,55,1,10,0.18182,0.0,0,0,10,0,0,0
2026-09-09T23:45:24Z,lemonde,1,37,55,0,0,0.0,,0,0,0,0,0,0
2026-09-09T23:45:24Z,lefigaro,1,190,55,0,0,0.0,,0,0,0,0,0,0
2026-09-09T23:45:24Z,lacroix,1,125,55,2,10,0.18182,-0.5,0,5,5,0,0,0
2026-09-09T23:45:24Z,spiegel,1,160,55,1,1,0.01818,-1.0,0,1,0,0,0,0
2026-09-09T23:45:24Z,bild,1,174,55,0,0,0.0,,0,0,0,0,0,0
2026-09-09T23:45:24Z,faz,1,140,55,0,0,0.0,,0,0,0,0,0,0
2026-09-09T23:45:24Z,tagesschau,1,50,55,1,3,0.05455,0.0,0,0,3,0,0,0
2026-09-09T23:45:24Z,elmundo,1,59,55,0,0,0.0,,0,0,0,0,0,0
2026-09-09T23:45:24Z,corriere,1,241,55,0,0,0.0,,0,0,0,0,0,0
2026-09-09T23:45:24Z,ilgiornale,1,68,55,1,5,0.09091,1.0,0,0,0,5,0,0
2026-09-09T23:45:24Z,cbc,1,30,55,0,0,0.0,,0,0,0,0,0,0
2026-09-09T23:45:24Z,globeandmail,1,99,55,0,0,0.0,,0,0,0,0,0,0
2026-09-09T23:45:24Z,abcau,1,74,55,0,0,0.0,,0,0,0,0,0,0
2026-09-09T23:45:24Z,smh,1,92,55,0,0,0.0,,0,0,0,0,0,0
2026-09-10T00:33:10Z,nyt,1,39,55,2,2,0.03636,-1.0,0,2,0,0,0,0
2026-09-10T00:33:10Z,usatoday,1,28,55,0,0,0.0,,0,0,0,0,0,0
2026-09-10T00:33:10Z,nypost,1,167,55,1,1,0.01818,1.0,0,0,0,1,0,0
2026-09-10T00:33:10Z,cnn,1,52,55,0,0,0.0,,0,0,0,0,0,0
2026-09-10T00:33:10Z,foxnews,1,125,55,0,0,0.0,,0,0,0,0,0,0
2026-09-10T00:33:10Z,nbcnews,1,62,55,3,3,0.05455,-1.0,0,3,0,0,0,0
2026-09-10T00:33:10Z,newsweek,1,80,55,0,0,0.0,,0,0,0,0,0,0
2026-09-10T00:33:10Z,csmonitor,1,62,55,2,6,0.10909,0.5,0,0,3,3,0,0
2026-09-10T00:33:10Z,washexaminer,1,51,55,0,0,0.0,,0,0,0,0,0,0
2026-09-10T00:33:10Z,bbc,1,35,55,1,5,0.09091,-1.0,0,5,0,0,0,0
2026-09-10T00:33:10Z,guardian,1,45,55,3,15,0.27273,-0.667,0,10,5,0,0,0
2026-09-10T00:33:10Z,thetimes,1,0,0,0,0,,,0,0,0,0,0,0
2026-09-10T00:33:10Z,dailymail,1,395,55,1,3,0.05455,-1.0,0,3,0,0,0,0
2026-09-10T00:33:10Z,independent,1,96,55,0,0,0.0,,0,0,0,0,0,0
2026-09-10T00:33:10Z,dw,1,40,55,0,0,0.0,,0,0,0,0,0,0
2026-09-10T00:33:10Z,euronews,1,103,55,1,10,0.18182,0.0,0,0,10,0,0,0
2026-09-10T00:33:10Z,lemonde,1,37,55,0,0,0.0,,0,0,0,0,0,0
2026-09-10T00:33:10Z,lefigaro,1,190,55,0,0,0.0,,0,0,0,0,0,0
2026-09-10T00:33:10Z,lacroix,1,125,55,2,10,0.18182,-0.5,0,5,5,0,0,0
2026-09-10T00:33:10Z,spiegel,1,161,55,1,1,0.01818,-1.0,0,1,0,0,0,0
2026-09-10T00:33:10Z,bild,1,174,55,0,0,0.0,,0,0,0,0,0,0
2026-09-10T00:33:10Z,faz,1,140,55,0,0,0.0,,0,0,0,0,0,0
2026-09-10T00:33:10Z,tagesschau,1,50,55,1,3,0.05455,0.0,0,0,3,0,0,0
2026-09-10T00:33:10Z,elmundo,1,67,55,0,0,0.0,,0,0,0,0,0,0
2026-09-10T00:33:10Z,corriere,1,241,55,0,0,0.0,,0,0,0,0,0,0
2026-09-10T00:33:10Z,ilgiornale,1,68,55,1,5,0.09091,1.0,0,0,0,5,0,0
2026-09-10T00:33:10Z,cbc,1,29,55,0,0,0.0,,0,0,0,0,0,0
2026-09-10T00:33:10Z,globeandmail,1,102,55,0,0,0.0,,0,0,0,0,0,0
2026-09-10T00:33:10Z,abcau,1,79,55,1,3,0.05455,1.0,0,0,0,3,0,0
2026-09-10T00:33:10Z,smh,1,94,55,0,0,0.0,,0,0,0,0,0,0
2026-09-10T00:45:22Z,nyt,1,40,55,2,2,0.03636,-1.0,0,2,0,0,0,0
2026-09-10T00:45:22Z,usatoday,1,28,55,0,0,0.0,,0,0,0,0,0,0
2026-09-10T00:45:22Z,nypost,1,167,55,1,1,0.01818,1.0,0,0,0,1,0,0
2026-09-10T00:45:22Z,cnn,1,52,55,0,0,0.0,,0,0,0,0,0,0
2026-09-10T00:45:22Z,foxnews,1,125,55,0,0,0.0,,0,0,0,0,0,0
2026-09-10T00:45:22Z,nbcnews,1,63,55,3,3,0.05455,-1.0,0,3,0,0,0,0
2026-09-10T00:45:22Z,newsweek,1,80,55,0,0,0.0,,0,0,0,0,0,0
2026-09-10T00:45:22Z,csmonitor,1,62,55,2,6,0.10909,0.5,0,0,3,3,0,0
2026-09-10T00:45:22Z,washexaminer,1,51,55,0,0,0.0,,0,0,0,0,0,0
2026-09-10T00:45:22Z,bbc,1,35,55,1,5,0.09091,-1.0,0,5,0,0,0,0
2026-09-10T00:45:22Z,guardian,1,43,55,3,15,0.27273,-0.667,0,10,5,0,0,0
2026-09-10T00:45:22Z,thetimes,1,95,55,2,6,0.10909,-0.5,0,3,3,0,0,0
2026-09-10T00:45:22Z,dailymail,1,336,55,1,3,0.05455,1.0,0,0,0,3,0,0
2026-09-10T00:45:22Z,independent,1,94,55,0,0,0.0,,0,0,0,0,0,0
2026-09-10T00:45:22Z,dw,1,40,55,0,0,0.0,,0,0,0,0,0,0
2026-09-10T00:45:22Z,euronews,1,103,55,1,10,0.18182,0.0,0,0,10,0,0,0
2026-09-10T00:45:22Z,lemonde,1,37,55,0,0,0.0,,0,0,0,0,0,0
2026-09-10T00:45:22Z,lefigaro,1,190,55,0,0,0.0,,0,0,0,0,0,0
2026-09-10T00:45:22Z,lacroix,1,125,55,2,10,0.18182,-0.5,0,5,5,0,0,0
2026-09-10T00:45:22Z,spiegel,1,161,55,1,1,0.01818,-1.0,0,1,0,0,0,0
2026-09-10T00:45:22Z,bild,1,174,55,0,0,0.0,,0,0,0,0,0,0
2026-09-10T00:45:22Z,faz,1,140,55,0,0,0.0,,0,0,0,0,0,0
2026-09-10T00:45:22Z,tagesschau,1,51,55,1,5,0.09091,0.0,0,0,5,0,0,0
2026-09-10T00:45:22Z,elmundo,1,67,55,0,0,0.0,,0,0,0,0,0,0
2026-09-10T00:45:22Z,corriere,1,241,55,0,0,0.0,,0,0,0,0,0,0
2026-09-10T00:45:22Z,ilgiornale,1,68,55,1,5,0.09091,1.0,0,0,0,5,0,0
2026-09-10T00:45:22Z,cbc,1,29,55,0,0,0.0,,0,0,0,0,0,0
2026-09-10T00:45:22Z,globeandmail,1,101,55,0,0,0.0,,0,0,0,0,0,0
2026-09-10T00:45:22Z,abcau,1,77,55,1,3,0.05455,1.0,0,0,0,3,0,0
2026-09-10T00:45:22Z,smh,1,93,55,0,0,0.0,,0,0,0,0,0,0
2026-09-10T01:01:28Z,nyt,1,40,55,2,2,0.03636,-1.0,0,2,0,0,0,0
2026-09-10T01:01:28Z,usatoday,1,28,55,0,0,0.0,,0,0,0,0,0,0
2026-09-10T01:01:28Z,nypost,1,167,55,1,1,0.01818,1.0,0,0,0,1,0,0
2026-09-10T01:01:28Z,cnn,1,51,55,0,0,0.0,,0,0,0,0,0,0
2026-09-10T01:01:28Z,foxnews,1,128,55,0,0,0.0,,0,0,0,0,0,0
2026-09-10T01:01:28Z,nbcnews,1,63,55,3,3,0.05455,-1.0,0,3,0,0,0,0
2026-09-10T01:01:28Z,newsweek,1,81,55,0,0,0.0,,0,0,0,0,0,0
2026-09-10T01:01:28Z,csmonitor,1,62,55,2,6,0.10909,0.5,0,0,3,3,0,0
2026-09-10T01:01:28Z,washexaminer,1,51,55,0,0,0.0,,0,0,0,0,0,0
2026-09-10T01:01:28Z,bbc,1,36,55,1,5,0.09091,-1.0,0,5,0,0,0,0
2026-09-10T01:01:28Z,guardian,1,44,55,3,15,0.27273,-0.667,0,10,5,0,0,0
2026-09-10T01:01:28Z,thetimes,1,95,55,2,6,0.10909,-0.5,0,3,3,0,0,0
2026-09-10T01:01:28Z,dailymail,1,336,55,1,3,0.05455,1.0,0,0,0,3,0,0
2026-09-10T01:01:28Z,independent,1,96,55,0,0,0.0,,0,0,0,0,0,0
2026-09-10T01:01:28Z,dw,1,40,55,0,0,0.0,,0,0,0,0,0,0
2026-09-10T01:01:28Z,euronews,1,103,55,1,10,0.18182,0.0,0,0,10,0,0,0
2026-09-10T01:01:28Z,lemonde,1,37,55,0,0,0.0,,0,0,0,0,0,0
2026-09-10T01:01:28Z,lefigaro,1,190,55,0,0,0.0,,0,0,0,0,0,0
2026-09-10T01:01:28Z,lacroix,1,125,55,2,10,0.18182,-0.5,0,5,5,0,0,0
2026-09-10T01:01:28Z,spiegel,1,161,55,1,1,0.01818,-1.0,0,1,0,0,0,0
2026-09-10T01:01:28Z,bild,1,175,55,0,0,0.0,,0,0,0,0,0,0
2026-09-10T01:01:28Z,faz,1,140,55,0,0,0.0,,0,0,0,0,0,0
2026-09-10T01:01:28Z,tagesschau,1,51,55,1,5,0.09091,0.0,0,0,5,0,0,0
2026-09-10T01:01:28Z,elmundo,1,67,55,0,0,0.0,,0,0,0,0,0,0
2026-09-10T01:01:28Z,corriere,1,242,55,0,0,0.0,,0,0,0,0,0,0
2026-09-10T01:01:28Z,ilgiornale,1,68,55,1,5,0.09091,1.0,0,0,0,5,0,0
2026-09-10T01:01:28Z,cbc,1,29,55,0,0,0.0,,0,0,0,0,0,0
2026-09-10T01:01:28Z,globeandmail,1,101,55,0,0,0.0,,0,0,0,0,0,0
2026-09-10T01:01:28Z,abcau,1,78,55,1,3,0.05455,1.0,0,0,0,3,0,0
2026-09-10T01:01:28Z,smh,1,93,55,0,0,0.0,,0,0,0,0,0,0
2026-09-10T01:45:26Z,nyt,1,40,55,2,2,0.03636,-1.0,0,2,0,0,0,0
2026-09-10T01:45:26Z,usatoday,1,28,55,0,0,0.0,,0,0,0,0,0,0
2026-09-10T01:45:26Z,nypost,1,132,55,0,0,0.0,,0,0,0,0,0,0
2026-09-10T01:45:26Z,cnn,1,50,55,0,0,0.0,,0,0,0,0,0,0
2026-09-10T01:45:26Z,foxnews,1,128,55,0,0,0.0,,0,0,0,0,0,0
2026-09-10T01:45:26Z,nbcnews,1,64,55,3,3,0.05455,-1.0,0,3,0,0,0,0
2026-09-10T01:45:26Z,newsweek,1,81,55,0,0,0.0,,0,0,0,0,0,0
2026-09-10T01:45:26Z,csmonitor,1,62,55,2,6,0.10909,0.5,0,0,3,3,0,0
2026-09-10T01:45:26Z,washexaminer,1,51,55,0,0,0.0,,0,0,0,0,0,0
2026-09-10T01:45:26Z,bbc,1,36,55,1,5,0.09091,-1.0,0,5,0,0,0,0
2026-09-10T01:45:26Z,guardian,1,42,55,2,8,0.14545,-0.375,0,3,5,0,0,0
2026-09-10T01:45:26Z,thetimes,1,95,55,2,6,0.10909,-0.5,0,3,3,0,0,0
2026-09-10T01:45:26Z,dailymail,1,338,55,1,3,0.05455,1.0,0,0,0,3,0,0
2026-09-10T01:45:26Z,independent,1,92,55,0,0,0.0,,0,0,0,0,0,0
2026-09-10T01:45:26Z,dw,0,0,0,0,0,,,,,,,,
2026-09-10T01:45:26Z,euronews,1,103,55,1,10,0.18182,0.0,0,0,10,0,0,0
2026-09-10T01:45:26Z,lemonde,1,38,55,0,0,0.0,,0,0,0,0,0,0
2026-09-10T01:45:26Z,lefigaro,1,190,55,0,0,0.0,,0,0,0,0,0,0
2026-09-10T01:45:26Z,lacroix,1,125,55,2,10,0.18182,-0.5,0,5,5,0,0,0
2026-09-10T01:45:26Z,spiegel,1,161,55,1,1,0.01818,-1.0,0,1,0,0,0,0
2026-09-10T01:45:26Z,bild,1,173,55,0,0,0.0,,0,0,0,0,0,0
2026-09-10T01:45:26Z,faz,1,140,55,0,0,0.0,,0,0,0,0,0,0
2026-09-10T01:45:26Z,tagesschau,1,51,55,1,5,0.09091,0.0,0,0,5,0,0,0
2026-09-10T01:45:26Z,elmundo,1,67,55,0,0,0.0,,0,0,0,0,0,0
2026-09-10T01:45:26Z,corriere,1,242,55,0,0,0.0,,0,0,0,0,0,0
2026-09-10T01:45:26Z,ilgiornale,1,68,55,1,5,0.09091,1.0,0,0,0,5,0,0
2026-09-10T01:45:26Z,cbc,1,29,55,0,0,0.0,,0,0,0,0,0,0
2026-09-10T01:45:26Z,globeandmail,1,101,55,0,0,0.0,,0,0,0,0,0,0
2026-09-10T01:45:26Z,abcau,1,77,55,1,3,0.05455,1.0,0,0,0,3,0,0
2026-09-10T01:45:26Z,smh,1,92,55,0,0,0.0,,0,0,0,0,0,0
2026-09-10T02:45:27Z,nyt,1,40,55,0,0,0.0,,0,0,0,0,0,0
2026-09-10T02:45:27Z,usatoday,1,28,55,0,0,0.0,,0,0,0,0,0,0
2026-09-10T02:45:27Z,nypost,1,169,55,1,1,0.01818,1.0,0,0,0,1,0,0
2026-09-10T02:45:27Z,cnn,1,51,55,0,0,0.0,,0,0,0,0,0,0
2026-09-10T02:45:27Z,foxnews,1,128,55,0,0,0.0,,0,0,0,0,0,0
2026-09-10T02:45:27Z,nbcnews,1,61,55,2,2,0.03636,-1.0,0,2,0,0,0,0
2026-09-10T02:45:27Z,newsweek,1,81,55,0,0,0.0,,0,0,0,0,0,0
2026-09-10T02:45:27Z,csmonitor,1,62,55,2,6,0.10909,0.5,0,0,3,3,0,0
2026-09-10T02:45:27Z,washexaminer,1,55,55,0,0,0.0,,0,0,0,0,0,0
2026-09-10T02:45:27Z,bbc,1,33,55,1,3,0.05455,-1.0,0,3,0,0,0,0
2026-09-10T02:45:27Z,guardian,1,38,55,1,5,0.09091,0.0,0,0,5,0,0,0
2026-09-10T02:45:27Z,thetimes,1,95,55,2,6,0.10909,-0.5,0,3,3,0,0,0
2026-09-10T02:45:27Z,dailymail,1,338,55,1,3,0.05455,1.0,0,0,0,3,0,0
2026-09-10T02:45:27Z,independent,1,101,55,0,0,0.0,,0,0,0,0,0,0
2026-09-10T02:45:27Z,dw,1,40,55,0,0,0.0,,0,0,0,0,0,0
2026-09-10T02:45:27Z,euronews,1,103,55,1,10,0.18182,0.0,0,0,10,0,0,0
2026-09-10T02:45:27Z,lemonde,1,38,55,0,0,0.0,,0,0,0,0,0,0
2026-09-10T02:45:27Z,lefigaro,1,191,55,0,0,0.0,,0,0,0,0,0,0
2026-09-10T02:45:27Z,lacroix,1,125,55,2,10,0.18182,-0.5,0,5,5,0,0,0
2026-09-10T02:45:27Z,spiegel,1,162,55,1,1,0.01818,-1.0,0,1,0,0,0,0
2026-09-10T02:45:27Z,bild,1,177,55,0,0,0.0,,0,0,0,0,0,0
2026-09-10T02:45:27Z,faz,1,141,55,0,0,0.0,,0,0,0,0,0,0
2026-09-10T02:45:27Z,tagesschau,1,52,55,1,5,0.09091,0.0,0,0,5,0,0,0
2026-09-10T02:45:27Z,elmundo,1,67,55,0,0,0.0,,0,0,0,0,0,0
2026-09-10T02:45:27Z,corriere,1,242,55,0,0,0.0,,0,0,0,0,0,0
2026-09-10T02:45:27Z,ilgiornale,1,68,55,1,5,0.09091,1.0,0,0,0,5,0,0
2026-09-10T02:45:27Z,cbc,1,30,55,0,0,0.0,,0,0,0,0,0,0
2026-09-10T02:45:27Z,globeandmail,1,102,55,0,0,0.0,,0,0,0,0,0,0
2026-09-10T02:45:27Z,abcau,1,80,55,1,3,0.05455,1.0,0,0,0,3,0,0
2026-09-10T02:45:27Z,smh,1,90,55,0,0,0.0,,0,0,0,0,0,0
2026-09-10T03:45:23Z,nyt,1,42,55,0,0,0.0,,0,0,0,0,0,0
2026-09-10T03:45:23Z,usatoday,1,28,55,0,0,0.0,,0,0,0,0,0,0
2026-09-10T03:45:23Z,nypost,1,169,55,1,1,0.01818,1.0,0,0,0,1,0,0
2026-09-10T03:45:23Z,cnn,1,50,55,0,0,0.0,,0,0,0,0,0,0
2026-09-10T03:45:23Z,foxnews,1,129,55,0,0,0.0,,0,0,0,0,0,0
2026-09-10T03:45:23Z,nbcnews,1,64,55,2,2,0.03636,-1.0,0,2,0,0,0,0
2026-09-10T03:45:23Z,newsweek,1,81,55,0,0,0.0,,0,0,0,0,0,0
2026-09-10T03:45:23Z,csmonitor,1,62,55,2,6,0.10909,0.5,0,0,3,3,0,0
2026-09-10T03:45:23Z,washexaminer,1,50,55,0,0,0.0,,0,0,0,0,0,0
2026-09-10T03:45:23Z,bbc,1,32,55,2,6,0.10909,-0.833,0,5,1,0,0,0
2026-09-10T03:45:23Z,guardian,1,37,55,1,5,0.09091,0.0,0,0,5,0,0,0
2026-09-10T03:45:23Z,thetimes,1,95,55,2,6,0.10909,-0.5,0,3,3,0,0,0
2026-09-10T03:45:23Z,dailymail,1,338,55,1,3,0.05455,1.0,0,0,0,3,0,0
2026-09-10T03:45:23Z,independent,1,101,55,0,0,0.0,,0,0,0,0,0,0
2026-09-10T03:45:23Z,dw,1,41,55,0,0,0.0,,0,0,0,0,0,0
2026-09-10T03:45:23Z,euronews,1,103,55,1,10,0.18182,0.0,0,0,10,0,0,0
2026-09-10T03:45:23Z,lemonde,1,38,55,0,0,0.0,,0,0,0,0,0,0
2026-09-10T03:45:23Z,lefigaro,1,192,55,0,0,0.0,,0,0,0,0,0,0
2026-09-10T03:45:23Z,lacroix,1,125,55,2,10,0.18182,-0.5,0,5,5,0,0,0
2026-09-10T03:45:23Z,spiegel,1,163,55,1,1,0.01818,-1.0,0,1,0,0,0,0
2026-09-10T03:45:23Z,bild,1,176,55,0,0,0.0,,0,0,0,0,0,0
2026-09-10T03:45:23Z,faz,1,141,55,0,0,0.0,,0,0,0,0,0,0
2026-09-10T03:45:23Z,tagesschau,1,52,55,1,5,0.09091,0.0,0,0,5,0,0,0
2026-09-10T03:45:23Z,elmundo,1,67,55,0,0,0.0,,0,0,0,0,0,0
2026-09-10T03:45:23Z,corriere,1,242,55,0,0,0.0,,0,0,0,0,0,0
2026-09-10T03:45:23Z,ilgiornale,1,68,55,1,5,0.09091,1.0,0,0,0,5,0,0
2026-09-10T03:45:23Z,cbc,1,30,55,0,0,0.0,,0,0,0,0,0,0
2026-09-10T03:45:23Z,globeandmail,1,102,55,0,0,0.0,,0,0,0,0,0,0
2026-09-10T03:45:23Z,abcau,1,85,55,1,3,0.05455,1.0,0,0,0,3,0,0
2026-09-10T03:45:23Z,smh,1,89,55,0,0,0.0,,0,0,0,0,0,0
2026-09-10T04:45:25Z,nyt,1,40,55,0,0,0.0,,0,0,0,0,0,0
2026-09-10T04:45:25Z,usatoday,1,28,55,0,0,0.0,,0,0,0,0,0,0
2026-09-10T04:45:25Z,nypost,1,172,55,1,1,0.01818,1.0,0,0,0,1,0,0
2026-09-10T04:45:25Z,cnn,1,49,55,0,0,0.0,,0,0,0,0,0,0
2026-09-10T04:45:25Z,foxnews,1,129,55,0,0,0.0,,0,0,0,0,0,0
2026-09-10T04:45:25Z,nbcnews,1,61,55,3,3,0.05455,-1.0,0,3,0,0,0,0
2026-09-10T04:45:25Z,newsweek,1,81,55,0,0,0.0,,0,0,0,0,0,0
2026-09-10T04:45:25Z,csmonitor,1,62,55,2,6,0.10909,0.5,0,0,3,3,0,0
2026-09-10T04:45:25Z,washexaminer,1,44,55,0,0,0.0,,0,0,0,0,0,0
2026-09-10T04:45:25Z,bbc,1,31,55,1,5,0.09091,-1.0,0,5,0,0,0,0
2026-09-10T04:45:25Z,guardian,1,37,55,1,5,0.09091,0.0,0,0,5,0,0,0
2026-09-10T04:45:25Z,thetimes,1,0,0,0,0,,,0,0,0,0,0,0
2026-09-10T04:45:25Z,dailymail,1,338,55,1,3,0.05455,1.0,0,0,0,3,0,0
2026-09-10T04:45:25Z,independent,1,101,55,0,0,0.0,,0,0,0,0,0,0
2026-09-10T04:45:25Z,dw,1,42,55,0,0,0.0,,0,0,0,0,0,0
2026-09-10T04:45:25Z,euronews,1,105,55,1,10,0.18182,0.0,0,0,10,0,0,0
2026-09-10T04:45:25Z,lemonde,1,39,55,0,0,0.0,,0,0,0,0,0,0
2026-09-10T04:45:25Z,lefigaro,1,194,55,0,0,0.0,,0,0,0,0,0,0
2026-09-10T04:45:25Z,lacroix,1,124,55,2,10,0.18182,-0.5,0,5,5,0,0,0
2026-09-10T04:45:25Z,spiegel,1,166,55,0,0,0.0,,0,0,0,0,0,0
2026-09-10T04:45:25Z,bild,1,176,55,0,0,0.0,,0,0,0,0,0,0
2026-09-10T04:45:25Z,faz,1,140,55,0,0,0.0,,0,0,0,0,0,0
2026-09-10T04:45:25Z,tagesschau,1,50,55,1,5,0.09091,0.0,0,0,5,0,0,0
2026-09-10T04:45:25Z,elmundo,1,67,55,0,0,0.0,,0,0,0,0,0,0
2026-09-10T04:45:25Z,corriere,1,241,55,0,0,0.0,,0,0,0,0,0,0
2026-09-10T04:45:25Z,ilgiornale,1,68,55,1,5,0.09091,1.0,0,0,0,5,0,0
2026-09-10T04:45:25Z,cbc,1,30,55,0,0,0.0,,0,0,0,0,0,0
2026-09-10T04:45:25Z,globeandmail,1,102,55,0,0,0.0,,0,0,0,0,0,0
2026-09-10T04:45:25Z,abcau,1,78,55,1,3,0.05455,1.0,0,0,0,3,0,0
2026-09-10T04:45:25Z,smh,1,90,55,0,0,0.0,,0,0,0,0,0,0
2026-09-10T05:13:37Z,nyt,1,40,55,0,0,0.0,,0,0,0,0,0,0
2026-09-10T05:13:37Z,usatoday,1,28,55,0,0,0.0,,0,0,0,0,0,0
2026-09-10T05:13:37Z,nypost,1,173,55,1,1,0.01818,1.0,0,0,0,1,0,0
2026-09-10T05:13:37Z,cnn,1,49,55,0,0,0.0,,0,0,0,0,0,0
2026-09-10T05:13:37Z,foxnews,1,129,55,0,0,0.0,,0,0,0,0,0,0
2026-09-10T05:13:37Z,nbcnews,1,61,55,3,3,0.05455,-1.0,0,3,0,0,0,0
2026-09-10T05:13:37Z,newsweek,1,81,55,0,0,0.0,,0,0,0,0,0,0
2026-09-10T05:13:37Z,csmonitor,1,62,55,2,6,0.10909,0.5,0,0,3,3,0,0
2026-09-10T05:13:37Z,washexaminer,1,44,55,0,0,0.0,,0,0,0,0,0,0
2026-09-10T05:13:37Z,bbc,1,30,55,1,3,0.05455,-1.0,0,3,0,0,0,0
2026-09-10T05:13:37Z,guardian,1,37,55,1,5,0.09091,0.0,0,0,5,0,0,0
2026-09-10T05:13:37Z,thetimes,1,96,55,2,6,0.10909,-0.5,0,3,3,0,0,0
2026-09-10T05:13:37Z,dailymail,1,338,55,1,3,0.05455,1.0,0,0,0,3,0,0
2026-09-10T05:13:37Z,independent,1,102,55,0,0,0.0,,0,0,0,0,0,0
2026-09-10T05:13:37Z,dw,1,43,55,0,0,0.0,,0,0,0,0,0,0
2026-09-10T05:13:37Z,euronews,1,105,55,1,10,0.18182,0.0,0,0,10,0,0,0
2026-09-10T05:13:37Z,lemonde,1,38,55,0,0,0.0,,0,0,0,0,0,0
2026-09-10T05:13:37Z,lefigaro,1,195,55,0,0,0.0,,0,0,0,0,0,0
2026-09-10T05:13:37Z,lacroix,1,124,55,2,10,0.18182,-0.5,0,5,5,0,0,0
2026-09-10T05:13:37Z,spiegel,1,169,55,0,0,0.0,,0,0,0,0,0,0
2026-09-10T05:13:37Z,bild,1,176,55,0,0,0.0,,0,0,0,0,0,0
2026-09-10T05:13:37Z,faz,1,140,55,0,0,0.0,,0,0,0,0,0,0
2026-09-10T05:13:37Z,tagesschau,1,49,55,1,5,0.09091,0.0,0,0,5,0,0,0
2026-09-10T05:13:37Z,elmundo,1,69,55,0,0,0.0,,0,0,0,0,0,0
2026-09-10T05:13:37Z,corriere,1,236,55,0,0,0.0,,0,0,0,0,0,0
2026-09-10T05:13:37Z,ilgiornale,1,69,55,1,5,0.09091,1.0,0,0,0,5,0,0
2026-09-10T05:13:37Z,cbc,1,30,55,0,0,0.0,,0,0,0,0,0,0
2026-09-10T05:13:37Z,globeandmail,1,102,55,0,0,0.0,,0,0,0,0,0,0
2026-09-10T05:13:37Z,abcau,1,79,55,1,1,0.01818,1.0,0,0,0,1,0,0
2026-09-10T05:13:37Z,smh,1,87,55,0,0,0.0,,0,0,0,0,0,0
2026-09-10T05:45:25Z,nyt,1,41,55,0,0,0.0,,0,0,0,0,0,0
2026-09-10T05:45:25Z,usatoday,1,28,55,0,0,0.0,,0,0,0,0,0,0
2026-09-10T05:45:25Z,nypost,1,172,55,1,1,0.01818,1.0,0,0,0,1,0,0
2026-09-10T05:45:25Z,cnn,1,49,55,0,0,0.0,,0,0,0,0,0,0
2026-09-10T05:45:25Z,foxnews,1,129,55,0,0,0.0,,0,0,0,0,0,0
2026-09-10T05:45:25Z,nbcnews,1,61,55,3,3,0.05455,-1.0,0,3,0,0,0,0
2026-09-10T05:45:25Z,newsweek,1,81,55,0,0,0.0,,0,0,0,0,0,0
2026-09-10T05:45:25Z,csmonitor,1,62,55,2,6,0.10909,0.5,0,0,3,3,0,0
2026-09-10T05:45:25Z,washexaminer,1,45,55,0,0,0.0,,0,0,0,0,0,0
2026-09-10T05:45:25Z,bbc,1,32,55,1,3,0.05455,-1.0,0,3,0,0,0,0
2026-09-10T05:45:25Z,guardian,1,37,55,1,5,0.09091,0.0,0,0,5,0,0,0
2026-09-10T05:45:25Z,thetimes,1,96,55,2,6,0.10909,-0.5,0,3,3,0,0,0
2026-09-10T05:45:25Z,dailymail,1,338,55,1,3,0.05455,1.0,0,0,0,3,0,0
2026-09-10T05:45:25Z,independent,1,102,55,0,0,0.0,,0,0,0,0,0,0
2026-09-10T05:45:25Z,dw,1,43,55,0,0,0.0,,0,0,0,0,0,0
2026-09-10T05:45:25Z,euronews,1,106,55,1,10,0.18182,0.0,0,0,10,0,0,0
2026-09-10T05:45:25Z,lemonde,1,39,55,0,0,0.0,,0,0,0,0,0,0
2026-09-10T05:45:25Z,lefigaro,1,196,55,0,0,0.0,,0,0,0,0,0,0
2026-09-10T05:45:25Z,lacroix,1,124,55,2,10,0.18182,-0.5,0,5,5,0,0,0
2026-09-10T05:45:25Z,spiegel,1,169,55,0,0,0.0,,0,0,0,0,0,0
2026-09-10T05:45:25Z,bild,1,168,55,0,0,0.0,,0,0,0,0,0,0
2026-09-10T05:45:25Z,faz,1,138,55,0,0,0.0,,0,0,0,0,0,0
2026-09-10T05:45:25Z,tagesschau,1,50,55,1,5,0.09091,0.0,0,0,5,0,0,0
2026-09-10T05:45:25Z,elmundo,1,69,55,0,0,0.0,,0,0,0,0,0,0
2026-09-10T05:45:25Z,corriere,1,234,55,0,0,0.0,,0,0,0,0,0,0
2026-09-10T05:45:25Z,ilgiornale,1,71,55,1,5,0.09091,1.0,0,0,0,5,0,0
2026-09-10T05:45:25Z,cbc,1,30,55,0,0,0.0,,0,0,0,0,0,0
2026-09-10T05:45:25Z,globeandmail,1,100,55,0,0,0.0,,0,0,0,0,0,0
2026-09-10T05:45:25Z,abcau,1,83,55,1,1,0.01818,1.0,0,0,0,1,0,0
2026-09-10T05:45:25Z,smh,1,90,55,0,0,0.0,,0,0,0,0,0,0
2026-09-10T05:55:29Z,nyt,1,42,55,0,0,0.0,,0,0,0,0,0,0
2026-09-10T05:55:29Z,usatoday,1,28,55,0,0,0.0,,0,0,0,0,0,0
2026-09-10T05:55:29Z,nypost,1,172,55,1,1,0.01818,1.0,0,0,0,1,0,0
2026-09-10T05:55:29Z,cnn,1,49,55,0,0,0.0,,0,0,0,0,0,0
2026-09-10T05:55:29Z,foxnews,1,129,55,0,0,0.0,,0,0,0,0,0,0
2026-09-10T05:55:29Z,nbcnews,1,61,55,3,3,0.05455,-1.0,0,3,0,0,0,0
2026-09-10T05:55:29Z,newsweek,1,81,55,0,0,0.0,,0,0,0,0,0,0
2026-09-10T05:55:29Z,csmonitor,1,62,55,2,6,0.10909,0.5,0,0,3,3,0,0
2026-09-10T05:55:29Z,washexaminer,1,45,55,0,0,0.0,,0,0,0,0,0,0
2026-09-10T05:55:29Z,bbc,1,32,55,1,3,0.05455,-1.0,0,3,0,0,0,0
2026-09-10T05:55:29Z,guardian,1,37,55,1,5,0.09091,0.0,0,0,5,0,0,0
2026-09-10T05:55:29Z,thetimes,1,96,55,2,6,0.10909,-0.5,0,3,3,0,0,0
2026-09-10T05:55:29Z,dailymail,1,338,55,1,3,0.05455,1.0,0,0,0,3,0,0
2026-09-10T05:55:29Z,independent,1,102,55,0,0,0.0,,0,0,0,0,0,0
2026-09-10T05:55:29Z,dw,1,43,55,0,0,0.0,,0,0,0,0,0,0
2026-09-10T05:55:29Z,euronews,1,106,55,1,10,0.18182,0.0,0,0,10,0,0,0
2026-09-10T05:55:29Z,lemonde,1,39,55,0,0,0.0,,0,0,0,0,0,0
2026-09-10T05:55:29Z,lefigaro,1,196,55,0,0,0.0,,0,0,0,0,0,0
2026-09-10T05:55:29Z,lacroix,1,125,55,1,5,0.09091,-1.0,0,5,0,0,0,0
2026-09-10T05:55:29Z,spiegel,1,171,55,0,0,0.0,,0,0,0,0,0,0
2026-09-10T05:55:29Z,bild,1,167,55,0,0,0.0,,0,0,0,0,0,0
2026-09-10T05:55:29Z,faz,1,138,55,0,0,0.0,,0,0,0,0,0,0
2026-09-10T05:55:29Z,tagesschau,1,50,55,1,5,0.09091,0.0,0,0,5,0,0,0
2026-09-10T05:55:29Z,elmundo,1,68,55,0,0,0.0,,0,0,0,0,0,0
2026-09-10T05:55:29Z,corriere,1,239,55,0,0,0.0,,0,0,0,0,0,0
2026-09-10T05:55:29Z,ilgiornale,1,71,55,1,5,0.09091,1.0,0,0,0,5,0,0
2026-09-10T05:55:29Z,cbc,1,30,55,0,0,0.0,,0,0,0,0,0,0
2026-09-10T05:55:29Z,globeandmail,1,100,55,0,0,0.0,,0,0,0,0,0,0
2026-09-10T05:55:29Z,abcau,1,81,55,0,0,0.0,,0,0,0,0,0,0
2026-09-10T05:55:29Z,smh,1,90,55,0,0,0.0,,0,0,0,0,0,0
2026-09-10T06:45:29Z,nyt,1,41,55,0,0,0.0,,0,0,0,0,0,0
2026-09-10T06:45:29Z,usatoday,1,28,55,0,0,0.0,,0,0,0,0,0,0
2026-09-10T06:45:29Z,nypost,1,174,55,1,1,0.01818,1.0,0,0,0,1,0,0
2026-09-10T06:45:29Z,cnn,1,48,55,0,0,0.0,,0,0,0,0,0,0
2026-09-10T06:45:29Z,foxnews,1,129,55,0,0,0.0,,0,0,0,0,0,0
2026-09-10T06:45:29Z,nbcnews,1,59,55,3,3,0.05455,-1.0,0,3,0,0,0,0
2026-09-10T06:45:29Z,newsweek,1,81,55,0,0,0.0,,0,0,0,0,0,0
2026-09-10T06:45:29Z,csmonitor,1,62,55,2,6,0.10909,0.5,0,0,3,3,0,0
2026-09-10T06:45:29Z,washexaminer,1,45,55,0,0,0.0,,0,0,0,0,0,0
2026-09-10T06:45:29Z,bbc,1,30,55,1,3,0.05455,-1.0,0,3,0,0,0,0
2026-09-10T06:45:29Z,guardian,1,41,55,1,3,0.05455,0.0,0,0,3,0,0,0
2026-09-10T06:45:29Z,thetimes,1,99,55,2,6,0.10909,-0.5,0,3,3,0,0,0
2026-09-10T06:45:29Z,dailymail,1,340,55,1,3,0.05455,1.0,0,0,0,3,0,0
2026-09-10T06:45:29Z,independent,1,102,55,0,0,0.0,,0,0,0,0,0,0
2026-09-10T06:45:29Z,dw,1,43,55,0,0,0.0,,0,0,0,0,0,0
2026-09-10T06:45:29Z,euronews,1,105,55,1,10,0.18182,0.0,0,0,10,0,0,0
2026-09-10T06:45:29Z,lemonde,1,38,55,0,0,0.0,,0,0,0,0,0,0
2026-09-10T06:45:29Z,lefigaro,1,191,55,0,0,0.0,,0,0,0,0,0,0
2026-09-10T06:45:29Z,lacroix,1,126,55,0,0,0.0,,0,0,0,0,0,0
2026-09-10T06:45:29Z,spiegel,1,173,55,0,0,0.0,,0,0,0,0,0,0
2026-09-10T06:45:29Z,bild,1,168,55,0,0,0.0,,0,0,0,0,0,0
2026-09-10T06:45:29Z,faz,1,138,55,0,0,0.0,,0,0,0,0,0,0
2026-09-10T06:45:29Z,tagesschau,1,49,55,0,0,0.0,,0,0,0,0,0,0
2026-09-10T06:45:29Z,elmundo,1,69,55,0,0,0.0,,0,0,0,0,0,0
2026-09-10T06:45:29Z,corriere,1,239,55,0,0,0.0,,0,0,0,0,0,0
2026-09-10T06:45:29Z,ilgiornale,1,70,55,1,5,0.09091,1.0,0,0,0,5,0,0
2026-09-10T06:45:29Z,cbc,1,30,55,0,0,0.0,,0,0,0,0,0,0
2026-09-10T06:45:29Z,globeandmail,1,102,55,0,0,0.0,,0,0,0,0,0,0
2026-09-10T06:45:29Z,abcau,1,84,55,0,0,0.0,,0,0,0,0,0,0
2026-09-10T06:45:29Z,smh,1,88,55,0,0,0.0,,0,0,0,0,0,0
2026-09-10T07:45:27Z,nyt,1,41,55,0,0,0.0,,0,0,0,0,0,0
2026-09-10T07:45:27Z,usatoday,1,28,55,0,0,0.0,,0,0,0,0,0,0
2026-09-10T07:45:27Z,nypost,1,173,55,1,1,0.01818,1.0,0,0,0,1,0,0
2026-09-10T07:45:27Z,cnn,1,49,55,0,0,0.0,,0,0,0,0,0,0
2026-09-10T07:45:27Z,foxnews,1,130,55,0,0,0.0,,0,0,0,0,0,0
2026-09-10T07:45:27Z,nbcnews,1,60,55,3,3,0.05455,-1.0,0,3,0,0,0,0
2026-09-10T07:45:27Z,newsweek,1,80,55,1,1,0.01818,2.0,0,0,0,0,1,0
2026-09-10T07:45:27Z,csmonitor,1,62,55,2,6,0.10909,0.5,0,0,3,3,0,0
2026-09-10T07:45:27Z,washexaminer,1,43,55,0,0,0.0,,0,0,0,0,0,0
2026-09-10T07:45:27Z,bbc,1,31,55,1,1,0.01818,-1.0,0,1,0,0,0,0
2026-09-10T07:45:27Z,guardian,1,40,55,1,1,0.01818,-1.0,0,1,0,0,0,0
2026-09-10T07:45:27Z,thetimes,1,101,55,2,6,0.10909,-0.5,0,3,3,0,0,0
2026-09-10T07:45:27Z,dailymail,1,332,55,1,3,0.05455,1.0,0,0,0,3,0,0
2026-09-10T07:45:27Z,independent,1,102,55,0,0,0.0,,0,0,0,0,0,0
2026-09-10T07:45:27Z,dw,1,43,55,0,0,0.0,,0,0,0,0,0,0
2026-09-10T07:45:27Z,euronews,1,105,55,1,10,0.18182,0.0,0,0,10,0,0,0
2026-09-10T07:45:27Z,lemonde,1,39,55,0,0,0.0,,0,0,0,0,0,0
2026-09-10T07:45:27Z,lefigaro,1,193,55,0,0,0.0,,0,0,0,0,0,0
2026-09-10T07:45:27Z,lacroix,1,129,55,0,0,0.0,,0,0,0,0,0,0
2026-09-10T07:45:27Z,spiegel,1,161,55,0,0,0.0,,0,0,0,0,0,0
2026-09-10T07:45:27Z,bild,1,170,55,0,0,0.0,,0,0,0,0,0,0
2026-09-10T07:45:27Z,faz,1,139,55,0,0,0.0,,0,0,0,0,0,0
2026-09-10T07:45:27Z,tagesschau,1,48,55,0,0,0.0,,0,0,0,0,0,0
2026-09-10T07:45:27Z,elmundo,1,70,55,0,0,0.0,,0,0,0,0,0,0
2026-09-10T07:45:27Z,corriere,1,235,55,0,0,0.0,,0,0,0,0,0,0
2026-09-10T07:45:27Z,ilgiornale,1,70,55,1,5,0.09091,1.0,0,0,0,5,0,0
2026-09-10T07:45:27Z,cbc,1,30,55,0,0,0.0,,0,0,0,0,0,0
2026-09-10T07:45:27Z,globeandmail,1,102,55,0,0,0.0,,0,0,0,0,0,0
2026-09-10T07:45:27Z,abcau,1,78,55,0,0,0.0,,0,0,0,0,0,0
2026-09-10T07:45:27Z,smh,1,85,55,0,0,0.0,,0,0,0,0,0,0
2026-09-10T08:45:36Z,nyt,1,41,55,0,0,0.0,,0,0,0,0,0,0
2026-09-10T08:45:36Z,usatoday,1,28,55,0,0,0.0,,0,0,0,0,0,0
2026-09-10T08:45:36Z,nypost,1,173,55,0,0,0.0,,0,0,0,0,0,0
2026-09-10T08:45:36Z,cnn,1,46,55,0,0,0.0,,0,0,0,0,0,0
2026-09-10T08:45:36Z,foxnews,1,130,55,0,0,0.0,,0,0,0,0,0,0
2026-09-10T08:45:36Z,nbcnews,1,59,55,0,0,0.0,,0,0,0,0,0,0
2026-09-10T08:45:36Z,newsweek,1,80,55,1,1,0.01818,2.0,0,0,0,0,1,0
2026-09-10T08:45:36Z,csmonitor,1,62,55,2,6,0.10909,0.5,0,0,3,3,0,0
2026-09-10T08:45:36Z,washexaminer,1,41,55,0,0,0.0,,0,0,0,0,0,0
2026-09-10T08:45:36Z,bbc,1,32,55,0,0,0.0,,0,0,0,0,0,0
2026-09-10T08:45:36Z,guardian,1,43,55,0,0,0.0,,0,0,0,0,0,0
2026-09-10T08:45:36Z,thetimes,1,101,55,2,6,0.10909,-0.5,0,3,3,0,0,0
2026-09-10T08:45:36Z,dailymail,1,340,55,1,1,0.01818,1.0,0,0,0,1,0,0
2026-09-10T08:45:36Z,independent,1,105,55,0,0,0.0,,0,0,0,0,0,0
2026-09-10T08:45:36Z,dw,1,45,55,0,0,0.0,,0,0,0,0,0,0
2026-09-10T08:45:36Z,euronews,1,105,55,1,10,0.18182,0.0,0,0,10,0,0,0
2026-09-10T08:45:36Z,lemonde,1,38,55,0,0,0.0,,0,0,0,0,0,0
2026-09-10T08:45:36Z,lefigaro,1,192,55,0,0,0.0,,0,0,0,0,0,0
2026-09-10T08:45:36Z,lacroix,1,126,55,0,0,0.0,,0,0,0,0,0,0
2026-09-10T08:45:36Z,spiegel,1,168,55,0,0,0.0,,0,0,0,0,0,0
2026-09-10T08:45:36Z,bild,1,165,55,0,0,0.0,,0,0,0,0,0,0
2026-09-10T08:45:36Z,faz,1,139,55,0,0,0.0,,0,0,0,0,0,0
2026-09-10T08:45:36Z,tagesschau,1,48,55,0,0,0.0,,0,0,0,0,0,0
2026-09-10T08:45:36Z,elmundo,1,68,55,0,0,0.0,,0,0,0,0,0,0
2026-09-10T08:45:36Z,corriere,1,240,55,0,0,0.0,,0,0,0,0,0,0
2026-09-10T08:45:36Z,ilgiornale,1,56,55,2,4,0.07273,0.75,0,0,1,3,0,0
2026-09-10T08:45:36Z,cbc,1,30,55,0,0,0.0,,0,0,0,0,0,0
2026-09-10T08:45:36Z,globeandmail,1,101,55,0,0,0.0,,0,0,0,0,0,0
2026-09-10T08:45:36Z,abcau,1,73,55,1,1,0.01818,1.0,0,0,0,1,0,0
2026-09-10T08:45:36Z,smh,1,86,55,0,0,0.0,,0,0,0,0,0,0
2026-09-10T09:45:23Z,nyt,1,41,55,0,0,0.0,,0,0,0,0,0,0
2026-09-10T09:45:23Z,usatoday,1,28,55,0,0,0.0,,0,0,0,0,0,0
2026-09-10T09:45:23Z,nypost,1,174,55,0,0,0.0,,0,0,0,0,0,0
2026-09-10T09:45:23Z,cnn,1,49,55,0,0,0.0,,0,0,0,0,0,0
2026-09-10T09:45:23Z,foxnews,1,130,55,0,0,0.0,,0,0,0,0,0,0
2026-09-10T09:45:23Z,nbcnews,1,59,55,0,0,0.0,,0,0,0,0,0,0
2026-09-10T09:45:23Z,newsweek,1,79,55,0,0,0.0,,0,0,0,0,0,0
2026-09-10T09:45:23Z,csmonitor,1,63,55,2,6,0.10909,0.5,0,0,3,3,0,0
2026-09-10T09:45:23Z,washexaminer,1,45,55,0,0,0.0,,0,0,0,0,0,0
2026-09-10T09:45:23Z,bbc,1,30,55,1,1,0.01818,-1.0,0,1,0,0,0,0
2026-09-10T09:45:23Z,guardian,1,42,55,0,0,0.0,,0,0,0,0,0,0
2026-09-10T09:45:23Z,thetimes,1,100,55,2,6,0.10909,-0.5,0,3,3,0,0,0
2026-09-10T09:45:23Z,dailymail,1,346,55,2,6,0.10909,1.0,0,0,0,6,0,0
2026-09-10T09:45:23Z,independent,1,105,55,0,0,0.0,,0,0,0,0,0,0
2026-09-10T09:45:23Z,dw,1,44,55,0,0,0.0,,0,0,0,0,0,0
2026-09-10T09:45:23Z,euronews,1,104,55,1,10,0.18182,0.0,0,0,10,0,0,0
2026-09-10T09:45:23Z,lemonde,1,37,55,0,0,0.0,,0,0,0,0,0,0
2026-09-10T09:45:23Z,lefigaro,1,195,55,0,0,0.0,,0,0,0,0,0,0
2026-09-10T09:45:23Z,lacroix,1,126,55,0,0,0.0,,0,0,0,0,0,0
2026-09-10T09:45:23Z,spiegel,1,167,55,0,0,0.0,,0,0,0,0,0,0
2026-09-10T09:45:23Z,bild,1,165,55,0,0,0.0,,0,0,0,0,0,0
2026-09-10T09:45:23Z,faz,1,139,55,0,0,0.0,,0,0,0,0,0,0
2026-09-10T09:45:23Z,tagesschau,1,48,55,0,0,0.0,,0,0,0,0,0,0
2026-09-10T09:45:23Z,elmundo,1,68,55,0,0,0.0,,0,0,0,0,0,0
2026-09-10T09:45:23Z,corriere,1,251,55,0,0,0.0,,0,0,0,0,0,0
2026-09-10T09:45:23Z,ilgiornale,1,57,55,1,3,0.05455,1.0,0,0,0,3,0,0
2026-09-10T09:45:23Z,cbc,1,29,55,0,0,0.0,,0,0,0,0,0,0
2026-09-10T09:45:23Z,globeandmail,1,106,55,0,0,0.0,,0,0,0,0,0,0
2026-09-10T09:45:23Z,abcau,1,73,55,1,1,0.01818,1.0,0,0,0,1,0,0
2026-09-10T09:45:23Z,smh,1,90,55,0,0,0.0,,0,0,0,0,0,0
2026-09-10T10:01:03Z,nyt,1,34,55,0,0,0.0,,0,0,0,0,0,0
2026-09-10T10:01:03Z,usatoday,1,28,55,0,0,0.0,,0,0,0,0,0,0
2026-09-10T10:01:03Z,nypost,1,173,55,0,0,0.0,,0,0,0,0,0,0
2026-09-10T10:01:03Z,cnn,1,50,55,0,0,0.0,,0,0,0,0,0,0
2026-09-10T10:01:03Z,foxnews,1,131,55,0,0,0.0,,0,0,0,0,0,0
2026-09-10T10:01:03Z,nbcnews,1,59,55,0,0,0.0,,0,0,0,0,0,0
2026-09-10T10:01:03Z,newsweek,1,78,55,0,0,0.0,,0,0,0,0,0,0
2026-09-10T10:01:03Z,csmonitor,1,63,55,2,6,0.10909,0.5,0,0,3,3,0,0
2026-09-10T10:01:03Z,washexaminer,1,45,55,0,0,0.0,,0,0,0,0,0,0
2026-09-10T10:01:03Z,bbc,1,31,55,1,1,0.01818,-1.0,0,1,0,0,0,0
2026-09-10T10:01:03Z,guardian,1,42,55,0,0,0.0,,0,0,0,0,0,0
2026-09-10T10:01:03Z,thetimes,1,100,55,2,6,0.10909,-0.5,0,3,3,0,0,0
2026-09-10T10:01:03Z,dailymail,1,346,55,1,3,0.05455,1.0,0,0,0,3,0,0
2026-09-10T10:01:03Z,independent,1,105,55,0,0,0.0,,0,0,0,0,0,0
2026-09-10T10:01:03Z,dw,1,44,55,0,0,0.0,,0,0,0,0,0,0
2026-09-10T10:01:03Z,euronews,1,104,55,1,10,0.18182,0.0,0,0,10,0,0,0
2026-09-10T10:01:03Z,lemonde,1,37,55,0,0,0.0,,0,0,0,0,0,0
2026-09-10T10:01:03Z,lefigaro,1,194,55,0,0,0.0,,0,0,0,0,0,0
2026-09-10T10:01:03Z,lacroix,1,122,55,0,0,0.0,,0,0,0,0,0,0
2026-09-10T10:01:03Z,spiegel,1,166,55,0,0,0.0,,0,0,0,0,0,0
2026-09-10T10:01:03Z,bild,1,167,55,0,0,0.0,,0,0,0,0,0,0
2026-09-10T10:01:03Z,faz,1,137,55,0,0,0.0,,0,0,0,0,0,0
2026-09-10T10:01:03Z,tagesschau,1,47,55,0,0,0.0,,0,0,0,0,0,0
2026-09-10T10:01:03Z,elmundo,1,69,55,0,0,0.0,,0,0,0,0,0,0
2026-09-10T10:01:03Z,corriere,1,250,55,0,0,0.0,,0,0,0,0,0,0
2026-09-10T10:01:03Z,ilgiornale,1,58,55,1,3,0.05455,1.0,0,0,0,3,0,0
2026-09-10T10:01:03Z,cbc,1,29,55,0,0,0.0,,0,0,0,0,0,0
2026-09-10T10:01:03Z,globeandmail,1,107,55,0,0,0.0,,0,0,0,0,0,0
2026-09-10T10:01:03Z,abcau,1,75,55,1,1,0.01818,1.0,0,0,0,1,0,0
2026-09-10T10:01:03Z,smh,1,86,55,0,0,0.0,,0,0,0,0,0,0
2026-09-10T10:45:24Z,nyt,1,37,55,0,0,0.0,,0,0,0,0,0,0
2026-09-10T10:45:24Z,usatoday,1,28,55,0,0,0.0,,0,0,0,0,0,0
2026-09-10T10:45:24Z,nypost,1,172,55,0,0,0.0,,0,0,0,0,0,0
2026-09-10T10:45:24Z,cnn,1,52,55,0,0,0.0,,0,0,0,0,0,0
2026-09-10T10:45:24Z,foxnews,1,130,55,0,0,0.0,,0,0,0,0,0,0
2026-09-10T10:45:24Z,nbcnews,1,60,55,0,0,0.0,,0,0,0,0,0,0
2026-09-10T10:45:24Z,newsweek,1,78,55,0,0,0.0,,0,0,0,0,0,0
2026-09-10T10:45:24Z,csmonitor,1,63,55,2,6,0.10909,0.5,0,0,3,3,0,0
2026-09-10T10:45:24Z,washexaminer,1,47,55,0,0,0.0,,0,0,0,0,0,0
2026-09-10T10:45:24Z,bbc,1,31,55,1,1,0.01818,-1.0,0,1,0,0,0,0
2026-09-10T10:45:24Z,guardian,1,42,55,0,0,0.0,,0,0,0,0,0,0
2026-09-10T10:45:24Z,thetimes,1,95,55,2,6,0.10909,-0.5,0,3,3,0,0,0
2026-09-10T10:45:24Z,dailymail,1,355,55,0,0,0.0,,0,0,0,0,0,0
2026-09-10T10:45:24Z,independent,1,106,55,0,0,0.0,,0,0,0,0,0,0
2026-09-10T10:45:24Z,dw,1,47,55,0,0,0.0,,0,0,0,0,0,0
2026-09-10T10:45:24Z,euronews,1,104,55,1,10,0.18182,0.0,0,0,10,0,0,0
2026-09-10T10:45:24Z,lemonde,1,38,55,0,0,0.0,,0,0,0,0,0,0
2026-09-10T10:45:24Z,lefigaro,1,192,55,0,0,0.0,,0,0,0,0,0,0
2026-09-10T10:45:24Z,lacroix,1,125,55,2,15,0.27273,-1.0,0,15,0,0,0,0
2026-09-10T10:45:24Z,spiegel,1,164,55,0,0,0.0,,0,0,0,0,0,0
2026-09-10T10:45:24Z,bild,1,166,55,0,0,0.0,,0,0,0,0,0,0
2026-09-10T10:45:24Z,faz,1,137,55,0,0,0.0,,0,0,0,0,0,0
2026-09-10T10:45:24Z,tagesschau,1,48,55,0,0,0.0,,0,0,0,0,0,0
2026-09-10T10:45:24Z,elmundo,1,70,55,0,0,0.0,,0,0,0,0,0,0
2026-09-10T10:45:24Z,corriere,1,245,55,0,0,0.0,,0,0,0,0,0,0
2026-09-10T10:45:24Z,ilgiornale,1,60,55,1,1,0.01818,1.0,0,0,0,1,0,0
2026-09-10T10:45:24Z,cbc,1,29,55,0,0,0.0,,0,0,0,0,0,0
2026-09-10T10:45:24Z,globeandmail,1,105,55,0,0,0.0,,0,0,0,0,0,0
2026-09-10T10:45:24Z,abcau,1,77,55,0,0,0.0,,0,0,0,0,0,0
2026-09-10T10:45:24Z,smh,1,87,55,0,0,0.0,,0,0,0,0,0,0
2026-09-10T11:12:35Z,nyt,1,37,55,0,0,0.0,,0,0,0,0,0,0
2026-09-10T11:12:35Z,usatoday,1,28,55,0,0,0.0,,0,0,0,0,0,0
2026-09-10T11:12:35Z,nypost,1,172,55,0,0,0.0,,0,0,0,0,0,0
2026-09-10T11:12:35Z,cnn,1,52,55,0,0,0.0,,0,0,0,0,0,0
2026-09-10T11:12:35Z,foxnews,1,131,55,0,0,0.0,,0,0,0,0,0,0
2026-09-10T11:12:35Z,nbcnews,1,61,55,0,0,0.0,,0,0,0,0,0,0
2026-09-10T11:12:35Z,newsweek,1,78,55,0,0,0.0,,0,0,0,0,0,0
2026-09-10T11:12:35Z,csmonitor,1,63,55,2,6,0.10909,0.5,0,0,3,3,0,0
2026-09-10T11:12:35Z,washexaminer,1,47,55,0,0,0.0,,0,0,0,0,0,0
2026-09-10T11:12:35Z,bbc,1,30,55,1,1,0.01818,-1.0,0,1,0,0,0,0
2026-09-10T11:12:35Z,guardian,1,43,55,0,0,0.0,,0,0,0,0,0,0
2026-09-10T11:12:35Z,thetimes,1,95,55,2,6,0.10909,-0.5,0,3,3,0,0,0
2026-09-10T11:12:35Z,dailymail,1,362,55,0,0,0.0,,0,0,0,0,0,0
2026-09-10T11:12:35Z,independent,1,106,55,0,0,0.0,,0,0,0,0,0,0
2026-09-10T11:12:35Z,dw,1,48,55,0,0,0.0,,0,0,0,0,0,0
2026-09-10T11:12:35Z,euronews,1,104,55,1,10,0.18182,0.0,0,0,10,0,0,0
2026-09-10T11:12:35Z,lemonde,1,37,55,0,0,0.0,,0,0,0,0,0,0
2026-09-10T11:12:35Z,lefigaro,1,193,55,0,0,0.0,,0,0,0,0,0,0
2026-09-10T11:12:35Z,lacroix,1,123,55,2,10,0.18182,-1.0,0,10,0,0,0,0
2026-09-10T11:12:35Z,spiegel,1,164,55,0,0,0.0,,0,0,0,0,0,0
2026-09-10T11:12:35Z,bild,1,166,55,0,0,0.0,,0,0,0,0,0,0
2026-09-10T11:12:35Z,faz,1,137,55,0,0,0.0,,0,0,0,0,0,0
2026-09-10T11:12:35Z,tagesschau,1,47,55,0,0,0.0,,0,0,0,0,0,0
2026-09-10T11:12:35Z,elmundo,1,67,55,0,0,0.0,,0,0,0,0,0,0
2026-09-10T11:12:35Z,corriere,1,245,55,0,0,0.0,,0,0,0,0,0,0
2026-09-10T11:12:35Z,ilgiornale,1,73,55,0,0,0.0,,0,0,0,0,0,0
2026-09-10T11:12:35Z,cbc,1,29,55,0,0,0.0,,0,0,0,0,0,0
2026-09-10T11:12:35Z,globeandmail,1,106,55,0,0,0.0,,0,0,0,0,0,0
2026-09-10T11:12:35Z,abcau,1,77,55,0,0,0.0,,0,0,0,0,0,0
2026-09-10T11:12:35Z,smh,1,88,55,0,0,0.0,,0,0,0,0,0,0
2026-09-10T11:45:24Z,nyt,1,37,55,0,0,0.0,,0,0,0,0,0,0
2026-09-10T11:45:24Z,usatoday,1,28,55,0,0,0.0,,0,0,0,0,0,0
2026-09-10T11:45:24Z,nypost,1,173,55,1,1,0.01818,1.0,0,0,0,1,0,0
2026-09-10T11:45:24Z,cnn,1,54,55,0,0,0.0,,0,0,0,0,0,0
2026-09-10T11:45:24Z,foxnews,1,131,55,0,0,0.0,,0,0,0,0,0,0
2026-09-10T11:45:24Z,nbcnews,1,64,55,0,0,0.0,,0,0,0,0,0,0
2026-09-10T11:45:24Z,newsweek,1,78,55,0,0,0.0,,0,0,0,0,0,0
2026-09-10T11:45:24Z,csmonitor,1,63,55,2,6,0.10909,0.5,0,0,3,3,0,0
2026-09-10T11:45:24Z,washexaminer,1,44,55,0,0,0.0,,0,0,0,0,0,0
2026-09-10T11:45:24Z,bbc,1,30,55,1,1,0.01818,-1.0,0,1,0,0,0,0
2026-09-10T11:45:24Z,guardian,1,41,55,2,10,0.18182,-1.0,0,10,0,0,0,0
2026-09-10T11:45:24Z,thetimes,1,94,55,2,6,0.10909,-0.5,0,3,3,0,0,0
2026-09-10T11:45:24Z,dailymail,1,367,55,0,0,0.0,,0,0,0,0,0,0
2026-09-10T11:45:24Z,independent,1,106,55,0,0,0.0,,0,0,0,0,0,0
2026-09-10T11:45:24Z,dw,1,48,55,0,0,0.0,,0,0,0,0,0,0
2026-09-10T11:45:24Z,euronews,1,104,55,1,10,0.18182,0.0,0,0,10,0,0,0
2026-09-10T11:45:24Z,lemonde,1,37,55,0,0,0.0,,0,0,0,0,0,0
2026-09-10T11:45:24Z,lefigaro,1,195,55,0,0,0.0,,0,0,0,0,0,0
2026-09-10T11:45:24Z,lacroix,1,128,55,2,6,0.10909,-1.0,0,6,0,0,0,0
2026-09-10T11:45:24Z,spiegel,1,164,55,0,0,0.0,,0,0,0,0,0,0
2026-09-10T11:45:24Z,bild,1,168,55,0,0,0.0,,0,0,0,0,0,0
2026-09-10T11:45:24Z,faz,1,137,55,0,0,0.0,,0,0,0,0,0,0
2026-09-10T11:45:24Z,tagesschau,1,48,55,0,0,0.0,,0,0,0,0,0,0
2026-09-10T11:45:24Z,elmundo,1,65,55,0,0,0.0,,0,0,0,0,0,0
2026-09-10T11:45:24Z,corriere,1,252,55,0,0,0.0,,0,0,0,0,0,0
2026-09-10T11:45:24Z,ilgiornale,1,75,55,0,0,0.0,,0,0,0,0,0,0
2026-09-10T11:45:24Z,cbc,1,29,55,0,0,0.0,,0,0,0,0,0,0
2026-09-10T11:45:24Z,globeandmail,1,106,55,0,0,0.0,,0,0,0,0,0,0
2026-09-10T11:45:24Z,abcau,1,77,55,0,0,0.0,,0,0,0,0,0,0
2026-09-10T11:45:24Z,smh,1,88,55,0,0,0.0,,0,0,0,0,0,0
2026-09-10T12:45:27Z,nyt,1,38,55,0,0,0.0,,0,0,0,0,0,0
2026-09-10T12:45:27Z,usatoday,1,28,55,0,0,0.0,,0,0,0,0,0,0
2026-09-10T12:45:27Z,nypost,1,137,55,0,0,0.0,,0,0,0,0,0,0
2026-09-10T12:45:27Z,cnn,1,54,55,0,0,0.0,,0,0,0,0,0,0
2026-09-10T12:45:27Z,foxnews,1,136,55,0,0,0.0,,0,0,0,0,0,0
2026-09-10T12:45:27Z,nbcnews,1,68,55,0,0,0.0,,0,0,0,0,0,0
2026-09-10T12:45:27Z,newsweek,1,78,55,0,0,0.0,,0,0,0,0,0,0
2026-09-10T12:45:27Z,csmonitor,1,63,55,2,6,0.10909,0.5,0,0,3,3,0,0
2026-09-10T12:45:27Z,washexaminer,1,44,55,0,0,0.0,,0,0,0,0,0,0
2026-09-10T12:45:27Z,bbc,1,30,55,1,1,0.01818,-1.0,0,1,0,0,0,0
2026-09-10T12:45:27Z,guardian,1,43,55,2,10,0.18182,-1.0,0,10,0,0,0,0
2026-09-10T12:45:27Z,thetimes,1,93,55,0,0,0.0,,0,0,0,0,0,0
2026-09-10T12:45:27Z,dailymail,1,386,55,0,0,0.0,,0,0,0,0,0,0
2026-09-10T12:45:27Z,independent,1,101,55,0,0,0.0,,0,0,0,0,0,0
2026-09-10T12:45:27Z,dw,1,47,55,0,0,0.0,,0,0,0,0,0,0
2026-09-10T12:45:27Z,euronews,1,103,55,1,10,0.18182,0.0,0,0,10,0,0,0
2026-09-10T12:45:27Z,lemonde,1,37,55,0,0,0.0,,0,0,0,0,0,0
2026-09-10T12:45:27Z,lefigaro,1,200,55,0,0,0.0,,0,0,0,0,0,0
2026-09-10T12:45:27Z,lacroix,1,127,55,1,3,0.05455,-1.0,0,3,0,0,0,0
2026-09-10T12:45:27Z,spiegel,1,167,55,0,0,0.0,,0,0,0,0,0,0
2026-09-10T12:45:27Z,bild,1,166,55,0,0,0.0,,0,0,0,0,0,0
2026-09-10T12:45:27Z,faz,1,137,55,0,0,0.0,,0,0,0,0,0,0
2026-09-10T12:45:27Z,tagesschau,1,51,55,0,0,0.0,,0,0,0,0,0,0
2026-09-10T12:45:27Z,elmundo,1,67,55,0,0,0.0,,0,0,0,0,0,0
2026-09-10T12:45:27Z,corriere,1,250,55,0,0,0.0,,0,0,0,0,0,0
2026-09-10T12:45:27Z,ilgiornale,1,79,55,0,0,0.0,,0,0,0,0,0,0
2026-09-10T12:45:27Z,cbc,1,31,55,0,0,0.0,,0,0,0,0,0,0
2026-09-10T12:45:27Z,globeandmail,1,105,55,0,0,0.0,,0,0,0,0,0,0
2026-09-10T12:45:27Z,abcau,1,78,55,0,0,0.0,,0,0,0,0,0,0
2026-09-10T12:45:27Z,smh,1,88,55,0,0,0.0,,0,0,0,0,0,0
2026-09-10T13:45:28Z,nyt,1,39,55,0,0,0.0,,0,0,0,0,0,0
2026-09-10T13:45:28Z,usatoday,1,28,55,0,0,0.0,,0,0,0,0,0,0
2026-09-10T13:45:28Z,nypost,1,135,55,0,0,0.0,,0,0,0,0,0,0
2026-09-10T13:45:28Z,cnn,1,54,55,0,0,0.0,,0,0,0,0,0,0
2026-09-10T13:45:28Z,foxnews,1,136,55,0,0,0.0,,0,0,0,0,0,0
2026-09-10T13:45:28Z,nbcnews,1,68,55,0,0,0.0,,0,0,0,0,0,0
2026-09-10T13:45:28Z,newsweek,1,77,55,0,0,0.0,,0,0,0,0,0,0
2026-09-10T13:45:28Z,csmonitor,1,63,55,2,6,0.10909,0.5,0,0,3,3,0,0
2026-09-10T13:45:28Z,washexaminer,1,47,55,0,0,0.0,,0,0,0,0,0,0
2026-09-10T13:45:28Z,bbc,1,29,55,1,1,0.01818,-1.0,0,1,0,0,0,0
2026-09-10T13:45:28Z,guardian,1,45,55,2,10,0.18182,-1.0,0,10,0,0,0,0
2026-09-10T13:45:28Z,thetimes,1,93,55,0,0,0.0,,0,0,0,0,0,0
2026-09-10T13:45:28Z,dailymail,1,393,55,0,0,0.0,,0,0,0,0,0,0
2026-09-10T13:45:28Z,independent,1,106,55,0,0,0.0,,0,0,0,0,0,0
2026-09-10T13:45:28Z,dw,1,48,55,0,0,0.0,,0,0,0,0,0,0
2026-09-10T13:45:28Z,euronews,1,103,55,1,10,0.18182,0.0,0,0,10,0,0,0
2026-09-10T13:45:28Z,lemonde,1,37,55,0,0,0.0,,0,0,0,0,0,0
2026-09-10T13:45:28Z,lefigaro,1,202,55,0,0,0.0,,0,0,0,0,0,0
2026-09-10T13:45:28Z,lacroix,1,125,55,1,3,0.05455,-1.0,0,3,0,0,0,0
2026-09-10T13:45:28Z,spiegel,1,169,55,0,0,0.0,,0,0,0,0,0,0
2026-09-10T13:45:28Z,bild,1,166,55,0,0,0.0,,0,0,0,0,0,0
2026-09-10T13:45:28Z,faz,1,138,55,0,0,0.0,,0,0,0,0,0,0
2026-09-10T13:45:28Z,tagesschau,1,51,55,0,0,0.0,,0,0,0,0,0,0
2026-09-10T13:45:28Z,elmundo,1,61,55,0,0,0.0,,0,0,0,0,0,0
2026-09-10T13:45:28Z,corriere,1,252,55,0,0,0.0,,0,0,0,0,0,0
2026-09-10T13:45:28Z,ilgiornale,1,79,55,0,0,0.0,,0,0,0,0,0,0
2026-09-10T13:45:28Z,cbc,1,27,55,0,0,0.0,,0,0,0,0,0,0
2026-09-10T13:45:28Z,globeandmail,1,108,55,0,0,0.0,,0,0,0,0,0,0
2026-09-10T13:45:28Z,abcau,1,77,55,1,3,0.05455,-1.0,0,3,0,0,0,0
2026-09-10T13:45:28Z,smh,1,88,55,0,0,0.0,,0,0,0,0,0,0
2026-09-10T14:37:34Z,nyt,1,37,55,0,0,0.0,,0,0,0,0,0,0
2026-09-10T14:37:34Z,usatoday,1,29,55,0,0,0.0,,0,0,0,0,0,0
2026-09-10T14:37:34Z,nypost,1,177,55,0,0,0.0,,0,0,0,0,0,0
2026-09-10T14:37:34Z,cnn,1,56,55,0,0,0.0,,0,0,0,0,0,0
2026-09-10T14:37:34Z,foxnews,1,137,55,0,0,0.0,,0,0,0,0,0,0
2026-09-10T14:37:34Z,nbcnews,1,64,55,0,0,0.0,,0,0,0,0,0,0
2026-09-10T14:37:34Z,newsweek,1,78,55,0,0,0.0,,0,0,0,0,0,0
2026-09-10T14:37:34Z,csmonitor,1,63,55,2,6,0.10909,0.5,0,0,3,3,0,0
2026-09-10T14:37:34Z,washexaminer,1,48,55,0,0,0.0,,0,0,0,0,0,0
2026-09-10T14:37:34Z,bbc,1,28,55,1,1,0.01818,-1.0,0,1,0,0,0,0
2026-09-10T14:37:34Z,guardian,1,48,55,2,10,0.18182,-1.0,0,10,0,0,0,0
2026-09-10T14:37:34Z,thetimes,1,92,55,0,0,0.0,,0,0,0,0,0,0
2026-09-10T14:37:34Z,dailymail,1,379,55,0,0,0.0,,0,0,0,0,0,0
2026-09-10T14:37:34Z,independent,1,94,55,0,0,0.0,,0,0,0,0,0,0
2026-09-10T14:37:34Z,dw,1,49,55,0,0,0.0,,0,0,0,0,0,0
2026-09-10T14:37:34Z,euronews,1,104,55,1,10,0.18182,0.0,0,0,10,0,0,0
2026-09-10T14:37:34Z,lemonde,1,37,55,0,0,0.0,,0,0,0,0,0,0
2026-09-10T14:37:34Z,lefigaro,1,190,55,0,0,0.0,,0,0,0,0,0,0
2026-09-10T14:37:34Z,lacroix,1,125,55,1,5,0.09091,-1.0,0,5,0,0,0,0
2026-09-10T14:37:34Z,spiegel,1,168,55,0,0,0.0,,0,0,0,0,0,0
2026-09-10T14:37:34Z,bild,1,165,55,0,0,0.0,,0,0,0,0,0,0
2026-09-10T14:37:34Z,faz,1,138,55,0,0,0.0,,0,0,0,0,0,0
2026-09-10T14:37:34Z,tagesschau,1,52,55,0,0,0.0,,0,0,0,0,0,0
2026-09-10T14:37:34Z,elmundo,1,62,55,0,0,0.0,,0,0,0,0,0,0
2026-09-10T14:37:34Z,corriere,1,254,55,0,0,0.0,,0,0,0,0,0,0
2026-09-10T14:37:34Z,ilgiornale,1,75,55,0,0,0.0,,0,0,0,0,0,0
2026-09-10T14:37:34Z,cbc,1,29,55,0,0,0.0,,0,0,0,0,0,0
2026-09-10T14:37:34Z,globeandmail,1,105,55,0,0,0.0,,0,0,0,0,0,0
2026-09-10T14:37:34Z,abcau,1,77,55,1,3,0.05455,-1.0,0,3,0,0,0,0
2026-09-10T14:37:34Z,smh,1,89,55,0,0,0.0,,0,0,0,0,0,0
2026-09-10T14:45:23Z,nyt,1,38,55,0,0,0.0,,0,0,0,0,0,0
2026-09-10T14:45:23Z,usatoday,1,29,55,0,0,0.0,,0,0,0,0,0,0
2026-09-10T14:45:23Z,nypost,1,178,55,0,0,0.0,,0,0,0,0,0,0
2026-09-10T14:45:23Z,cnn,1,55,55,0,0,0.0,,0,0,0,0,0,0
2026-09-10T14:45:23Z,foxnews,1,136,55,0,0,0.0,,0,0,0,0,0,0
2026-09-10T14:45:23Z,nbcnews,1,63,55,0,0,0.0,,0,0,0,0,0,0
2026-09-10T14:45:23Z,newsweek,1,78,55,0,0,0.0,,0,0,0,0,0,0
2026-09-10T14:45:23Z,csmonitor,1,63,55,2,6,0.10909,0.5,0,0,3,3,0,0
2026-09-10T14:45:23Z,washexaminer,1,47,55,0,0,0.0,,0,0,0,0,0,0
2026-09-10T14:45:23Z,bbc,1,29,55,1,1,0.01818,-1.0,0,1,0,0,0,0
2026-09-10T14:45:23Z,guardian,1,49,55,2,10,0.18182,-1.0,0,10,0,0,0,0
2026-09-10T14:45:23Z,thetimes,1,92,55,0,0,0.0,,0,0,0,0,0,0
2026-09-10T14:45:23Z,dailymail,1,383,55,0,0,0.0,,0,0,0,0,0,0
2026-09-10T14:45:23Z,independent,1,94,55,0,0,0.0,,0,0,0,0,0,0
2026-09-10T14:45:23Z,dw,1,49,55,0,0,0.0,,0,0,0,0,0,0
2026-09-10T14:45:23Z,euronews,1,104,55,1,10,0.18182,0.0,0,0,10,0,0,0
2026-09-10T14:45:23Z,lemonde,1,37,55,0,0,0.0,,0,0,0,0,0,0
2026-09-10T14:45:23Z,lefigaro,1,189,55,0,0,0.0,,0,0,0,0,0,0
2026-09-10T14:45:23Z,lacroix,1,125,55,1,5,0.09091,-1.0,0,5,0,0,0,0
2026-09-10T14:45:23Z,spiegel,1,167,55,0,0,0.0,,0,0,0,0,0,0
2026-09-10T14:45:23Z,bild,1,165,55,0,0,0.0,,0,0,0,0,0,0
2026-09-10T14:45:23Z,faz,1,138,55,0,0,0.0,,0,0,0,0,0,0
2026-09-10T14:45:23Z,tagesschau,1,52,55,0,0,0.0,,0,0,0,0,0,0
2026-09-10T14:45:23Z,elmundo,1,62,55,0,0,0.0,,0,0,0,0,0,0
2026-09-10T14:45:23Z,corriere,1,255,55,0,0,0.0,,0,0,0,0,0,0
2026-09-10T14:45:23Z,ilgiornale,1,75,55,0,0,0.0,,0,0,0,0,0,0
2026-09-10T14:45:23Z,cbc,1,29,55,0,0,0.0,,0,0,0,0,0,0
2026-09-10T14:45:23Z,globeandmail,1,105,55,0,0,0.0,,0,0,0,0,0,0
2026-09-10T14:45:23Z,abcau,1,77,55,1,3,0.05455,-1.0,0,3,0,0,0,0
2026-09-10T14:45:23Z,smh,1,89,55,0,0,0.0,,0,0,0,0,0,0
2026-09-10T15:45:24Z,nyt,1,40,55,0,0,0.0,,0,0,0,0,0,0
2026-09-10T15:45:24Z,usatoday,1,29,55,0,0,0.0,,0,0,0,0,0,0
2026-09-10T15:45:24Z,nypost,1,175,55,0,0,0.0,,0,0,0,0,0,0
2026-09-10T15:45:24Z,cnn,1,55,55,0,0,0.0,,0,0,0,0,0,0
2026-09-10T15:45:24Z,foxnews,1,135,55,0,0,0.0,,0,0,0,0,0,0
2026-09-10T15:45:24Z,nbcnews,1,61,55,0,0,0.0,,0,0,0,0,0,0
2026-09-10T15:45:24Z,newsweek,1,78,55,0,0,0.0,,0,0,0,0,0,0
2026-09-10T15:45:24Z,csmonitor,1,63,55,2,6,0.10909,0.5,0,0,3,3,0,0
2026-09-10T15:45:24Z,washexaminer,1,46,55,0,0,0.0,,0,0,0,0,0,0
2026-09-10T15:45:24Z,bbc,1,29,55,1,1,0.01818,-1.0,0,1,0,0,0,0
2026-09-10T15:45:24Z,guardian,1,45,55,2,8,0.14545,-1.0,0,8,0,0,0,0
2026-09-10T15:45:24Z,thetimes,1,93,55,0,0,0.0,,0,0,0,0,0,0
2026-09-10T15:45:24Z,dailymail,1,391,55,0,0,0.0,,0,0,0,0,0,0
2026-09-10T15:45:24Z,independent,1,97,55,0,0,0.0,,0,0,0,0,0,0
2026-09-10T15:45:24Z,dw,1,44,55,0,0,0.0,,0,0,0,0,0,0
2026-09-10T15:45:24Z,euronews,1,104,55,1,10,0.18182,0.0,0,0,10,0,0,0
2026-09-10T15:45:24Z,lemonde,1,39,55,0,0,0.0,,0,0,0,0,0,0
2026-09-10T15:45:24Z,lefigaro,1,200,55,0,0,0.0,,0,0,0,0,0,0
2026-09-10T15:45:24Z,lacroix,1,123,55,2,10,0.18182,-0.5,0,5,5,0,0,0
2026-09-10T15:45:24Z,spiegel,1,168,55,0,0,0.0,,0,0,0,0,0,0
2026-09-10T15:45:24Z,bild,1,165,55,0,0,0.0,,0,0,0,0,0,0
2026-09-10T15:45:24Z,faz,1,141,55,0,0,0.0,,0,0,0,0,0,0
2026-09-10T15:45:24Z,tagesschau,1,53,55,0,0,0.0,,0,0,0,0,0,0
2026-09-10T15:45:24Z,elmundo,1,62,55,0,0,0.0,,0,0,0,0,0,0
2026-09-10T15:45:24Z,corriere,1,257,55,0,0,0.0,,0,0,0,0,0,0
2026-09-10T15:45:24Z,ilgiornale,1,75,55,0,0,0.0,,0,0,0,0,0,0
2026-09-10T15:45:24Z,cbc,1,27,55,0,0,0.0,,0,0,0,0,0,0
2026-09-10T15:45:24Z,globeandmail,1,107,55,0,0,0.0,,0,0,0,0,0,0
2026-09-10T15:45:24Z,abcau,1,77,55,1,3,0.05455,-1.0,0,3,0,0,0,0
2026-09-10T15:45:24Z,smh,1,89,55,0,0,0.0,,0,0,0,0,0,0
2026-09-10T16:20:53Z,nyt,1,37,55,0,0,0.0,,0,0,0,0,0,0
2026-09-10T16:20:53Z,usatoday,1,29,55,0,0,0.0,,0,0,0,0,0,0
2026-09-10T16:20:53Z,nypost,1,179,55,0,0,0.0,,0,0,0,0,0,0
2026-09-10T16:20:53Z,cnn,1,55,55,0,0,0.0,,0,0,0,0,0,0
2026-09-10T16:20:53Z,foxnews,1,135,55,0,0,0.0,,0,0,0,0,0,0
2026-09-10T16:20:53Z,nbcnews,1,61,55,0,0,0.0,,0,0,0,0,0,0
2026-09-10T16:20:53Z,newsweek,1,78,55,0,0,0.0,,0,0,0,0,0,0
2026-09-10T16:20:53Z,csmonitor,1,63,55,2,6,0.10909,0.5,0,0,3,3,0,0
2026-09-10T16:20:53Z,washexaminer,1,43,55,0,0,0.0,,0,0,0,0,0,0
2026-09-10T16:20:53Z,bbc,1,32,55,0,0,0.0,,0,0,0,0,0,0
2026-09-10T16:20:53Z,guardian,1,42,55,2,8,0.14545,-1.0,0,8,0,0,0,0
2026-09-10T16:20:53Z,thetimes,1,96,55,0,0,0.0,,0,0,0,0,0,0
2026-09-10T16:20:53Z,dailymail,1,394,55,0,0,0.0,,0,0,0,0,0,0
2026-09-10T16:20:53Z,independent,1,97,55,0,0,0.0,,0,0,0,0,0,0
2026-09-10T16:20:53Z,dw,1,44,55,0,0,0.0,,0,0,0,0,0,0
2026-09-10T16:20:53Z,euronews,1,104,55,1,10,0.18182,0.0,0,0,10,0,0,0
2026-09-10T16:20:53Z,lemonde,1,39,55,0,0,0.0,,0,0,0,0,0,0
2026-09-10T16:20:53Z,lefigaro,1,195,55,0,0,0.0,,0,0,0,0,0,0
2026-09-10T16:20:53Z,lacroix,1,121,55,2,8,0.14545,-0.375,0,3,5,0,0,0
2026-09-10T16:20:53Z,spiegel,1,167,55,0,0,0.0,,0,0,0,0,0,0
2026-09-10T16:20:53Z,bild,1,164,55,0,0,0.0,,0,0,0,0,0,0
2026-09-10T16:20:53Z,faz,1,141,55,0,0,0.0,,0,0,0,0,0,0
2026-09-10T16:20:53Z,tagesschau,1,52,55,0,0,0.0,,0,0,0,0,0,0
2026-09-10T16:20:53Z,elmundo,1,62,55,0,0,0.0,,0,0,0,0,0,0
2026-09-10T16:20:53Z,corriere,1,257,55,0,0,0.0,,0,0,0,0,0,0
2026-09-10T16:20:53Z,ilgiornale,1,65,55,0,0,0.0,,0,0,0,0,0,0
2026-09-10T16:20:53Z,cbc,1,30,55,0,0,0.0,,0,0,0,0,0,0
2026-09-10T16:20:53Z,globeandmail,1,109,55,0,0,0.0,,0,0,0,0,0,0
2026-09-10T16:20:53Z,abcau,1,77,55,1,3,0.05455,-1.0,0,3,0,0,0,0
2026-09-10T16:20:53Z,smh,1,89,55,0,0,0.0,,0,0,0,0,0,0
2026-09-10T16:45:30Z,nyt,1,39,55,0,0,0.0,,0,0,0,0,0,0
2026-09-10T16:45:30Z,usatoday,1,29,55,0,0,0.0,,0,0,0,0,0,0
2026-09-10T16:45:30Z,nypost,1,174,55,0,0,0.0,,0,0,0,0,0,0
2026-09-10T16:45:30Z,cnn,1,55,55,0,0,0.0,,0,0,0,0,0,0
2026-09-10T16:45:30Z,foxnews,1,134,55,0,0,0.0,,0,0,0,0,0,0
2026-09-10T16:45:30Z,nbcnews,1,62,55,0,0,0.0,,0,0,0,0,0,0
2026-09-10T16:45:30Z,newsweek,1,78,55,0,0,0.0,,0,0,0,0,0,0
2026-09-10T16:45:30Z,csmonitor,1,63,55,2,6,0.10909,0.5,0,0,3,3,0,0
2026-09-10T16:45:30Z,washexaminer,1,43,55,0,0,0.0,,0,0,0,0,0,0
2026-09-10T16:45:30Z,bbc,1,32,55,1,3,0.05455,0.0,0,0,3,0,0,0
2026-09-10T16:45:30Z,guardian,1,41,55,2,8,0.14545,-1.0,0,8,0,0,0,0
2026-09-10T16:45:30Z,thetimes,1,95,55,0,0,0.0,,0,0,0,0,0,0
2026-09-10T16:45:30Z,dailymail,1,373,55,0,0,0.0,,0,0,0,0,0,0
2026-09-10T16:45:30Z,independent,1,100,55,0,0,0.0,,0,0,0,0,0,0
2026-09-10T16:45:30Z,dw,1,44,55,0,0,0.0,,0,0,0,0,0,0
2026-09-10T16:45:30Z,euronews,1,102,55,1,10,0.18182,0.0,0,0,10,0,0,0
2026-09-10T16:45:30Z,lemonde,1,39,55,0,0,0.0,,0,0,0,0,0,0
2026-09-10T16:45:30Z,lefigaro,1,192,55,0,0,0.0,,0,0,0,0,0,0
2026-09-10T16:45:30Z,lacroix,1,122,55,2,6,0.10909,-0.5,0,3,3,0,0,0
2026-09-10T16:45:30Z,spiegel,1,170,55,0,0,0.0,,0,0,0,0,0,0
2026-09-10T16:45:30Z,bild,1,164,55,0,0,0.0,,0,0,0,0,0,0
2026-09-10T16:45:30Z,faz,1,141,55,0,0,0.0,,0,0,0,0,0,0
2026-09-10T16:45:30Z,tagesschau,1,53,55,0,0,0.0,,0,0,0,0,0,0
2026-09-10T16:45:30Z,elmundo,1,64,55,0,0,0.0,,0,0,0,0,0,0
2026-09-10T16:45:30Z,corriere,1,260,55,0,0,0.0,,0,0,0,0,0,0
2026-09-10T16:45:30Z,ilgiornale,1,64,55,0,0,0.0,,0,0,0,0,0,0
2026-09-10T16:45:30Z,cbc,1,29,55,0,0,0.0,,0,0,0,0,0,0
2026-09-10T16:45:30Z,globeandmail,1,110,55,0,0,0.0,,0,0,0,0,0,0
2026-09-10T16:45:30Z,abcau,1,77,55,1,3,0.05455,-1.0,0,3,0,0,0,0
2026-09-10T16:45:30Z,smh,1,89,55,0,0,0.0,,0,0,0,0,0,0
2026-09-10T17:45:24Z,nyt,1,41,55,0,0,0.0,,0,0,0,0,0,0
2026-09-10T17:45:24Z,usatoday,1,29,55,0,0,0.0,,0,0,0,0,0,0
2026-09-10T17:45:24Z,nypost,1,177,55,0,0,0.0,,0,0,0,0,0,0
2026-09-10T17:45:24Z,cnn,1,55,55,0,0,0.0,,0,0,0,0,0,0
2026-09-10T17:45:24Z,foxnews,1,134,55,0,0,0.0,,0,0,0,0,0,0
2026-09-10T17:45:24Z,nbcnews,1,60,55,0,0,0.0,,0,0,0,0,0,0
2026-09-10T17:45:24Z,newsweek,1,80,55,0,0,0.0,,0,0,0,0,0,0
2026-09-10T17:45:24Z,csmonitor,1,64,55,1,3,0.05455,0.0,0,0,3,0,0,0
2026-09-10T17:45:24Z,washexaminer,1,47,55,0,0,0.0,,0,0,0,0,0,0
2026-09-10T17:45:24Z,bbc,1,33,55,1,3,0.05455,0.0,0,0,3,0,0,0
2026-09-10T17:45:24Z,guardian,1,43,55,2,8,0.14545,-1.0,0,8,0,0,0,0
2026-09-10T17:45:24Z,thetimes,1,97,55,0,0,0.0,,0,0,0,0,0,0
2026-09-10T17:45:24Z,dailymail,1,384,55,0,0,0.0,,0,0,0,0,0,0
2026-09-10T17:45:24Z,independent,1,90,55,0,0,0.0,,0,0,0,0,0,0
2026-09-10T17:45:24Z,dw,1,45,55,0,0,0.0,,0,0,0,0,0,0
2026-09-10T17:45:24Z,euronews,1,103,55,1,10,0.18182,0.0,0,0,10,0,0,0
2026-09-10T17:45:24Z,lemonde,1,38,55,0,0,0.0,,0,0,0,0,0,0
2026-09-10T17:45:24Z,lefigaro,1,201,55,0,0,0.0,,0,0,0,0,0,0
2026-09-10T17:45:24Z,lacroix,1,123,55,0,0,0.0,,0,0,0,0,0,0
2026-09-10T17:45:24Z,spiegel,1,171,55,0,0,0.0,,0,0,0,0,0,0
2026-09-10T17:45:24Z,bild,1,164,55,0,0,0.0,,0,0,0,0,0,0
2026-09-10T17:45:24Z,faz,1,141,55,0,0,0.0,,0,0,0,0,0,0
2026-09-10T17:45:24Z,tagesschau,1,53,55,0,0,0.0,,0,0,0,0,0,0
2026-09-10T17:45:24Z,elmundo,1,63,55,0,0,0.0,,0,0,0,0,0,0
2026-09-10T17:45:24Z,corriere,1,260,55,0,0,0.0,,0,0,0,0,0,0
2026-09-10T17:45:24Z,ilgiornale,1,65,55,0,0,0.0,,0,0,0,0,0,0
2026-09-10T17:45:24Z,cbc,1,29,55,0,0,0.0,,0,0,0,0,0,0
2026-09-10T17:45:24Z,globeandmail,1,107,55,0,0,0.0,,0,0,0,0,0,0
2026-09-10T17:45:24Z,abcau,1,77,55,1,3,0.05455,-1.0,0,3,0,0,0,0
2026-09-10T17:45:24Z,smh,1,89,55,0,0,0.0,,0,0,0,0,0,0
2026-09-10T18:40:07Z,nyt,1,40,55,0,0,0.0,,0,0,0,0,0,0
2026-09-10T18:40:07Z,usatoday,1,29,55,0,0,0.0,,0,0,0,0,0,0
2026-09-10T18:40:07Z,nypost,1,175,55,0,0,0.0,,0,0,0,0,0,0
2026-09-10T18:40:07Z,cnn,1,55,55,0,0,0.0,,0,0,0,0,0,0
2026-09-10T18:40:07Z,foxnews,1,139,55,0,0,0.0,,0,0,0,0,0,0
2026-09-10T18:40:07Z,nbcnews,1,58,55,0,0,0.0,,0,0,0,0,0,0
2026-09-10T18:40:07Z,newsweek,1,80,55,0,0,0.0,,0,0,0,0,0,0
2026-09-10T18:40:07Z,csmonitor,1,64,55,0,0,0.0,,0,0,0,0,0,0
2026-09-10T18:40:07Z,washexaminer,1,44,55,0,0,0.0,,0,0,0,0,0,0
2026-09-10T18:40:07Z,bbc,1,37,55,1,3,0.05455,0.0,0,0,3,0,0,0
2026-09-10T18:40:07Z,guardian,1,44,55,2,8,0.14545,-1.0,0,8,0,0,0,0
2026-09-10T18:40:07Z,thetimes,1,97,55,0,0,0.0,,0,0,0,0,0,0
2026-09-10T18:40:07Z,dailymail,1,387,55,0,0,0.0,,0,0,0,0,0,0
2026-09-10T18:40:07Z,independent,1,94,55,0,0,0.0,,0,0,0,0,0,0
2026-09-10T18:40:07Z,dw,1,44,55,1,1,0.01818,0.0,0,0,1,0,0,0
2026-09-10T18:40:07Z,euronews,1,103,55,1,10,0.18182,0.0,0,0,10,0,0,0
2026-09-10T18:40:07Z,lemonde,1,38,55,0,0,0.0,,0,0,0,0,0,0
2026-09-10T18:40:07Z,lefigaro,1,196,55,0,0,0.0,,0,0,0,0,0,0
2026-09-10T18:40:07Z,lacroix,1,124,55,0,0,0.0,,0,0,0,0,0,0
2026-09-10T18:40:07Z,spiegel,1,174,55,0,0,0.0,,0,0,0,0,0,0
2026-09-10T18:40:07Z,bild,1,166,55,0,0,0.0,,0,0,0,0,0,0
2026-09-10T18:40:07Z,faz,1,140,55,0,0,0.0,,0,0,0,0,0,0
2026-09-10T18:40:07Z,tagesschau,1,52,55,0,0,0.0,,0,0,0,0,0,0
2026-09-10T18:40:07Z,elmundo,1,60,55,0,0,0.0,,0,0,0,0,0,0
2026-09-10T18:40:07Z,corriere,1,252,55,0,0,0.0,,0,0,0,0,0,0
2026-09-10T18:40:07Z,ilgiornale,1,67,55,0,0,0.0,,0,0,0,0,0,0
2026-09-10T18:40:07Z,cbc,1,29,55,0,0,0.0,,0,0,0,0,0,0
2026-09-10T18:40:07Z,globeandmail,1,105,55,0,0,0.0,,0,0,0,0,0,0
2026-09-10T18:40:07Z,abcau,1,78,55,1,3,0.05455,-1.0,0,3,0,0,0,0
2026-09-10T18:40:07Z,smh,1,90,55,0,0,0.0,,0,0,0,0,0,0
2026-09-10T18:45:24Z,nyt,1,40,55,0,0,0.0,,0,0,0,0,0,0
2026-09-10T18:45:24Z,usatoday,1,29,55,0,0,0.0,,0,0,0,0,0,0
2026-09-10T18:45:24Z,nypost,1,174,55,0,0,0.0,,0,0,0,0,0,0
2026-09-10T18:45:24Z,cnn,1,55,55,0,0,0.0,,0,0,0,0,0,0
2026-09-10T18:45:24Z,foxnews,1,137,55,0,0,0.0,,0,0,0,0,0,0
2026-09-10T18:45:24Z,nbcnews,1,58,55,0,0,0.0,,0,0,0,0,0,0
2026-09-10T18:45:24Z,newsweek,1,80,55,0,0,0.0,,0,0,0,0,0,0
2026-09-10T18:45:24Z,csmonitor,1,64,55,0,0,0.0,,0,0,0,0,0,0
2026-09-10T18:45:24Z,washexaminer,1,44,55,0,0,0.0,,0,0,0,0,0,0
2026-09-10T18:45:24Z,bbc,1,36,55,1,3,0.05455,0.0,0,0,3,0,0,0
2026-09-10T18:45:24Z,guardian,1,44,55,2,8,0.14545,-1.0,0,8,0,0,0,0
2026-09-10T18:45:24Z,thetimes,1,96,55,0,0,0.0,,0,0,0,0,0,0
2026-09-10T18:45:24Z,dailymail,1,400,55,0,0,0.0,,0,0,0,0,0,0
2026-09-10T18:45:24Z,independent,1,94,55,0,0,0.0,,0,0,0,0,0,0
2026-09-10T18:45:24Z,dw,1,44,55,1,1,0.01818,0.0,0,0,1,0,0,0
2026-09-10T18:45:24Z,euronews,1,103,55,1,10,0.18182,0.0,0,0,10,0,0,0
2026-09-10T18:45:24Z,lemonde,1,38,55,0,0,0.0,,0,0,0,0,0,0
2026-09-10T18:45:24Z,lefigaro,1,196,55,0,0,0.0,,0,0,0,0,0,0
2026-09-10T18:45:24Z,lacroix,1,124,55,0,0,0.0,,0,0,0,0,0,0
2026-09-10T18:45:24Z,spiegel,1,174,55,0,0,0.0,,0,0,0,0,0,0
2026-09-10T18:45:24Z,bild,1,166,55,0,0,0.0,,0,0,0,0,0,0
2026-09-10T18:45:24Z,faz,1,140,55,0,0,0.0,,0,0,0,0,0,0
2026-09-10T18:45:24Z,tagesschau,1,52,55,0,0,0.0,,0,0,0,0,0,0
2026-09-10T18:45:24Z,elmundo,1,61,55,0,0,0.0,,0,0,0,0,0,0
2026-09-10T18:45:24Z,corriere,1,262,55,0,0,0.0,,0,0,0,0,0,0
2026-09-10T18:45:24Z,ilgiornale,1,67,55,0,0,0.0,,0,0,0,0,0,0
2026-09-10T18:45:24Z,cbc,1,29,55,0,0,0.0,,0,0,0,0,0,0
2026-09-10T18:45:24Z,globeandmail,1,105,55,0,0,0.0,,0,0,0,0,0,0
2026-09-10T18:45:24Z,abcau,1,78,55,1,3,0.05455,-1.0,0,3,0,0,0,0
2026-09-10T18:45:24Z,smh,1,90,55,0,0,0.0,,0,0,0,0,0,0
2026-09-10T19:37:33Z,nyt,1,41,55,0,0,0.0,,0,0,0,0,0,0
2026-09-10T19:37:33Z,usatoday,1,28,55,0,0,0.0,,0,0,0,0,0,0
2026-09-10T19:37:33Z,nypost,1,173,55,1,1,0.01818,1.0,0,0,0,1,0,0
2026-09-10T19:37:33Z,cnn,1,57,55,0,0,0.0,,0,0,0,0,0,0
2026-09-10T19:37:33Z,foxnews,1,134,55,0,0,0.0,,0,0,0,0,0,0
2026-09-10T19:37:33Z,nbcnews,1,57,55,0,0,0.0,,0,0,0,0,0,0
2026-09-10T19:37:33Z,newsweek,1,80,55,0,0,0.0,,0,0,0,0,0,0
2026-09-10T19:37:33Z,csmonitor,1,63,55,0,0,0.0,,0,0,0,0,0,0
2026-09-10T19:37:33Z,washexaminer,1,54,55,0,0,0.0,,0,0,0,0,0,0
2026-09-10T19:37:33Z,bbc,1,36,55,1,1,0.01818,0.0,0,0,1,0,0,0
2026-09-10T19:37:33Z,guardian,1,42,55,2,8,0.14545,-1.0,0,8,0,0,0,0
2026-09-10T19:37:33Z,thetimes,1,96,55,0,0,0.0,,0,0,0,0,0,0
2026-09-10T19:37:33Z,dailymail,1,386,55,0,0,0.0,,0,0,0,0,0,0
2026-09-10T19:37:33Z,independent,1,100,55,0,0,0.0,,0,0,0,0,0,0
2026-09-10T19:37:33Z,dw,1,43,55,1,1,0.01818,0.0,0,0,1,0,0,0
2026-09-10T19:37:33Z,euronews,1,103,55,1,10,0.18182,0.0,0,0,10,0,0,0
2026-09-10T19:37:33Z,lemonde,1,37,55,0,0,0.0,,0,0,0,0,0,0
2026-09-10T19:37:33Z,lefigaro,1,198,55,0,0,0.0,,0,0,0,0,0,0
2026-09-10T19:37:33Z,lacroix,1,125,55,0,0,0.0,,0,0,0,0,0,0
2026-09-10T19:37:33Z,spiegel,1,171,55,0,0,0.0,,0,0,0,0,0,0
2026-09-10T19:37:33Z,bild,1,167,55,0,0,0.0,,0,0,0,0,0,0
2026-09-10T19:37:33Z,faz,1,140,55,0,0,0.0,,0,0,0,0,0,0
2026-09-10T19:37:33Z,tagesschau,1,46,55,0,0,0.0,,0,0,0,0,0,0
2026-09-10T19:37:33Z,elmundo,1,60,55,1,1,0.01818,0.0,0,0,1,0,0,0
2026-09-10T19:37:33Z,corriere,1,260,55,0,0,0.0,,0,0,0,0,0,0
2026-09-10T19:37:33Z,ilgiornale,1,68,55,0,0,0.0,,0,0,0,0,0,0
2026-09-10T19:37:33Z,cbc,1,29,55,0,0,0.0,,0,0,0,0,0,0
2026-09-10T19:37:33Z,globeandmail,1,112,55,0,0,0.0,,0,0,0,0,0,0
2026-09-10T19:37:33Z,abcau,1,78,55,1,1,0.01818,-1.0,0,1,0,0,0,0
2026-09-10T19:37:33Z,smh,1,88,55,0,0,0.0,,0,0,0,0,0,0
2026-09-10T19:45:29Z,nyt,1,41,55,0,0,0.0,,0,0,0,0,0,0
2026-09-10T19:45:29Z,usatoday,1,27,55,0,0,0.0,,0,0,0,0,0,0
2026-09-10T19:45:29Z,nypost,1,173,55,1,1,0.01818,1.0,0,0,0,1,0,0
2026-09-10T19:45:29Z,cnn,1,57,55,0,0,0.0,,0,0,0,0,0,0
2026-09-10T19:45:29Z,foxnews,1,134,55,0,0,0.0,,0,0,0,0,0,0
2026-09-10T19:45:29Z,nbcnews,1,57,55,0,0,0.0,,0,0,0,0,0,0
2026-09-10T19:45:29Z,newsweek,1,80,55,0,0,0.0,,0,0,0,0,0,0
2026-09-10T19:45:29Z,csmonitor,1,63,55,0,0,0.0,,0,0,0,0,0,0
2026-09-10T19:45:29Z,washexaminer,1,54,55,0,0,0.0,,0,0,0,0,0,0
2026-09-10T19:45:29Z,bbc,1,37,55,1,1,0.01818,0.0,0,0,1,0,0,0
2026-09-10T19:45:29Z,guardian,1,42,55,2,8,0.14545,-1.0,0,8,0,0,0,0
2026-09-10T19:45:29Z,thetimes,1,96,55,0,0,0.0,,0,0,0,0,0,0
2026-09-10T19:45:29Z,dailymail,1,386,55,0,0,0.0,,0,0,0,0,0,0
2026-09-10T19:45:29Z,independent,1,95,55,0,0,0.0,,0,0,0,0,0,0
2026-09-10T19:45:29Z,dw,1,43,55,1,1,0.01818,0.0,0,0,1,0,0,0
2026-09-10T19:45:29Z,euronews,1,103,55,1,10,0.18182,0.0,0,0,10,0,0,0
2026-09-10T19:45:29Z,lemonde,1,37,55,0,0,0.0,,0,0,0,0,0,0
2026-09-10T19:45:29Z,lefigaro,1,197,55,0,0,0.0,,0,0,0,0,0,0
2026-09-10T19:45:29Z,lacroix,1,125,55,0,0,0.0,,0,0,0,0,0,0
2026-09-10T19:45:29Z,spiegel,1,171,55,0,0,0.0,,0,0,0,0,0,0
2026-09-10T19:45:29Z,bild,1,167,55,0,0,0.0,,0,0,0,0,0,0
2026-09-10T19:45:29Z,faz,1,140,55,0,0,0.0,,0,0,0,0,0,0
2026-09-10T19:45:29Z,tagesschau,1,46,55,0,0,0.0,,0,0,0,0,0,0
2026-09-10T19:45:29Z,elmundo,1,62,55,1,1,0.01818,0.0,0,0,1,0,0,0
2026-09-10T19:45:29Z,corriere,1,263,55,0,0,0.0,,0,0,0,0,0,0
2026-09-10T19:45:29Z,ilgiornale,1,68,55,0,0,0.0,,0,0,0,0,0,0
2026-09-10T19:45:29Z,cbc,1,29,55,0,0,0.0,,0,0,0,0,0,0
2026-09-10T19:45:29Z,globeandmail,1,113,55,0,0,0.0,,0,0,0,0,0,0
2026-09-10T19:45:29Z,abcau,1,79,55,1,1,0.01818,-1.0,0,1,0,0,0,0
2026-09-10T19:45:29Z,smh,1,88,55,0,0,0.0,,0,0,0,0,0,0
2026-09-10T20:45:31Z,nyt,1,40,55,0,0,0.0,,0,0,0,0,0,0
2026-09-10T20:45:31Z,usatoday,1,29,55,0,0,0.0,,0,0,0,0,0,0
2026-09-10T20:45:31Z,nypost,1,174,55,1,1,0.01818,1.0,0,0,0,1,0,0
2026-09-10T20:45:31Z,cnn,1,57,55,0,0,0.0,,0,0,0,0,0,0
2026-09-10T20:45:31Z,foxnews,1,134,55,1,1,0.01818,0.0,0,0,1,0,0,0
2026-09-10T20:45:31Z,nbcnews,1,56,55,0,0,0.0,,0,0,0,0,0,0
2026-09-10T20:45:31Z,newsweek,1,80,55,0,0,0.0,,0,0,0,0,0,0
2026-09-10T20:45:31Z,csmonitor,1,63,55,0,0,0.0,,0,0,0,0,0,0
2026-09-10T20:45:31Z,washexaminer,1,57,55,0,0,0.0,,0,0,0,0,0,0
2026-09-10T20:45:31Z,bbc,1,35,55,0,0,0.0,,0,0,0,0,0,0
2026-09-10T20:45:31Z,guardian,1,44,55,2,8,0.14545,-1.0,0,8,0,0,0,0
2026-09-10T20:45:31Z,thetimes,1,97,55,1,3,0.05455,0.0,0,0,3,0,0,0
2026-09-10T20:45:31Z,dailymail,1,393,55,0,0,0.0,,0,0,0,0,0,0
2026-09-10T20:45:31Z,independent,1,93,55,0,0,0.0,,0,0,0,0,0,0
2026-09-10T20:45:31Z,dw,1,42,55,1,1,0.01818,0.0,0,0,1,0,0,0
2026-09-10T20:45:31Z,euronews,1,102,55,1,10,0.18182,0.0,0,0,10,0,0,0
2026-09-10T20:45:31Z,lemonde,1,36,55,0,0,0.0,,0,0,0,0,0,0
2026-09-10T20:45:31Z,lefigaro,1,191,55,0,0,0.0,,0,0,0,0,0,0
2026-09-10T20:45:31Z,lacroix,1,125,55,0,0,0.0,,0,0,0,0,0,0
2026-09-10T20:45:31Z,spiegel,1,172,55,0,0,0.0,,0,0,0,0,0,0
2026-09-10T20:45:31Z,bild,1,167,55,0,0,0.0,,0,0,0,0,0,0
2026-09-10T20:45:31Z,faz,1,140,55,0,0,0.0,,0,0,0,0,0,0
2026-09-10T20:45:31Z,tagesschau,1,46,55,0,0,0.0,,0,0,0,0,0,0
2026-09-10T20:45:31Z,elmundo,1,63,55,1,1,0.01818,0.0,0,0,1,0,0,0
2026-09-10T20:45:31Z,corriere,1,263,55,0,0,0.0,,0,0,0,0,0,0
2026-09-10T20:45:31Z,ilgiornale,1,69,55,0,0,0.0,,0,0,0,0,0,0
2026-09-10T20:45:31Z,cbc,1,31,55,0,0,0.0,,0,0,0,0,0,0
2026-09-10T20:45:31Z,globeandmail,1,109,55,0,0,0.0,,0,0,0,0,0,0
2026-09-10T20:45:31Z,abcau,1,79,55,1,1,0.01818,-1.0,0,1,0,0,0,0
2026-09-10T20:45:31Z,smh,1,88,55,0,0,0.0,,0,0,0,0,0,0
2026-09-10T20:51:11Z,nyt,1,40,55,0,0,0.0,,0,0,0,0,0,0
2026-09-10T20:51:11Z,usatoday,1,29,55,0,0,0.0,,0,0,0,0,0,0
2026-09-10T20:51:11Z,nypost,1,174,55,1,1,0.01818,1.0,0,0,0,1,0,0
2026-09-10T20:51:11Z,cnn,1,57,55,0,0,0.0,,0,0,0,0,0,0
2026-09-10T20:51:11Z,foxnews,1,132,55,1,1,0.01818,-1.0,0,1,0,0,0,0
2026-09-10T20:51:11Z,nbcnews,1,56,55,0,0,0.0,,0,0,0,0,0,0
2026-09-10T20:51:11Z,newsweek,1,80,55,0,0,0.0,,0,0,0,0,0,0
2026-09-10T20:51:11Z,csmonitor,1,63,55,0,0,0.0,,0,0,0,0,0,0
2026-09-10T20:51:11Z,washexaminer,1,56,55,0,0,0.0,,0,0,0,0,0,0
2026-09-10T20:51:11Z,bbc,1,35,55,0,0,0.0,,0,0,0,0,0,0
2026-09-10T20:51:11Z,guardian,1,44,55,2,8,0.14545,-0.375,0,3,5,0,0,0
2026-09-10T20:51:11Z,thetimes,1,97,55,1,3,0.05455,0.0,0,0,3,0,0,0
2026-09-10T20:51:11Z,dailymail,1,393,55,0,0,0.0,,0,0,0,0,0,0
2026-09-10T20:51:11Z,independent,1,94,55,0,0,0.0,,0,0,0,0,0,0
2026-09-10T20:51:11Z,dw,1,42,55,1,1,0.01818,0.0,0,0,1,0,0,0
2026-09-10T20:51:11Z,euronews,1,102,55,1,10,0.18182,0.0,0,0,10,0,0,0
2026-09-10T20:51:11Z,lemonde,1,36,55,0,0,0.0,,0,0,0,0,0,0
2026-09-10T20:51:11Z,lefigaro,1,191,55,0,0,0.0,,0,0,0,0,0,0
2026-09-10T20:51:11Z,lacroix,1,125,55,0,0,0.0,,0,0,0,0,0,0
2026-09-10T20:51:11Z,spiegel,1,173,55,0,0,0.0,,0,0,0,0,0,0
2026-09-10T20:51:11Z,bild,1,167,55,0,0,0.0,,0,0,0,0,0,0
2026-09-10T20:51:11Z,faz,1,140,55,0,0,0.0,,0,0,0,0,0,0
2026-09-10T20:51:11Z,tagesschau,1,46,55,0,0,0.0,,0,0,0,0,0,0
2026-09-10T20:51:11Z,elmundo,1,63,55,1,1,0.01818,0.0,0,0,1,0,0,0
2026-09-10T20:51:11Z,corriere,1,261,55,0,0,0.0,,0,0,0,0,0,0
2026-09-10T20:51:11Z,ilgiornale,1,69,55,0,0,0.0,,0,0,0,0,0,0
2026-09-10T20:51:11Z,cbc,1,30,55,0,0,0.0,,0,0,0,0,0,0
2026-09-10T20:51:11Z,globeandmail,1,109,55,0,0,0.0,,0,0,0,0,0,0
2026-09-10T20:51:11Z,abcau,1,78,55,1,1,0.01818,-1.0,0,1,0,0,0,0
2026-09-10T20:51:11Z,smh,1,88,55,0,0,0.0,,0,0,0,0,0,0
2026-09-10T21:45:23Z,nyt,1,36,55,1,1,0.01818,-1.0,0,1,0,0,0,0
2026-09-10T21:45:23Z,usatoday,1,29,55,0,0,0.0,,0,0,0,0,0,0
2026-09-10T21:45:23Z,nypost,1,173,55,1,1,0.01818,1.0,0,0,0,1,0,0
2026-09-10T21:45:23Z,cnn,1,57,55,0,0,0.0,,0,0,0,0,0,0
2026-09-10T21:45:23Z,foxnews,1,133,55,0,0,0.0,,0,0,0,0,0,0
2026-09-10T21:45:23Z,nbcnews,1,57,55,0,0,0.0,,0,0,0,0,0,0
2026-09-10T21:45:23Z,newsweek,1,80,55,0,0,0.0,,0,0,0,0,0,0
2026-09-10T21:45:23Z,csmonitor,1,63,55,0,0,0.0,,0,0,0,0,0,0
2026-09-10T21:45:23Z,washexaminer,1,50,55,1,5,0.09091,0.0,0,0,5,0,0,0
2026-09-10T21:45:23Z,bbc,1,36,55,0,0,0.0,,0,0,0,0,0,0
2026-09-10T21:45:23Z,guardian,1,47,55,2,8,0.14545,-0.375,0,3,5,0,0,0
2026-09-10T21:45:23Z,thetimes,1,96,55,1,3,0.05455,0.0,0,0,3,0,0,0
2026-09-10T21:45:23Z,dailymail,1,403,55,0,0,0.0,,0,0,0,0,0,0
2026-09-10T21:45:23Z,independent,1,93,55,0,0,0.0,,0,0,0,0,0,0
2026-09-10T21:45:23Z,dw,1,42,55,1,1,0.01818,0.0,0,0,1,0,0,0
2026-09-10T21:45:23Z,euronews,1,102,55,1,10,0.18182,0.0,0,0,10,0,0,0
2026-09-10T21:45:23Z,lemonde,1,35,55,1,1,0.01818,0.0,0,0,1,0,0,0
2026-09-10T21:45:23Z,lefigaro,1,186,55,0,0,0.0,,0,0,0,0,0,0
2026-09-10T21:45:23Z,lacroix,1,125,55,0,0,0.0,,0,0,0,0,0,0
2026-09-10T21:45:23Z,spiegel,1,169,55,0,0,0.0,,0,0,0,0,0,0
2026-09-10T21:45:23Z,bild,1,168,55,0,0,0.0,,0,0,0,0,0,0
2026-09-10T21:45:23Z,faz,1,140,55,0,0,0.0,,0,0,0,0,0,0
2026-09-10T21:45:23Z,tagesschau,1,47,55,0,0,0.0,,0,0,0,0,0,0
2026-09-10T21:45:23Z,elmundo,1,62,55,1,1,0.01818,0.0,0,0,1,0,0,0
2026-09-10T21:45:23Z,corriere,1,264,55,0,0,0.0,,0,0,0,0,0,0
2026-09-10T21:45:23Z,ilgiornale,1,69,55,0,0,0.0,,0,0,0,0,0,0
2026-09-10T21:45:23Z,cbc,1,31,55,0,0,0.0,,0,0,0,0,0,0
2026-09-10T21:45:23Z,globeandmail,1,113,55,0,0,0.0,,0,0,0,0,0,0
2026-09-10T21:45:23Z,abcau,1,74,55,1,1,0.01818,-1.0,0,1,0,0,0,0
2026-09-10T21:45:23Z,smh,1,86,55,0,0,0.0,,0,0,0,0,0,0
2026-09-10T21:50:48Z,nyt,1,38,55,0,0,0.0,,0,0,0,0,0,0
2026-09-10T21:50:48Z,usatoday,1,29,55,0,0,0.0,,0,0,0,0,0,0
2026-09-10T21:50:48Z,nypost,1,174,55,1,1,0.01818,1.0,0,0,0,1,0,0
2026-09-10T21:50:48Z,cnn,1,57,55,0,0,0.0,,0,0,0,0,0,0
2026-09-10T21:50:48Z,foxnews,1,132,55,0,0,0.0,,0,0,0,0,0,0
2026-09-10T21:50:48Z,nbcnews,1,57,55,0,0,0.0,,0,0,0,0,0,0
2026-09-10T21:50:48Z,newsweek,1,80,55,0,0,0.0,,0,0,0,0,0,0
2026-09-10T21:50:48Z,csmonitor,1,63,55,0,0,0.0,,0,0,0,0,0,0
2026-09-10T21:50:48Z,washexaminer,1,50,55,1,5,0.09091,0.0,0,0,5,0,0,0
2026-09-10T21:50:48Z,bbc,1,36,55,0,0,0.0,,0,0,0,0,0,0
2026-09-10T21:50:48Z,guardian,1,47,55,2,8,0.14545,-0.375,0,3,5,0,0,0
2026-09-10T21:50:48Z,thetimes,1,96,55,1,3,0.05455,0.0,0,0,3,0,0,0
2026-09-10T21:50:48Z,dailymail,1,404,55,0,0,0.0,,0,0,0,0,0,0
2026-09-10T21:50:48Z,independent,1,93,55,0,0,0.0,,0,0,0,0,0,0
2026-09-10T21:50:48Z,dw,1,42,55,1,1,0.01818,0.0,0,0,1,0,0,0
2026-09-10T21:50:48Z,euronews,1,102,55,1,10,0.18182,0.0,0,0,10,0,0,0
2026-09-10T21:50:48Z,lemonde,1,35,55,1,1,0.01818,0.0,0,0,1,0,0,0
2026-09-10T21:50:48Z,lefigaro,1,187,55,0,0,0.0,,0,0,0,0,0,0
2026-09-10T21:50:48Z,lacroix,1,125,55,0,0,0.0,,0,0,0,0,0,0
2026-09-10T21:50:48Z,spiegel,1,169,55,0,0,0.0,,0,0,0,0,0,0
2026-09-10T21:50:48Z,bild,1,168,55,0,0,0.0,,0,0,0,0,0,0
2026-09-10T21:50:48Z,faz,1,140,55,0,0,0.0,,0,0,0,0,0,0
2026-09-10T21:50:48Z,tagesschau,1,47,55,0,0,0.0,,0,0,0,0,0,0
2026-09-10T21:50:48Z,elmundo,1,63,55,1,1,0.01818,0.0,0,0,1,0,0,0
2026-09-10T21:50:48Z,corriere,1,262,55,0,0,0.0,,0,0,0,0,0,0
2026-09-10T21:50:48Z,ilgiornale,1,69,55,0,0,0.0,,0,0,0,0,0,0
2026-09-10T21:50:48Z,cbc,1,31,55,0,0,0.0,,0,0,0,0,0,0
2026-09-10T21:50:48Z,globeandmail,1,114,55,0,0,0.0,,0,0,0,0,0,0
2026-09-10T21:50:48Z,abcau,1,74,55,1,1,0.01818,-1.0,0,1,0,0,0,0
2026-09-10T21:50:48Z,smh,1,86,55,0,0,0.0,,0,0,0,0,0,0
2026-09-10T22:31:43Z,nyt,1,40,55,0,0,0.0,,0,0,0,0,0,0
2026-09-10T22:31:43Z,usatoday,1,29,55,0,0,0.0,,0,0,0,0,0,0
2026-09-10T22:31:43Z,nypost,1,173,55,1,1,0.01818,1.0,0,0,0,1,0,0
2026-09-10T22:31:43Z,cnn,1,57,55,0,0,0.0,,0,0,0,0,0,0
2026-09-10T22:31:43Z,foxnews,1,129,55,0,0,0.0,,0,0,0,0,0,0
2026-09-10T22:31:43Z,nbcnews,1,60,55,0,0,0.0,,0,0,0,0,0,0
2026-09-10T22:31:43Z,newsweek,1,80,55,0,0,0.0,,0,0,0,0,0,0
2026-09-10T22:31:43Z,csmonitor,1,63,55,0,0,0.0,,0,0,0,0,0,0
2026-09-10T22:31:43Z,washexaminer,1,56,55,1,3,0.05455,0.0,0,0,3,0,0,0
2026-09-10T22:31:43Z,bbc,1,36,55,1,1,0.01818,1.0,0,0,0,1,0,0
2026-09-10T22:31:43Z,guardian,1,43,55,0,0,0.0,,0,0,0,0,0,0
2026-09-10T22:31:43Z,thetimes,1,96,55,1,3,0.05455,0.0,0,0,3,0,0,0
2026-09-10T22:31:43Z,dailymail,1,408,55,0,0,0.0,,0,0,0,0,0,0
2026-09-10T22:31:43Z,independent,1,93,55,0,0,0.0,,0,0,0,0,0,0
2026-09-10T22:31:43Z,dw,1,42,55,1,1,0.01818,0.0,0,0,1,0,0,0
2026-09-10T22:31:43Z,euronews,1,102,55,1,10,0.18182,0.0,0,0,10,0,0,0
2026-09-10T22:31:43Z,lemonde,1,35,55,1,1,0.01818,0.0,0,0,1,0,0,0
2026-09-10T22:31:43Z,lefigaro,1,188,55,0,0,0.0,,0,0,0,0,0,0
2026-09-10T22:31:43Z,lacroix,1,125,55,0,0,0.0,,0,0,0,0,0,0
2026-09-10T22:31:43Z,spiegel,1,170,55,0,0,0.0,,0,0,0,0,0,0
2026-09-10T22:31:43Z,bild,1,168,55,0,0,0.0,,0,0,0,0,0,0
2026-09-10T22:31:43Z,faz,1,140,55,0,0,0.0,,0,0,0,0,0,0
2026-09-10T22:31:43Z,tagesschau,1,47,55,0,0,0.0,,0,0,0,0,0,0
2026-09-10T22:31:43Z,elmundo,1,64,55,1,1,0.01818,0.0,0,0,1,0,0,0
2026-09-10T22:31:43Z,corriere,1,260,55,0,0,0.0,,0,0,0,0,0,0
2026-09-10T22:31:43Z,ilgiornale,1,69,55,0,0,0.0,,0,0,0,0,0,0
2026-09-10T22:31:43Z,cbc,1,31,55,0,0,0.0,,0,0,0,0,0,0
2026-09-10T22:31:43Z,globeandmail,1,110,55,0,0,0.0,,0,0,0,0,0,0
2026-09-10T22:31:43Z,abcau,1,76,55,0,0,0.0,,0,0,0,0,0,0
2026-09-10T22:31:43Z,smh,1,85,55,0,0,0.0,,0,0,0,0,0,0
2026-09-10T22:45:22Z,nyt,1,38,55,0,0,0.0,,0,0,0,0,0,0
2026-09-10T22:45:22Z,usatoday,1,29,55,0,0,0.0,,0,0,0,0,0,0
2026-09-10T22:45:22Z,nypost,1,171,55,1,1,0.01818,1.0,0,0,0,1,0,0
2026-09-10T22:45:22Z,cnn,1,57,55,0,0,0.0,,0,0,0,0,0,0
2026-09-10T22:45:22Z,foxnews,1,124,55,0,0,0.0,,0,0,0,0,0,0
2026-09-10T22:45:22Z,nbcnews,1,60,55,0,0,0.0,,0,0,0,0,0,0
2026-09-10T22:45:22Z,newsweek,1,80,55,0,0,0.0,,0,0,0,0,0,0
2026-09-10T22:45:22Z,csmonitor,1,63,55,0,0,0.0,,0,0,0,0,0,0
2026-09-10T22:45:22Z,washexaminer,1,55,55,1,3,0.05455,0.0,0,0,3,0,0,0
2026-09-10T22:45:22Z,bbc,1,36,55,1,1,0.01818,1.0,0,0,0,1,0,0
2026-09-10T22:45:22Z,guardian,1,43,55,0,0,0.0,,0,0,0,0,0,0
2026-09-10T22:45:22Z,thetimes,1,96,55,1,3,0.05455,0.0,0,0,3,0,0,0
2026-09-10T22:45:22Z,dailymail,1,408,55,0,0,0.0,,0,0,0,0,0,0
2026-09-10T22:45:22Z,independent,1,92,55,0,0,0.0,,0,0,0,0,0,0
2026-09-10T22:45:22Z,dw,1,42,55,1,1,0.01818,0.0,0,0,1,0,0,0
2026-09-10T22:45:22Z,euronews,1,102,55,1,10,0.18182,0.0,0,0,10,0,0,0
2026-09-10T22:45:22Z,lemonde,1,35,55,1,1,0.01818,0.0,0,0,1,0,0,0
2026-09-10T22:45:22Z,lefigaro,1,188,55,0,0,0.0,,0,0,0,0,0,0
2026-09-10T22:45:22Z,lacroix,1,125,55,0,0,0.0,,0,0,0,0,0,0
2026-09-10T22:45:22Z,spiegel,1,171,55,0,0,0.0,,0,0,0,0,0,0
2026-09-10T22:45:22Z,bild,1,168,55,0,0,0.0,,0,0,0,0,0,0
2026-09-10T22:45:22Z,faz,1,140,55,0,0,0.0,,0,0,0,0,0,0
2026-09-10T22:45:22Z,tagesschau,1,47,55,0,0,0.0,,0,0,0,0,0,0
2026-09-10T22:45:22Z,elmundo,1,64,55,1,1,0.01818,0.0,0,0,1,0,0,0
2026-09-10T22:45:22Z,corriere,1,260,55,0,0,0.0,,0,0,0,0,0,0
2026-09-10T22:45:22Z,ilgiornale,1,69,55,0,0,0.0,,0,0,0,0,0,0
2026-09-10T22:45:22Z,cbc,1,31,55,0,0,0.0,,0,0,0,0,0,0
2026-09-10T22:45:22Z,globeandmail,1,111,55,0,0,0.0,,0,0,0,0,0,0
2026-09-10T22:45:22Z,abcau,1,75,55,0,0,0.0,,0,0,0,0,0,0
2026-09-10T22:45:22Z,smh,1,85,55,0,0,0.0,,0,0,0,0,0,0
2026-09-10T23:45:57Z,nyt,1,39,55,0,0,0.0,,0,0,0,0,0,0
2026-09-10T23:45:57Z,usatoday,1,29,55,0,0,0.0,,0,0,0,0,0,0
2026-09-10T23:45:57Z,nypost,1,172,55,0,0,0.0,,0,0,0,0,0,0
2026-09-10T23:45:57Z,cnn,1,56,55,0,0,0.0,,0,0,0,0,0,0
2026-09-10T23:45:57Z,foxnews,1,132,55,0,0,0.0,,0,0,0,0,0,0
2026-09-10T23:45:57Z,nbcnews,1,59,55,0,0,0.0,,0,0,0,0,0,0
2026-09-10T23:45:57Z,newsweek,1,80,55,0,0,0.0,,0,0,0,0,0,0
2026-09-10T23:45:57Z,csmonitor,1,63,55,0,0,0.0,,0,0,0,0,0,0
2026-09-10T23:45:57Z,washexaminer,1,56,55,1,1,0.01818,1.0,0,0,0,1,0,0
2026-09-10T23:45:57Z,bbc,1,36,55,1,1,0.01818,1.0,0,0,0,1,0,0
2026-09-10T23:45:57Z,guardian,1,42,55,0,0,0.0,,0,0,0,0,0,0
2026-09-10T23:45:57Z,thetimes,1,96,55,1,1,0.01818,0.0,0,0,1,0,0,0
2026-09-10T23:45:57Z,dailymail,1,412,55,0,0,0.0,,0,0,0,0,0,0
2026-09-10T23:45:57Z,independent,1,103,55,1,1,0.01818,-1.0,0,1,0,0,0,0
2026-09-10T23:45:57Z,dw,1,42,55,1,1,0.01818,0.0,0,0,1,0,0,0
2026-09-10T23:45:57Z,euronews,1,102,55,1,10,0.18182,0.0,0,0,10,0,0,0
2026-09-10T23:45:57Z,lemonde,1,190,55,0,0,0.0,,0,0,0,0,0,0
2026-09-10T23:45:57Z,lefigaro,1,189,55,0,0,0.0,,0,0,0,0,0,0
2026-09-10T23:45:57Z,lacroix,1,125,55,0,0,0.0,,0,0,0,0,0,0
2026-09-10T23:45:57Z,spiegel,1,173,55,0,0,0.0,,0,0,0,0,0,0
2026-09-10T23:45:57Z,bild,1,168,55,0,0,0.0,,0,0,0,0,0,0
2026-09-10T23:45:57Z,faz,1,140,55,0,0,0.0,,0,0,0,0,0,0
2026-09-10T23:45:57Z,tagesschau,1,47,55,0,0,0.0,,0,0,0,0,0,0
2026-09-10T23:45:57Z,elmundo,1,64,55,1,1,0.01818,0.0,0,0,1,0,0,0
2026-09-10T23:45:57Z,corriere,1,260,55,0,0,0.0,,0,0,0,0,0,0
2026-09-10T23:45:57Z,ilgiornale,1,69,55,0,0,0.0,,0,0,0,0,0,0
2026-09-10T23:45:57Z,cbc,1,27,55,0,0,0.0,,0,0,0,0,0,0
2026-09-10T23:45:57Z,globeandmail,1,108,55,0,0,0.0,,0,0,0,0,0,0
2026-09-10T23:45:57Z,abcau,1,77,55,0,0,0.0,,0,0,0,0,0,0
2026-09-10T23:45:57Z,smh,1,85,55,0,0,0.0,,0,0,0,0,0,0
2026-09-11T00:30:13Z,nyt,1,40,55,0,0,0.0,,0,0,0,0,0,0
2026-09-11T00:30:13Z,usatoday,1,28,55,0,0,0.0,,0,0,0,0,0,0
2026-09-11T00:30:13Z,nypost,1,171,55,0,0,0.0,,0,0,0,0,0,0
2026-09-11T00:30:13Z,cnn,1,55,55,0,0,0.0,,0,0,0,0,0,0
2026-09-11T00:30:13Z,foxnews,1,132,55,0,0,0.0,,0,0,0,0,0,0
2026-09-11T00:30:13Z,nbcnews,1,60,55,0,0,0.0,,0,0,0,0,0,0
2026-09-11T00:30:13Z,newsweek,1,80,55,0,0,0.0,,0,0,0,0,0,0
2026-09-11T00:30:13Z,csmonitor,1,63,55,0,0,0.0,,0,0,0,0,0,0
2026-09-11T00:30:13Z,washexaminer,1,52,55,1,1,0.01818,1.0,0,0,0,1,0,0
2026-09-11T00:30:13Z,bbc,1,35,55,0,0,0.0,,0,0,0,0,0,0
2026-09-11T00:30:13Z,guardian,1,42,55,0,0,0.0,,0,0,0,0,0,0
2026-09-11T00:30:13Z,thetimes,1,96,55,1,1,0.01818,0.0,0,0,1,0,0,0
2026-09-11T00:30:13Z,dailymail,1,412,55,0,0,0.0,,0,0,0,0,0,0
2026-09-11T00:30:13Z,independent,1,96,55,0,0,0.0,,0,0,0,0,0,0
2026-09-11T00:30:13Z,dw,1,42,55,1,1,0.01818,0.0,0,0,1,0,0,0
2026-09-11T00:30:13Z,euronews,1,102,55,1,10,0.18182,0.0,0,0,10,0,0,0
2026-09-11T00:30:13Z,lemonde,1,35,55,1,1,0.01818,0.0,0,0,1,0,0,0
2026-09-11T00:30:13Z,lefigaro,1,189,55,0,0,0.0,,0,0,0,0,0,0
2026-09-11T00:30:13Z,lacroix,1,125,55,0,0,0.0,,0,0,0,0,0,0
2026-09-11T00:30:13Z,spiegel,1,172,55,0,0,0.0,,0,0,0,0,0,0
2026-09-11T00:30:13Z,bild,1,168,55,0,0,0.0,,0,0,0,0,0,0
2026-09-11T00:30:13Z,faz,1,140,55,0,0,0.0,,0,0,0,0,0,0
2026-09-11T00:30:13Z,tagesschau,1,47,55,0,0,0.0,,0,0,0,0,0,0
2026-09-11T00:30:13Z,elmundo,1,52,55,1,1,0.01818,0.0,0,0,1,0,0,0
2026-09-11T00:30:13Z,corriere,1,260,55,0,0,0.0,,0,0,0,0,0,0
2026-09-11T00:30:13Z,ilgiornale,1,69,55,0,0,0.0,,0,0,0,0,0,0
2026-09-11T00:30:13Z,cbc,1,28,55,0,0,0.0,,0,0,0,0,0,0
2026-09-11T00:30:13Z,globeandmail,1,109,55,0,0,0.0,,0,0,0,0,0,0
2026-09-11T00:30:13Z,abcau,1,82,55,0,0,0.0,,0,0,0,0,0,0
2026-09-11T00:30:13Z,smh,1,85,55,0,0,0.0,,0,0,0,0,0,0
2026-09-11T00:45:23Z,nyt,1,41,55,0,0,0.0,,0,0,0,0,0,0
2026-09-11T00:45:23Z,usatoday,1,28,55,0,0,0.0,,0,0,0,0,0,0
2026-09-11T00:45:23Z,nypost,1,176,55,0,0,0.0,,0,0,0,0,0,0
2026-09-11T00:45:23Z,cnn,1,50,55,0,0,0.0,,0,0,0,0,0,0
2026-09-11T00:45:23Z,foxnews,1,132,55,0,0,0.0,,0,0,0,0,0,0
2026-09-11T00:45:23Z,nbcnews,1,60,55,0,0,0.0,,0,0,0,0,0,0
2026-09-11T00:45:23Z,newsweek,1,80,55,0,0,0.0,,0,0,0,0,0,0
2026-09-11T00:45:23Z,csmonitor,1,63,55,0,0,0.0,,0,0,0,0,0,0
2026-09-11T00:45:23Z,washexaminer,1,51,55,2,6,0.10909,0.167,0,0,5,1,0,0
2026-09-11T00:45:23Z,bbc,1,35,55,1,1,0.01818,0.0,0,0,1,0,0,0
2026-09-11T00:45:23Z,guardian,1,43,55,0,0,0.0,,0,0,0,0,0,0
2026-09-11T00:45:23Z,thetimes,1,96,55,1,1,0.01818,0.0,0,0,1,0,0,0
2026-09-11T00:45:23Z,dailymail,1,412,55,0,0,0.0,,0,0,0,0,0,0
2026-09-11T00:45:23Z,independent,1,96,55,0,0,0.0,,0,0,0,0,0,0
2026-09-11T00:45:23Z,dw,1,42,55,1,1,0.01818,0.0,0,0,1,0,0,0
2026-09-11T00:45:23Z,euronews,1,102,55,1,10,0.18182,0.0,0,0,10,0,0,0
2026-09-11T00:45:23Z,lemonde,1,35,55,1,1,0.01818,0.0,0,0,1,0,0,0
2026-09-11T00:45:23Z,lefigaro,1,189,55,0,0,0.0,,0,0,0,0,0,0
2026-09-11T00:45:23Z,lacroix,1,125,55,0,0,0.0,,0,0,0,0,0,0
2026-09-11T00:45:23Z,spiegel,1,172,55,0,0,0.0,,0,0,0,0,0,0
2026-09-11T00:45:23Z,bild,1,168,55,0,0,0.0,,0,0,0,0,0,0
2026-09-11T00:45:23Z,faz,1,140,55,0,0,0.0,,0,0,0,0,0,0
2026-09-11T00:45:23Z,tagesschau,1,47,55,0,0,0.0,,0,0,0,0,0,0
2026-09-11T00:45:23Z,elmundo,1,52,55,1,1,0.01818,0.0,0,0,1,0,0,0
2026-09-11T00:45:23Z,corriere,1,260,55,0,0,0.0,,0,0,0,0,0,0
2026-09-11T00:45:23Z,ilgiornale,1,69,55,0,0,0.0,,0,0,0,0,0,0
2026-09-11T00:45:23Z,cbc,1,28,55,0,0,0.0,,0,0,0,0,0,0
2026-09-11T00:45:23Z,globeandmail,1,109,55,0,0,0.0,,0,0,0,0,0,0
2026-09-11T00:45:23Z,abcau,1,78,55,0,0,0.0,,0,0,0,0,0,0
2026-09-11T00:45:23Z,smh,1,85,55,0,0,0.0,,0,0,0,0,0,0
2026-09-11T01:00:41Z,nyt,1,41,55,0,0,0.0,,0,0,0,0,0,0
2026-09-11T01:00:41Z,usatoday,1,28,55,0,0,0.0,,0,0,0,0,0,0
2026-09-11T01:00:41Z,nypost,1,175,55,0,0,0.0,,0,0,0,0,0,0
2026-09-11T01:00:41Z,cnn,1,51,55,0,0,0.0,,0,0,0,0,0,0
2026-09-11T01:00:41Z,foxnews,1,129,55,0,0,0.0,,0,0,0,0,0,0
2026-09-11T01:00:41Z,nbcnews,1,60,55,0,0,0.0,,0,0,0,0,0,0
2026-09-11T01:00:41Z,newsweek,1,80,55,0,0,0.0,,0,0,0,0,0,0
2026-09-11T01:00:41Z,csmonitor,1,63,55,0,0,0.0,,0,0,0,0,0,0
2026-09-11T01:00:41Z,washexaminer,1,51,55,1,5,0.09091,0.0,0,0,5,0,0,0
2026-09-11T01:00:41Z,bbc,1,35,55,1,1,0.01818,0.0,0,0,1,0,0,0
2026-09-11T01:00:41Z,guardian,1,43,55,0,0,0.0,,0,0,0,0,0,0
2026-09-11T01:00:41Z,thetimes,1,96,55,1,1,0.01818,0.0,0,0,1,0,0,0
2026-09-11T01:00:41Z,dailymail,1,412,55,0,0,0.0,,0,0,0,0,0,0
2026-09-11T01:00:41Z,independent,1,94,55,0,0,0.0,,0,0,0,0,0,0
2026-09-11T01:00:41Z,dw,1,42,55,1,1,0.01818,0.0,0,0,1,0,0,0
2026-09-11T01:00:41Z,euronews,1,102,55,1,10,0.18182,0.0,0,0,10,0,0,0
2026-09-11T01:00:41Z,lemonde,1,36,55,0,0,0.0,,0,0,0,0,0,0
2026-09-11T01:00:41Z,lefigaro,1,189,55,0,0,0.0,,0,0,0,0,0,0
2026-09-11T01:00:41Z,lacroix,1,125,55,0,0,0.0,,0,0,0,0,0,0
2026-09-11T01:00:41Z,spiegel,1,172,55,0,0,0.0,,0,0,0,0,0,0
2026-09-11T01:00:41Z,bild,1,168,55,0,0,0.0,,0,0,0,0,0,0
2026-09-11T01:00:41Z,faz,1,140,55,0,0,0.0,,0,0,0,0,0,0
2026-09-11T01:00:41Z,tagesschau,1,47,55,0,0,0.0,,0,0,0,0,0,0
2026-09-11T01:00:41Z,elmundo,1,53,55,1,1,0.01818,0.0,0,0,1,0,0,0
2026-09-11T01:00:41Z,corriere,1,260,55,0,0,0.0,,0,0,0,0,0,0
2026-09-11T01:00:41Z,ilgiornale,1,69,55,0,0,0.0,,0,0,0,0,0,0
2026-09-11T01:00:41Z,cbc,1,30,55,0,0,0.0,,0,0,0,0,0,0
2026-09-11T01:00:41Z,globeandmail,1,107,55,0,0,0.0,,0,0,0,0,0,0
2026-09-11T01:00:41Z,abcau,1,78,55,0,0,0.0,,0,0,0,0,0,0
2026-09-11T01:00:41Z,smh,1,86,55,0,0,0.0,,0,0,0,0,0,0
2026-09-11T01:45:27Z,nyt,1,42,55,0,0,0.0,,0,0,0,0,0,0
2026-09-11T01:45:27Z,usatoday,1,28,55,0,0,0.0,,0,0,0,0,0,0
2026-09-11T01:45:27Z,nypost,1,175,55,0,0,0.0,,0,0,0,0,0,0
2026-09-11T01:45:27Z,cnn,1,52,55,0,0,0.0,,0,0,0,0,0,0
2026-09-11T01:45:27Z,foxnews,1,131,55,0,0,0.0,,0,0,0,0,0,0
2026-09-11T01:45:27Z,nbcnews,1,59,55,0,0,0.0,,0,0,0,0,0,0
2026-09-11T01:45:27Z,newsweek,1,80,55,0,0,0.0,,0,0,0,0,0,0
2026-09-11T01:45:27Z,csmonitor,1,63,55,0,0,0.0,,0,0,0,0,0,0
2026-09-11T01:45:27Z,washexaminer,1,52,55,1,5,0.09091,0.0,0,0,5,0,0,0
2026-09-11T01:45:27Z,bbc,1,35,55,1,1,0.01818,0.0,0,0,1,0,0,0
2026-09-11T01:45:27Z,guardian,1,40,55,0,0,0.0,,0,0,0,0,0,0
2026-09-11T01:45:27Z,thetimes,1,96,55,1,1,0.01818,0.0,0,0,1,0,0,0
2026-09-11T01:45:27Z,dailymail,1,419,55,0,0,0.0,,0,0,0,0,0,0
2026-09-11T01:45:27Z,independent,1,97,55,0,0,0.0,,0,0,0,0,0,0
2026-09-11T01:45:27Z,dw,1,42,55,1,1,0.01818,0.0,0,0,1,0,0,0
2026-09-11T01:45:27Z,euronews,1,102,55,1,10,0.18182,0.0,0,0,10,0,0,0
2026-09-11T01:45:27Z,lemonde,1,36,55,1,1,0.01818,0.0,0,0,1,0,0,0
2026-09-11T01:45:27Z,lefigaro,1,189,55,0,0,0.0,,0,0,0,0,0,0
2026-09-11T01:45:27Z,lacroix,1,125,55,0,0,0.0,,0,0,0,0,0,0
2026-09-11T01:45:27Z,spiegel,1,173,55,0,0,0.0,,0,0,0,0,0,0
2026-09-11T01:45:27Z,bild,1,168,55,0,0,0.0,,0,0,0,0,0,0
2026-09-11T01:45:27Z,faz,1,140,55,0,0,0.0,,0,0,0,0,0,0
2026-09-11T01:45:27Z,tagesschau,1,47,55,0,0,0.0,,0,0,0,0,0,0
2026-09-11T01:45:27Z,elmundo,1,53,55,1,1,0.01818,0.0,0,0,1,0,0,0
2026-09-11T01:45:27Z,corriere,1,260,55,0,0,0.0,,0,0,0,0,0,0
2026-09-11T01:45:27Z,ilgiornale,1,69,55,0,0,0.0,,0,0,0,0,0,0
2026-09-11T01:45:27Z,cbc,1,31,55,0,0,0.0,,0,0,0,0,0,0
2026-09-11T01:45:27Z,globeandmail,1,112,55,0,0,0.0,,0,0,0,0,0,0
2026-09-11T01:45:27Z,abcau,1,77,55,0,0,0.0,,0,0,0,0,0,0
2026-09-11T01:45:27Z,smh,1,89,55,0,0,0.0,,0,0,0,0,0,0
2026-09-11T02:45:25Z,nyt,1,36,55,0,0,0.0,,0,0,0,0,0,0
2026-09-11T02:45:25Z,usatoday,1,28,55,0,0,0.0,,0,0,0,0,0,0
2026-09-11T02:45:25Z,nypost,1,172,55,0,0,0.0,,0,0,0,0,0,0
2026-09-11T02:45:25Z,cnn,1,52,55,0,0,0.0,,0,0,0,0,0,0
2026-09-11T02:45:25Z,foxnews,1,135,55,0,0,0.0,,0,0,0,0,0,0
2026-09-11T02:45:25Z,nbcnews,1,61,55,0,0,0.0,,0,0,0,0,0,0
2026-09-11T02:45:25Z,newsweek,1,80,55,0,0,0.0,,0,0,0,0,0,0
2026-09-11T02:45:25Z,csmonitor,1,63,55,0,0,0.0,,0,0,0,0,0,0
2026-09-11T02:45:25Z,washexaminer,1,53,55,1,3,0.05455,0.0,0,0,3,0,0,0
2026-09-11T02:45:25Z,bbc,1,35,55,1,1,0.01818,0.0,0,0,1,0,0,0
2026-09-11T02:45:25Z,guardian,1,40,55,0,0,0.0,,0,0,0,0,0,0
2026-09-11T02:45:25Z,thetimes,1,96,55,1,1,0.01818,0.0,0,0,1,0,0,0
2026-09-11T02:45:25Z,dailymail,1,330,55,0,0,0.0,,0,0,0,0,0,0
2026-09-11T02:45:25Z,independent,1,97,55,0,0,0.0,,0,0,0,0,0,0
2026-09-11T02:45:25Z,dw,1,42,55,1,1,0.01818,0.0,0,0,1,0,0,0
2026-09-11T02:45:25Z,euronews,1,102,55,2,15,0.27273,-0.333,0,5,10,0,0,0
2026-09-11T02:45:25Z,lemonde,1,36,55,0,0,0.0,,0,0,0,0,0,0
2026-09-11T02:45:25Z,lefigaro,1,189,55,0,0,0.0,,0,0,0,0,0,0
2026-09-11T02:45:25Z,lacroix,1,126,55,0,0,0.0,,0,0,0,0,0,0
2026-09-11T02:45:25Z,spiegel,1,174,55,0,0,0.0,,0,0,0,0,0,0
2026-09-11T02:45:25Z,bild,1,170,55,0,0,0.0,,0,0,0,0,0,0
2026-09-11T02:45:25Z,faz,1,140,55,0,0,0.0,,0,0,0,0,0,0
2026-09-11T02:45:25Z,tagesschau,1,48,55,0,0,0.0,,0,0,0,0,0,0
2026-09-11T02:45:25Z,elmundo,1,53,55,1,1,0.01818,0.0,0,0,1,0,0,0
2026-09-11T02:45:25Z,corriere,1,260,55,0,0,0.0,,0,0,0,0,0,0
2026-09-11T02:45:25Z,ilgiornale,1,69,55,0,0,0.0,,0,0,0,0,0,0
2026-09-11T02:45:25Z,cbc,1,31,55,0,0,0.0,,0,0,0,0,0,0
2026-09-11T02:45:25Z,globeandmail,1,110,55,0,0,0.0,,0,0,0,0,0,0
2026-09-11T02:45:25Z,abcau,1,83,55,0,0,0.0,,0,0,0,0,0,0
2026-09-11T02:45:25Z,smh,1,85,55,0,0,0.0,,0,0,0,0,0,0
2026-09-11T03:45:26Z,nyt,1,36,55,0,0,0.0,,0,0,0,0,0,0
2026-09-11T03:45:26Z,usatoday,1,28,55,0,0,0.0,,0,0,0,0,0,0
2026-09-11T03:45:26Z,nypost,1,169,55,0,0,0.0,,0,0,0,0,0,0
2026-09-11T03:45:26Z,cnn,1,51,55,0,0,0.0,,0,0,0,0,0,0
2026-09-11T03:45:26Z,foxnews,1,136,55,0,0,0.0,,0,0,0,0,0,0
2026-09-11T03:45:26Z,nbcnews,1,61,55,0,0,0.0,,0,0,0,0,0,0
2026-09-11T03:45:26Z,newsweek,1,80,55,0,0,0.0,,0,0,0,0,0,0
2026-09-11T03:45:26Z,csmonitor,1,63,55,0,0,0.0,,0,0,0,0,0,0
2026-09-11T03:45:26Z,washexaminer,1,52,55,0,0,0.0,,0,0,0,0,0,0
2026-09-11T03:45:26Z,bbc,1,36,55,1,1,0.01818,0.0,0,0,1,0,0,0
2026-09-11T03:45:26Z,guardian,1,38,55,0,0,0.0,,0,0,0,0,0,0
2026-09-11T03:45:26Z,thetimes,1,96,55,1,1,0.01818,0.0,0,0,1,0,0,0
2026-09-11T03:45:26Z,dailymail,1,330,55,0,0,0.0,,0,0,0,0,0,0
2026-09-11T03:45:26Z,independent,1,97,55,0,0,0.0,,0,0,0,0,0,0
2026-09-11T03:45:26Z,dw,1,42,55,1,1,0.01818,0.0,0,0,1,0,0,0
2026-09-11T03:45:26Z,euronews,1,103,55,2,15,0.27273,-0.333,0,5,10,0,0,0
2026-09-11T03:45:26Z,lemonde,1,37,55,0,0,0.0,,0,0,0,0,0,0
2026-09-11T03:45:26Z,lefigaro,1,190,55,0,0,0.0,,0,0,0,0,0,0
2026-09-11T03:45:26Z,lacroix,1,126,55,0,0,0.0,,0,0,0,0,0,0
2026-09-11T03:45:26Z,spiegel,1,171,55,0,0,0.0,,0,0,0,0,0,0
2026-09-11T03:45:26Z,bild,1,170,55,0,0,0.0,,0,0,0,0,0,0
2026-09-11T03:45:26Z,faz,1,140,55,0,0,0.0,,0,0,0,0,0,0
2026-09-11T03:45:26Z,tagesschau,1,48,55,0,0,0.0,,0,0,0,0,0,0
2026-09-11T03:45:26Z,elmundo,1,53,55,1,1,0.01818,0.0,0,0,1,0,0,0
2026-09-11T03:45:26Z,corriere,1,260,55,0,0,0.0,,0,0,0,0,0,0
2026-09-11T03:45:26Z,ilgiornale,1,69,55,0,0,0.0,,0,0,0,0,0,0
2026-09-11T03:45:26Z,cbc,1,31,55,0,0,0.0,,0,0,0,0,0,0
2026-09-11T03:45:26Z,globeandmail,1,110,55,0,0,0.0,,0,0,0,0,0,0
2026-09-11T03:45:26Z,abcau,1,83,55,0,0,0.0,,0,0,0,0,0,0
2026-09-11T03:45:26Z,smh,1,84,55,0,0,0.0,,0,0,0,0,0,0
2026-09-11T04:45:28Z,nyt,1,36,55,0,0,0.0,,0,0,0,0,0,0
2026-09-11T04:45:28Z,usatoday,1,28,55,0,0,0.0,,0,0,0,0,0,0
2026-09-11T04:45:28Z,nypost,1,164,55,0,0,0.0,,0,0,0,0,0,0
2026-09-11T04:45:28Z,cnn,1,50,55,0,0,0.0,,0,0,0,0,0,0
2026-09-11T04:45:28Z,foxnews,1,136,55,0,0,0.0,,0,0,0,0,0,0
2026-09-11T04:45:28Z,nbcnews,1,59,55,0,0,0.0,,0,0,0,0,0,0
2026-09-11T04:45:28Z,newsweek,1,80,55,0,0,0.0,,0,0,0,0,0,0
2026-09-11T04:45:28Z,csmonitor,1,63,55,0,0,0.0,,0,0,0,0,0,0
2026-09-11T04:45:28Z,washexaminer,1,43,55,0,0,0.0,,0,0,0,0,0,0
2026-09-11T04:45:28Z,bbc,1,36,55,1,1,0.01818,0.0,0,0,1,0,0,0
2026-09-11T04:45:28Z,guardian,1,36,55,1,1,0.01818,-1.0,0,1,0,0,0,0
2026-09-11T04:45:28Z,thetimes,1,95,55,1,1,0.01818,0.0,0,0,1,0,0,0
2026-09-11T04:45:28Z,dailymail,1,330,55,0,0,0.0,,0,0,0,0,0,0
2026-09-11T04:45:28Z,independent,1,97,55,0,0,0.0,,0,0,0,0,0,0
2026-09-11T04:45:28Z,dw,1,42,55,1,1,0.01818,0.0,0,0,1,0,0,0
2026-09-11T04:45:28Z,euronews,1,104,55,2,15,0.27273,-0.333,0,5,10,0,0,0
2026-09-11T04:45:28Z,lemonde,1,35,55,0,0,0.0,,0,0,0,0,0,0
2026-09-11T04:45:28Z,lefigaro,1,197,55,0,0,0.0,,0,0,0,0,0,0
2026-09-11T04:45:28Z,lacroix,1,123,55,0,0,0.0,,0,0,0,0,0,0
2026-09-11T04:45:28Z,spiegel,1,168,55,0,0,0.0,,0,0,0,0,0,0
2026-09-11T04:45:28Z,bild,1,170,55,0,0,0.0,,0,0,0,0,0,0
2026-09-11T04:45:28Z,faz,1,140,55,0,0,0.0,,0,0,0,0,0,0
2026-09-11T04:45:28Z,tagesschau,1,46,55,0,0,0.0,,0,0,0,0,0,0
2026-09-11T04:45:28Z,elmundo,1,53,55,1,1,0.01818,0.0,0,0,1,0,0,0
2026-09-11T04:45:28Z,corriere,1,260,55,0,0,0.0,,0,0,0,0,0,0
2026-09-11T04:45:28Z,ilgiornale,1,69,55,0,0,0.0,,0,0,0,0,0,0
2026-09-11T04:45:28Z,cbc,1,31,55,0,0,0.0,,0,0,0,0,0,0
2026-09-11T04:45:28Z,globeandmail,1,110,55,0,0,0.0,,0,0,0,0,0,0
2026-09-11T04:45:28Z,abcau,1,85,55,0,0,0.0,,0,0,0,0,0,0
2026-09-11T04:45:28Z,smh,1,84,55,0,0,0.0,,0,0,0,0,0,0
2026-09-11T05:11:39Z,nyt,1,36,55,0,0,0.0,,0,0,0,0,0,0
2026-09-11T05:11:39Z,usatoday,1,28,55,0,0,0.0,,0,0,0,0,0,0
2026-09-11T05:11:39Z,nypost,1,164,55,0,0,0.0,,0,0,0,0,0,0
2026-09-11T05:11:39Z,cnn,1,51,55,0,0,0.0,,0,0,0,0,0,0
2026-09-11T05:11:39Z,foxnews,1,134,55,0,0,0.0,,0,0,0,0,0,0
2026-09-11T05:11:39Z,nbcnews,1,59,55,0,0,0.0,,0,0,0,0,0,0
2026-09-11T05:11:39Z,newsweek,1,80,55,0,0,0.0,,0,0,0,0,0,0
2026-09-11T05:11:39Z,csmonitor,1,63,55,0,0,0.0,,0,0,0,0,0,0
2026-09-11T05:11:39Z,washexaminer,1,43,55,0,0,0.0,,0,0,0,0,0,0
2026-09-11T05:11:39Z,bbc,1,36,55,1,1,0.01818,0.0,0,0,1,0,0,0
2026-09-11T05:11:39Z,guardian,1,36,55,1,1,0.01818,-1.0,0,1,0,0,0,0
2026-09-11T05:11:39Z,thetimes,1,95,55,1,1,0.01818,0.0,0,0,1,0,0,0
2026-09-11T05:11:39Z,dailymail,1,330,55,0,0,0.0,,0,0,0,0,0,0
2026-09-11T05:11:39Z,independent,1,97,55,0,0,0.0,,0,0,0,0,0,0
2026-09-11T05:11:39Z,dw,1,42,55,1,1,0.01818,0.0,0,0,1,0,0,0
2026-09-11T05:11:39Z,euronews,1,105,55,2,11,0.2,-0.091,0,1,10,0,0,0
2026-09-11T05:11:39Z,lemonde,1,34,55,0,0,0.0,,0,0,0,0,0,0
2026-09-11T05:11:39Z,lefigaro,1,192,55,0,0,0.0,,0,0,0,0,0,0
2026-09-11T05:11:39Z,lacroix,1,125,55,0,0,0.0,,0,0,0,0,0,0
2026-09-11T05:11:39Z,spiegel,1,170,55,0,0,0.0,,0,0,0,0,0,0
2026-09-11T05:11:39Z,bild,1,171,55,0,0,0.0,,0,0,0,0,0,0
2026-09-11T05:11:39Z,faz,1,140,55,0,0,0.0,,0,0,0,0,0,0
2026-09-11T05:11:39Z,tagesschau,1,46,55,0,0,0.0,,0,0,0,0,0,0
2026-09-11T05:11:39Z,elmundo,1,56,55,1,1,0.01818,0.0,0,0,1,0,0,0
2026-09-11T05:11:39Z,corriere,1,262,55,0,0,0.0,,0,0,0,0,0,0
2026-09-11T05:11:39Z,ilgiornale,1,69,55,0,0,0.0,,0,0,0,0,0,0
2026-09-11T05:11:39Z,cbc,1,31,55,0,0,0.0,,0,0,0,0,0,0
2026-09-11T05:11:39Z,globeandmail,1,110,55,0,0,0.0,,0,0,0,0,0,0
2026-09-11T05:11:39Z,abcau,1,83,55,0,0,0.0,,0,0,0,0,0,0
2026-09-11T05:11:39Z,smh,1,87,55,0,0,0.0,,0,0,0,0,0,0
2026-09-11T05:45:32Z,nyt,1,36,55,0,0,0.0,,0,0,0,0,0,0
2026-09-11T05:45:32Z,usatoday,1,28,55,0,0,0.0,,0,0,0,0,0,0
2026-09-11T05:45:32Z,nypost,1,164,55,0,0,0.0,,0,0,0,0,0,0
2026-09-11T05:45:32Z,cnn,1,50,55,0,0,0.0,,0,0,0,0,0,0
2026-09-11T05:45:32Z,foxnews,1,134,55,0,0,0.0,,0,0,0,0,0,0
2026-09-11T05:45:32Z,nbcnews,1,58,55,0,0,0.0,,0,0,0,0,0,0
2026-09-11T05:45:32Z,newsweek,1,80,55,1,3,0.05455,-1.0,0,3,0,0,0,0
2026-09-11T05:45:32Z,csmonitor,1,63,55,0,0,0.0,,0,0,0,0,0,0
2026-09-11T05:45:32Z,washexaminer,1,43,55,0,0,0.0,,0,0,0,0,0,0
2026-09-11T05:45:32Z,bbc,1,35,55,1,1,0.01818,0.0,0,0,1,0,0,0
2026-09-11T05:45:32Z,guardian,1,41,55,0,0,0.0,,0,0,0,0,0,0
2026-09-11T05:45:32Z,thetimes,1,96,55,1,1,0.01818,0.0,0,0,1,0,0,0
2026-09-11T05:45:32Z,dailymail,1,330,55,0,0,0.0,,0,0,0,0,0,0
2026-09-11T05:45:32Z,independent,1,97,55,0,0,0.0,,0,0,0,0,0,0
2026-09-11T05:45:32Z,dw,1,43,55,1,1,0.01818,0.0,0,0,1,0,0,0
2026-09-11T05:45:32Z,euronews,1,105,55,1,10,0.18182,0.0,0,0,10,0,0,0
2026-09-11T05:45:32Z,lemonde,1,34,55,0,0,0.0,,0,0,0,0,0,0
2026-09-11T05:45:32Z,lefigaro,1,192,55,0,0,0.0,,0,0,0,0,0,0
2026-09-11T05:45:32Z,lacroix,1,125,55,0,0,0.0,,0,0,0,0,0,0
2026-09-11T05:45:32Z,spiegel,1,171,55,0,0,0.0,,0,0,0,0,0,0
2026-09-11T05:45:32Z,bild,1,169,55,0,0,0.0,,0,0,0,0,0,0
2026-09-11T05:45:32Z,faz,1,140,55,0,0,0.0,,0,0,0,0,0,0
2026-09-11T05:45:32Z,tagesschau,1,47,55,0,0,0.0,,0,0,0,0,0,0
2026-09-11T05:45:32Z,elmundo,1,55,55,0,0,0.0,,0,0,0,0,0,0
2026-09-11T05:45:32Z,corriere,1,257,55,0,0,0.0,,0,0,0,0,0,0
2026-09-11T05:45:32Z,ilgiornale,1,72,55,0,0,0.0,,0,0,0,0,0,0
2026-09-11T05:45:32Z,cbc,1,31,55,0,0,0.0,,0,0,0,0,0,0
2026-09-11T05:45:32Z,globeandmail,1,110,55,0,0,0.0,,0,0,0,0,0,0
2026-09-11T05:45:32Z,abcau,1,85,55,0,0,0.0,,0,0,0,0,0,0
2026-09-11T05:45:32Z,smh,1,86,55,0,0,0.0,,0,0,0,0,0,0
2026-09-11T05:54:52Z,nyt,1,36,55,0,0,0.0,,0,0,0,0,0,0
2026-09-11T05:54:52Z,usatoday,1,28,55,0,0,0.0,,0,0,0,0,0,0
2026-09-11T05:54:52Z,nypost,1,164,55,0,0,0.0,,0,0,0,0,0,0
2026-09-11T05:54:52Z,cnn,1,50,55,0,0,0.0,,0,0,0,0,0,0
2026-09-11T05:54:52Z,foxnews,1,134,55,0,0,0.0,,0,0,0,0,0,0
2026-09-11T05:54:52Z,nbcnews,1,58,55,0,0,0.0,,0,0,0,0,0,0
2026-09-11T05:54:52Z,newsweek,1,80,55,1,3,0.05455,-1.0,0,3,0,0,0,0
2026-09-11T05:54:52Z,csmonitor,1,63,55,0,0,0.0,,0,0,0,0,0,0
2026-09-11T05:54:52Z,washexaminer,1,43,55,0,0,0.0,,0,0,0,0,0,0
2026-09-11T05:54:52Z,bbc,1,36,55,0,0,0.0,,0,0,0,0,0,0
2026-09-11T05:54:52Z,guardian,1,41,55,0,0,0.0,,0,0,0,0,0,0
2026-09-11T05:54:52Z,thetimes,1,96,55,1,1,0.01818,0.0,0,0,1,0,0,0
2026-09-11T05:54:52Z,dailymail,1,330,55,0,0,0.0,,0,0,0,0,0,0
2026-09-11T05:54:52Z,independent,1,98,55,0,0,0.0,,0,0,0,0,0,0
2026-09-11T05:54:52Z,dw,1,43,55,1,1,0.01818,0.0,0,0,1,0,0,0
2026-09-11T05:54:52Z,euronews,1,105,55,1,10,0.18182,0.0,0,0,10,0,0,0
2026-09-11T05:54:52Z,lemonde,1,34,55,0,0,0.0,,0,0,0,0,0,0
2026-09-11T05:54:52Z,lefigaro,1,192,55,0,0,0.0,,0,0,0,0,0,0
2026-09-11T05:54:52Z,lacroix,1,124,55,0,0,0.0,,0,0,0,0,0,0
2026-09-11T05:54:52Z,spiegel,1,172,55,1,1,0.01818,0.0,0,0,1,0,0,0
2026-09-11T05:54:52Z,bild,1,168,55,0,0,0.0,,0,0,0,0,0,0
2026-09-11T05:54:52Z,faz,1,140,55,0,0,0.0,,0,0,0,0,0,0
2026-09-11T05:54:52Z,tagesschau,1,47,55,0,0,0.0,,0,0,0,0,0,0
2026-09-11T05:54:52Z,elmundo,1,55,55,0,0,0.0,,0,0,0,0,0,0
2026-09-11T05:54:52Z,corriere,1,253,55,0,0,0.0,,0,0,0,0,0,0
2026-09-11T05:54:52Z,ilgiornale,1,73,55,0,0,0.0,,0,0,0,0,0,0
2026-09-11T05:54:52Z,cbc,1,31,55,0,0,0.0,,0,0,0,0,0,0
2026-09-11T05:54:52Z,globeandmail,1,110,55,0,0,0.0,,0,0,0,0,0,0
2026-09-11T05:54:52Z,abcau,1,85,55,0,0,0.0,,0,0,0,0,0,0
2026-09-11T05:54:52Z,smh,1,87,55,0,0,0.0,,0,0,0,0,0,0
2026-09-11T06:45:24Z,nyt,1,36,55,0,0,0.0,,0,0,0,0,0,0
2026-09-11T06:45:24Z,usatoday,1,28,55,0,0,0.0,,0,0,0,0,0,0
2026-09-11T06:45:24Z,nypost,1,163,55,0,0,0.0,,0,0,0,0,0,0
2026-09-11T06:45:24Z,cnn,1,49,55,0,0,0.0,,0,0,0,0,0,0
2026-09-11T06:45:24Z,foxnews,1,134,55,0,0,0.0,,0,0,0,0,0,0
2026-09-11T06:45:24Z,nbcnews,1,59,55,0,0,0.0,,0,0,0,0,0,0
2026-09-11T06:45:24Z,newsweek,1,80,55,1,3,0.05455,-1.0,0,3,0,0,0,0
2026-09-11T06:45:24Z,csmonitor,1,63,55,0,0,0.0,,0,0,0,0,0,0
2026-09-11T06:45:24Z,washexaminer,1,43,55,0,0,0.0,,0,0,0,0,0,0
2026-09-11T06:45:24Z,bbc,1,39,55,0,0,0.0,,0,0,0,0,0,0
2026-09-11T06:45:24Z,guardian,1,40,55,0,0,0.0,,0,0,0,0,0,0
2026-09-11T06:45:24Z,thetimes,1,99,55,1,1,0.01818,0.0,0,0,1,0,0,0
2026-09-11T06:45:24Z,dailymail,1,348,55,0,0,0.0,,0,0,0,0,0,0
2026-09-11T06:45:24Z,independent,1,98,55,0,0,0.0,,0,0,0,0,0,0
2026-09-11T06:45:24Z,dw,1,43,55,0,0,0.0,,0,0,0,0,0,0
2026-09-11T06:45:24Z,euronews,1,105,55,1,10,0.18182,0.0,0,0,10,0,0,0
2026-09-11T06:45:24Z,lemonde,1,33,55,0,0,0.0,,0,0,0,0,0,0
2026-09-11T06:45:24Z,lefigaro,1,192,55,0,0,0.0,,0,0,0,0,0,0
2026-09-11T06:45:24Z,lacroix,1,123,55,0,0,0.0,,0,0,0,0,0,0
2026-09-11T06:45:24Z,spiegel,1,173,55,1,1,0.01818,0.0,0,0,1,0,0,0
2026-09-11T06:45:24Z,bild,1,168,55,0,0,0.0,,0,0,0,0,0,0
2026-09-11T06:45:24Z,faz,1,140,55,0,0,0.0,,0,0,0,0,0,0
2026-09-11T06:45:24Z,tagesschau,1,45,55,0,0,0.0,,0,0,0,0,0,0
2026-09-11T06:45:24Z,elmundo,1,55,55,0,0,0.0,,0,0,0,0,0,0
2026-09-11T06:45:24Z,corriere,1,256,55,0,0,0.0,,0,0,0,0,0,0
2026-09-11T06:45:24Z,ilgiornale,1,75,55,0,0,0.0,,0,0,0,0,0,0
2026-09-11T06:45:24Z,cbc,1,31,55,0,0,0.0,,0,0,0,0,0,0
2026-09-11T06:45:24Z,globeandmail,1,109,55,0,0,0.0,,0,0,0,0,0,0
2026-09-11T06:45:24Z,abcau,1,84,55,0,0,0.0,,0,0,0,0,0,0
2026-09-11T06:45:24Z,smh,1,87,55,2,6,0.10909,0.0,0,0,6,0,0,0
2026-09-11T07:45:26Z,nyt,1,36,55,0,0,0.0,,0,0,0,0,0,0
2026-09-11T07:45:26Z,usatoday,1,28,55,0,0,0.0,,0,0,0,0,0,0
2026-09-11T07:45:26Z,nypost,1,144,55,0,0,0.0,,0,0,0,0,0,0
2026-09-11T07:45:26Z,cnn,1,49,55,0,0,0.0,,0,0,0,0,0,0
2026-09-11T07:45:26Z,foxnews,1,134,55,0,0,0.0,,0,0,0,0,0,0
2026-09-11T07:45:26Z,nbcnews,1,60,55,0,0,0.0,,0,0,0,0,0,0
2026-09-11T07:45:26Z,newsweek,1,80,55,1,3,0.05455,-1.0,0,3,0,0,0,0
2026-09-11T07:45:26Z,csmonitor,1,63,55,0,0,0.0,,0,0,0,0,0,0
2026-09-11T07:45:26Z,washexaminer,1,43,55,0,0,0.0,,0,0,0,0,0,0
2026-09-11T07:45:26Z,bbc,1,37,55,0,0,0.0,,0,0,0,0,0,0
2026-09-11T07:45:26Z,guardian,1,39,55,0,0,0.0,,0,0,0,0,0,0
2026-09-11T07:45:26Z,thetimes,1,100,55,1,1,0.01818,0.0,0,0,1,0,0,0
2026-09-11T07:45:26Z,dailymail,1,314,55,0,0,0.0,,0,0,0,0,0,0
2026-09-11T07:45:26Z,independent,1,96,55,0,0,0.0,,0,0,0,0,0,0
2026-09-11T07:45:26Z,dw,1,43,55,0,0,0.0,,0,0,0,0,0,0
2026-09-11T07:45:26Z,euronews,1,104,55,1,10,0.18182,0.0,0,0,10,0,0,0
2026-09-11T07:45:26Z,lemonde,1,33,55,0,0,0.0,,0,0,0,0,0,0
2026-09-11T07:45:26Z,lefigaro,1,190,55,0,0,0.0,,0,0,0,0,0,0
2026-09-11T07:45:26Z,lacroix,1,123,55,0,0,0.0,,0,0,0,0,0,0
2026-09-11T07:45:26Z,spiegel,1,167,55,1,1,0.01818,0.0,0,0,1,0,0,0
2026-09-11T07:45:26Z,bild,1,171,55,0,0,0.0,,0,0,0,0,0,0
2026-09-11T07:45:26Z,faz,1,140,55,0,0,0.0,,0,0,0,0,0,0
2026-09-11T07:45:26Z,tagesschau,1,46,55,0,0,0.0,,0,0,0,0,0,0
2026-09-11T07:45:26Z,elmundo,1,57,55,0,0,0.0,,0,0,0,0,0,0
2026-09-11T07:45:26Z,corriere,1,249,55,0,0,0.0,,0,0,0,0,0,0
2026-09-11T07:45:26Z,ilgiornale,1,75,55,0,0,0.0,,0,0,0,0,0,0
2026-09-11T07:45:26Z,cbc,1,31,55,0,0,0.0,,0,0,0,0,0,0
2026-09-11T07:45:26Z,globeandmail,1,110,55,0,0,0.0,,0,0,0,0,0,0
2026-09-11T07:45:26Z,abcau,1,80,55,0,0,0.0,,0,0,0,0,0,0
2026-09-11T07:45:26Z,smh,1,87,55,2,6,0.10909,0.0,0,0,6,0,0,0
2026-09-11T08:45:27Z,nyt,1,37,55,0,0,0.0,,0,0,0,0,0,0
2026-09-11T08:45:27Z,usatoday,1,28,55,0,0,0.0,,0,0,0,0,0,0
2026-09-11T08:45:27Z,nypost,1,163,55,0,0,0.0,,0,0,0,0,0,0
2026-09-11T08:45:27Z,cnn,1,49,55,0,0,0.0,,0,0,0,0,0,0
2026-09-11T08:45:27Z,foxnews,1,134,55,0,0,0.0,,0,0,0,0,0,0
2026-09-11T08:45:27Z,nbcnews,1,60,55,0,0,0.0,,0,0,0,0,0,0
2026-09-11T08:45:27Z,newsweek,1,77,55,1,3,0.05455,-1.0,0,3,0,0,0,0
2026-09-11T08:45:27Z,csmonitor,1,63,55,0,0,0.0,,0,0,0,0,0,0
2026-09-11T08:45:27Z,washexaminer,1,43,55,0,0,0.0,,0,0,0,0,0,0
2026-09-11T08:45:27Z,bbc,1,39,55,0,0,0.0,,0,0,0,0,0,0
2026-09-11T08:45:27Z,guardian,1,41,55,0,0,0.0,,0,0,0,0,0,0
2026-09-11T08:45:27Z,thetimes,1,102,55,1,1,0.01818,-1.0,0,1,0,0,0,0
2026-09-11T08:45:27Z,dailymail,1,325,55,0,0,0.0,,0,0,0,0,0,0
2026-09-11T08:45:27Z,independent,1,97,55,0,0,0.0,,0,0,0,0,0,0
2026-09-11T08:45:27Z,dw,1,44,55,0,0,0.0,,0,0,0,0,0,0
2026-09-11T08:45:27Z,euronews,1,105,55,1,10,0.18182,0.0,0,0,10,0,0,0
2026-09-11T08:45:27Z,lemonde,1,32,55,0,0,0.0,,0,0,0,0,0,0
2026-09-11T08:45:27Z,lefigaro,1,186,55,1,1,0.01818,0.0,0,0,1,0,0,0
2026-09-11T08:45:27Z,lacroix,1,125,55,0,0,0.0,,0,0,0,0,0,0
2026-09-11T08:45:27Z,spiegel,1,161,55,0,0,0.0,,0,0,0,0,0,0
2026-09-11T08:45:27Z,bild,1,166,55,0,0,0.0,,0,0,0,0,0,0
2026-09-11T08:45:27Z,faz,1,140,55,0,0,0.0,,0,0,0,0,0,0
2026-09-11T08:45:27Z,tagesschau,1,46,55,0,0,0.0,,0,0,0,0,0,0
2026-09-11T08:45:27Z,elmundo,1,57,55,0,0,0.0,,0,0,0,0,0,0
2026-09-11T08:45:27Z,corriere,1,238,55,0,0,0.0,,0,0,0,0,0,0
2026-09-11T08:45:27Z,ilgiornale,1,54,55,0,0,0.0,,0,0,0,0,0,0
2026-09-11T08:45:27Z,cbc,1,29,55,0,0,0.0,,0,0,0,0,0,0
2026-09-11T08:45:27Z,globeandmail,1,109,55,0,0,0.0,,0,0,0,0,0,0
2026-09-11T08:45:27Z,abcau,1,82,55,0,0,0.0,,0,0,0,0,0,0
2026-09-11T08:45:27Z,smh,1,87,55,0,0,0.0,,0,0,0,0,0,0
2026-09-11T09:45:31Z,nyt,1,37,55,0,0,0.0,,0,0,0,0,0,0
2026-09-11T09:45:31Z,usatoday,1,28,55,0,0,0.0,,0,0,0,0,0,0
2026-09-11T09:45:31Z,nypost,1,147,55,0,0,0.0,,0,0,0,0,0,0
2026-09-11T09:45:31Z,cnn,1,48,55,0,0,0.0,,0,0,0,0,0,0
2026-09-11T09:45:31Z,foxnews,1,137,55,0,0,0.0,,0,0,0,0,0,0
2026-09-11T09:45:31Z,nbcnews,1,59,55,0,0,0.0,,0,0,0,0,0,0
2026-09-11T09:45:31Z,newsweek,1,76,55,0,0,0.0,,0,0,0,0,0,0
2026-09-11T09:45:31Z,csmonitor,1,63,55,0,0,0.0,,0,0,0,0,0,0
2026-09-11T09:45:31Z,washexaminer,1,45,55,0,0,0.0,,0,0,0,0,0,0
2026-09-11T09:45:31Z,bbc,1,39,55,0,0,0.0,,0,0,0,0,0,0
2026-09-11T09:45:31Z,guardian,1,42,55,0,0,0.0,,0,0,0,0,0,0
2026-09-11T09:45:31Z,thetimes,1,95,55,1,1,0.01818,-1.0,0,1,0,0,0,0
2026-09-11T09:45:31Z,dailymail,1,341,55,0,0,0.0,,0,0,0,0,0,0
2026-09-11T09:45:31Z,independent,1,99,55,0,0,0.0,,0,0,0,0,0,0
2026-09-11T09:45:31Z,dw,1,43,55,0,0,0.0,,0,0,0,0,0,0
2026-09-11T09:45:31Z,euronews,1,106,55,2,15,0.27273,0.0,0,0,15,0,0,0
2026-09-11T09:45:31Z,lemonde,1,33,55,0,0,0.0,,0,0,0,0,0,0
2026-09-11T09:45:31Z,lefigaro,1,191,55,0,0,0.0,,0,0,0,0,0,0
2026-09-11T09:45:31Z,lacroix,1,126,55,0,0,0.0,,0,0,0,0,0,0
2026-09-11T09:45:31Z,spiegel,1,161,55,0,0,0.0,,0,0,0,0,0,0
2026-09-11T09:45:31Z,bild,1,168,55,0,0,0.0,,0,0,0,0,0,0
2026-09-11T09:45:31Z,faz,1,140,55,0,0,0.0,,0,0,0,0,0,0
2026-09-11T09:45:31Z,tagesschau,1,47,55,0,0,0.0,,0,0,0,0,0,0
2026-09-11T09:45:31Z,elmundo,1,59,55,0,0,0.0,,0,0,0,0,0,0
2026-09-11T09:45:31Z,corriere,1,236,55,0,0,0.0,,0,0,0,0,0,0
2026-09-11T09:45:31Z,ilgiornale,1,56,55,0,0,0.0,,0,0,0,0,0,0
2026-09-11T09:45:31Z,cbc,1,28,55,0,0,0.0,,0,0,0,0,0,0
2026-09-11T09:45:31Z,globeandmail,1,110,55,0,0,0.0,,0,0,0,0,0,0
2026-09-11T09:45:31Z,abcau,1,77,55,0,0,0.0,,0,0,0,0,0,0
2026-09-11T09:45:31Z,smh,1,81,55,0,0,0.0,,0,0,0,0,0,0
2026-09-11T09:59:06Z,nyt,1,37,55,0,0,0.0,,0,0,0,0,0,0
2026-09-11T09:59:06Z,usatoday,1,28,55,0,0,0.0,,0,0,0,0,0,0
2026-09-11T09:59:06Z,nypost,1,164,55,0,0,0.0,,0,0,0,0,0,0
2026-09-11T09:59:06Z,cnn,1,48,55,0,0,0.0,,0,0,0,0,0,0
2026-09-11T09:59:06Z,foxnews,1,134,55,0,0,0.0,,0,0,0,0,0,0
2026-09-11T09:59:06Z,nbcnews,1,61,55,0,0,0.0,,0,0,0,0,0,0
2026-09-11T09:59:06Z,newsweek,1,76,55,0,0,0.0,,0,0,0,0,0,0
2026-09-11T09:59:06Z,csmonitor,1,63,55,0,0,0.0,,0,0,0,0,0,0
2026-09-11T09:59:06Z,washexaminer,1,45,55,0,0,0.0,,0,0,0,0,0,0
2026-09-11T09:59:06Z,bbc,1,39,55,0,0,0.0,,0,0,0,0,0,0
2026-09-11T09:59:06Z,guardian,1,42,55,0,0,0.0,,0,0,0,0,0,0
2026-09-11T09:59:06Z,thetimes,1,95,55,1,1,0.01818,-1.0,0,1,0,0,0,0
2026-09-11T09:59:06Z,dailymail,1,341,55,0,0,0.0,,0,0,0,0,0,0
2026-09-11T09:59:06Z,independent,1,97,55,0,0,0.0,,0,0,0,0,0,0
2026-09-11T09:59:06Z,dw,1,43,55,0,0,0.0,,0,0,0,0,0,0
2026-09-11T09:59:06Z,euronews,1,105,55,1,10,0.18182,0.0,0,0,10,0,0,0
2026-09-11T09:59:06Z,lemonde,1,32,55,0,0,0.0,,0,0,0,0,0,0
2026-09-11T09:59:06Z,lefigaro,1,185,55,0,0,0.0,,0,0,0,0,0,0
2026-09-11T09:59:06Z,lacroix,1,129,55,0,0,0.0,,0,0,0,0,0,0
2026-09-11T09:59:06Z,spiegel,1,160,55,0,0,0.0,,0,0,0,0,0,0
2026-09-11T09:59:06Z,bild,1,167,55,0,0,0.0,,0,0,0,0,0,0
2026-09-11T09:59:06Z,faz,1,140,55,0,0,0.0,,0,0,0,0,0,0
2026-09-11T09:59:06Z,tagesschau,1,47,55,0,0,0.0,,0,0,0,0,0,0
2026-09-11T09:59:06Z,elmundo,1,62,55,0,0,0.0,,0,0,0,0,0,0
2026-09-11T09:59:06Z,corriere,1,230,55,0,0,0.0,,0,0,0,0,0,0
2026-09-11T09:59:06Z,ilgiornale,1,56,55,0,0,0.0,,0,0,0,0,0,0
2026-09-11T09:59:06Z,cbc,1,28,55,0,0,0.0,,0,0,0,0,0,0
2026-09-11T09:59:06Z,globeandmail,1,111,55,0,0,0.0,,0,0,0,0,0,0
2026-09-11T09:59:06Z,abcau,1,77,55,0,0,0.0,,0,0,0,0,0,0
2026-09-11T09:59:06Z,smh,1,81,55,0,0,0.0,,0,0,0,0,0,0
2026-09-11T10:45:26Z,nyt,1,37,55,0,0,0.0,,0,0,0,0,0,0
2026-09-11T10:45:26Z,usatoday,1,29,55,0,0,0.0,,0,0,0,0,0,0
2026-09-11T10:45:26Z,nypost,1,168,55,0,0,0.0,,0,0,0,0,0,0
2026-09-11T10:45:26Z,cnn,1,49,55,0,0,0.0,,0,0,0,0,0,0
2026-09-11T10:45:26Z,foxnews,1,140,55,0,0,0.0,,0,0,0,0,0,0
2026-09-11T10:45:26Z,nbcnews,1,61,55,0,0,0.0,,0,0,0,0,0,0
2026-09-11T10:45:26Z,newsweek,1,74,55,0,0,0.0,,0,0,0,0,0,0
2026-09-11T10:45:26Z,csmonitor,1,63,55,0,0,0.0,,0,0,0,0,0,0
2026-09-11T10:45:26Z,washexaminer,1,47,55,0,0,0.0,,0,0,0,0,0,0
2026-09-11T10:45:26Z,bbc,1,38,55,0,0,0.0,,0,0,0,0,0,0
2026-09-11T10:45:26Z,guardian,1,43,55,0,0,0.0,,0,0,0,0,0,0
2026-09-11T10:45:26Z,thetimes,1,0,0,0,0,,,0,0,0,0,0,0
2026-09-11T10:45:26Z,dailymail,1,342,55,0,0,0.0,,0,0,0,0,0,0
2026-09-11T10:45:26Z,independent,1,101,55,0,0,0.0,,0,0,0,0,0,0
2026-09-11T10:45:26Z,dw,1,46,55,0,0,0.0,,0,0,0,0,0,0
2026-09-11T10:45:26Z,euronews,1,104,55,1,10,0.18182,0.0,0,0,10,0,0,0
2026-09-11T10:45:26Z,lemonde,1,32,55,0,0,0.0,,0,0,0,0,0,0
2026-09-11T10:45:26Z,lefigaro,1,191,55,0,0,0.0,,0,0,0,0,0,0
2026-09-11T10:45:26Z,lacroix,1,126,55,0,0,0.0,,0,0,0,0,0,0
2026-09-11T10:45:26Z,spiegel,1,163,55,0,0,0.0,,0,0,0,0,0,0
2026-09-11T10:45:26Z,bild,1,167,55,0,0,0.0,,0,0,0,0,0,0
2026-09-11T10:45:26Z,faz,1,140,55,0,0,0.0,,0,0,0,0,0,0
2026-09-11T10:45:26Z,tagesschau,1,44,55,0,0,0.0,,0,0,0,0,0,0
2026-09-11T10:45:26Z,elmundo,1,64,55,0,0,0.0,,0,0,0,0,0,0
2026-09-11T10:45:26Z,corriere,1,241,55,0,0,0.0,,0,0,0,0,0,0
2026-09-11T10:45:26Z,ilgiornale,1,77,55,0,0,0.0,,0,0,0,0,0,0
2026-09-11T10:45:26Z,cbc,1,29,55,0,0,0.0,,0,0,0,0,0,0
2026-09-11T10:45:26Z,globeandmail,1,112,55,0,0,0.0,,0,0,0,0,0,0
2026-09-11T10:45:26Z,abcau,1,79,55,0,0,0.0,,0,0,0,0,0,0
2026-09-11T10:45:26Z,smh,1,83,55,0,0,0.0,,0,0,0,0,0,0
2026-09-11T11:12:46Z,nyt,1,37,55,0,0,0.0,,0,0,0,0,0,0
2026-09-11T11:12:46Z,usatoday,1,29,55,0,0,0.0,,0,0,0,0,0,0
2026-09-11T11:12:46Z,nypost,1,167,55,0,0,0.0,,0,0,0,0,0,0
2026-09-11T11:12:46Z,cnn,1,49,55,0,0,0.0,,0,0,0,0,0,0
2026-09-11T11:12:46Z,foxnews,1,141,55,0,0,0.0,,0,0,0,0,0,0
2026-09-11T11:12:46Z,nbcnews,1,62,55,0,0,0.0,,0,0,0,0,0,0
2026-09-11T11:12:46Z,newsweek,1,74,55,0,0,0.0,,0,0,0,0,0,0
2026-09-11T11:12:46Z,csmonitor,1,63,55,0,0,0.0,,0,0,0,0,0,0
2026-09-11T11:12:46Z,washexaminer,1,47,55,0,0,0.0,,0,0,0,0,0,0
2026-09-11T11:12:46Z,bbc,1,39,55,0,0,0.0,,0,0,0,0,0,0
2026-09-11T11:12:46Z,guardian,1,45,55,0,0,0.0,,0,0,0,0,0,0
2026-09-11T11:12:46Z,thetimes,1,95,55,1,1,0.01818,-1.0,0,1,0,0,0,0
2026-09-11T11:12:46Z,dailymail,1,344,55,0,0,0.0,,0,0,0,0,0,0
2026-09-11T11:12:46Z,independent,1,100,55,0,0,0.0,,0,0,0,0,0,0
2026-09-11T11:12:46Z,dw,1,46,55,0,0,0.0,,0,0,0,0,0,0
2026-09-11T11:12:46Z,euronews,1,102,55,1,10,0.18182,0.0,0,0,10,0,0,0
2026-09-11T11:12:46Z,lemonde,1,32,55,0,0,0.0,,0,0,0,0,0,0
2026-09-11T11:12:46Z,lefigaro,1,196,55,0,0,0.0,,0,0,0,0,0,0
2026-09-11T11:12:46Z,lacroix,1,125,55,0,0,0.0,,0,0,0,0,0,0
2026-09-11T11:12:46Z,spiegel,1,163,55,0,0,0.0,,0,0,0,0,0,0
2026-09-11T11:12:46Z,bild,1,167,55,0,0,0.0,,0,0,0,0,0,0
2026-09-11T11:12:46Z,faz,1,139,55,0,0,0.0,,0,0,0,0,0,0
2026-09-11T11:12:46Z,tagesschau,1,44,55,0,0,0.0,,0,0,0,0,0,0
2026-09-11T11:12:46Z,elmundo,1,64,55,0,0,0.0,,0,0,0,0,0,0
2026-09-11T11:12:46Z,corriere,1,242,55,0,0,0.0,,0,0,0,0,0,0
2026-09-11T11:12:46Z,ilgiornale,1,83,55,0,0,0.0,,0,0,0,0,0,0
2026-09-11T11:12:46Z,cbc,1,29,55,0,0,0.0,,0,0,0,0,0,0
2026-09-11T11:12:46Z,globeandmail,1,110,55,0,0,0.0,,0,0,0,0,0,0
2026-09-11T11:12:46Z,abcau,1,79,55,0,0,0.0,,0,0,0,0,0,0
2026-09-11T11:12:46Z,smh,1,84,55,0,0,0.0,,0,0,0,0,0,0
2026-09-11T11:45:26Z,nyt,1,37,55,0,0,0.0,,0,0,0,0,0,0
2026-09-11T11:45:26Z,usatoday,1,29,55,0,0,0.0,,0,0,0,0,0,0
2026-09-11T11:45:26Z,nypost,1,168,55,0,0,0.0,,0,0,0,0,0,0
2026-09-11T11:45:26Z,cnn,1,48,55,0,0,0.0,,0,0,0,0,0,0
2026-09-11T11:45:26Z,foxnews,1,140,55,0,0,0.0,,0,0,0,0,0,0
2026-09-11T11:45:26Z,nbcnews,1,62,55,0,0,0.0,,0,0,0,0,0,0
2026-09-11T11:45:26Z,newsweek,1,74,55,0,0,0.0,,0,0,0,0,0,0
2026-09-11T11:45:26Z,csmonitor,1,63,55,0,0,0.0,,0,0,0,0,0,0
2026-09-11T11:45:26Z,washexaminer,1,44,55,0,0,0.0,,0,0,0,0,0,0
2026-09-11T11:45:26Z,bbc,1,39,55,1,5,0.09091,0.0,0,0,5,0,0,0
2026-09-11T11:45:26Z,guardian,1,46,55,0,0,0.0,,0,0,0,0,0,0
2026-09-11T11:45:26Z,thetimes,1,95,55,1,1,0.01818,-1.0,0,1,0,0,0,0
2026-09-11T11:45:26Z,dailymail,1,339,55,0,0,0.0,,0,0,0,0,0,0
2026-09-11T11:45:26Z,independent,1,94,55,0,0,0.0,,0,0,0,0,0,0
2026-09-11T11:45:26Z,dw,1,46,55,0,0,0.0,,0,0,0,0,0,0
2026-09-11T11:45:26Z,euronews,1,103,55,1,10,0.18182,0.0,0,0,10,0,0,0
2026-09-11T11:45:26Z,lemonde,1,32,55,0,0,0.0,,0,0,0,0,0,0
2026-09-11T11:45:26Z,lefigaro,1,197,55,0,0,0.0,,0,0,0,0,0,0
2026-09-11T11:45:26Z,lacroix,1,128,55,0,0,0.0,,0,0,0,0,0,0
2026-09-11T11:45:26Z,spiegel,1,163,55,1,1,0.01818,1.0,0,0,0,1,0,0
2026-09-11T11:45:26Z,bild,1,167,55,1,10,0.18182,0.0,0,0,10,0,0,0
2026-09-11T11:45:26Z,faz,1,139,55,0,0,0.0,,0,0,0,0,0,0
2026-09-11T11:45:26Z,tagesschau,1,43,55,0,0,0.0,,0,0,0,0,0,0
2026-09-11T11:45:26Z,elmundo,1,65,55,0,0,0.0,,0,0,0,0,0,0
2026-09-11T11:45:26Z,corriere,1,240,55,0,0,0.0,,0,0,0,0,0,0
2026-09-11T11:45:26Z,ilgiornale,1,84,55,0,0,0.0,,0,0,0,0,0,0
2026-09-11T11:45:26Z,cbc,1,31,55,0,0,0.0,,0,0,0,0,0,0
2026-09-11T11:45:26Z,globeandmail,1,110,55,0,0,0.0,,0,0,0,0,0,0
2026-09-11T11:45:26Z,abcau,1,79,55,0,0,0.0,,0,0,0,0,0,0
2026-09-11T11:45:26Z,smh,1,83,55,0,0,0.0,,0,0,0,0,0,0
2026-09-11T12:45:24Z,nyt,1,38,55,0,0,0.0,,0,0,0,0,0,0
2026-09-11T12:45:24Z,usatoday,1,30,55,0,0,0.0,,0,0,0,0,0,0
2026-09-11T12:45:24Z,nypost,1,166,55,0,0,0.0,,0,0,0,0,0,0
2026-09-11T12:45:24Z,cnn,1,48,55,0,0,0.0,,0,0,0,0,0,0
2026-09-11T12:45:24Z,foxnews,1,142,55,0,0,0.0,,0,0,0,0,0,0
2026-09-11T12:45:24Z,nbcnews,1,59,55,0,0,0.0,,0,0,0,0,0,0
2026-09-11T12:45:24Z,newsweek,1,74,55,0,0,0.0,,0,0,0,0,0,0
2026-09-11T12:45:24Z,csmonitor,1,63,55,0,0,0.0,,0,0,0,0,0,0
2026-09-11T12:45:24Z,washexaminer,1,44,55,0,0,0.0,,0,0,0,0,0,0
2026-09-11T12:45:24Z,bbc,1,38,55,1,5,0.09091,0.0,0,0,5,0,0,0
2026-09-11T12:45:24Z,guardian,1,47,55,0,0,0.0,,0,0,0,0,0,0
2026-09-11T12:45:24Z,thetimes,1,95,55,1,1,0.01818,-1.0,0,1,0,0,0,0
2026-09-11T12:45:24Z,dailymail,1,355,55,0,0,0.0,,0,0,0,0,0,0
2026-09-11T12:45:24Z,independent,1,101,55,0,0,0.0,,0,0,0,0,0,0
2026-09-11T12:45:24Z,dw,1,43,55,1,5,0.09091,1.0,0,0,0,5,0,0
2026-09-11T12:45:24Z,euronews,1,104,55,1,10,0.18182,0.0,0,0,10,0,0,0
2026-09-11T12:45:24Z,lemonde,1,31,55,0,0,0.0,,0,0,0,0,0,0
2026-09-11T12:45:24Z,lefigaro,1,190,55,0,0,0.0,,0,0,0,0,0,0
2026-09-11T12:45:24Z,lacroix,1,126,55,0,0,0.0,,0,0,0,0,0,0
2026-09-11T12:45:24Z,spiegel,1,154,55,2,2,0.03636,-0.5,1,0,0,1,0,0
2026-09-11T12:45:24Z,bild,1,167,55,1,3,0.05455,1.0,0,0,0,3,0,0
2026-09-11T12:45:24Z,faz,1,139,55,0,0,0.0,,0,0,0,0,0,0
2026-09-11T12:45:24Z,tagesschau,1,44,55,0,0,0.0,,0,0,0,0,0,0
2026-09-11T12:45:24Z,elmundo,1,63,55,0,0,0.0,,0,0,0,0,0,0
2026-09-11T12:45:24Z,corriere,1,245,55,0,0,0.0,,0,0,0,0,0,0
2026-09-11T12:45:24Z,ilgiornale,1,87,55,0,0,0.0,,0,0,0,0,0,0
2026-09-11T12:45:24Z,cbc,1,31,55,0,0,0.0,,0,0,0,0,0,0
2026-09-11T12:45:24Z,globeandmail,1,109,55,0,0,0.0,,0,0,0,0,0,0
2026-09-11T12:45:24Z,abcau,1,80,55,0,0,0.0,,0,0,0,0,0,0
2026-09-11T12:45:24Z,smh,1,83,55,0,0,0.0,,0,0,0,0,0,0
2026-09-11T13:45:27Z,nyt,1,39,55,1,1,0.01818,0.0,0,0,1,0,0,0
2026-09-11T13:45:27Z,usatoday,1,28,55,0,0,0.0,,0,0,0,0,0,0
2026-09-11T13:45:27Z,nypost,1,148,55,0,0,0.0,,0,0,0,0,0,0
2026-09-11T13:45:27Z,cnn,1,49,55,0,0,0.0,,0,0,0,0,0,0
2026-09-11T13:45:27Z,foxnews,1,135,55,0,0,0.0,,0,0,0,0,0,0
2026-09-11T13:45:27Z,nbcnews,1,60,55,0,0,0.0,,0,0,0,0,0,0
2026-09-11T13:45:27Z,newsweek,1,74,55,1,1,0.01818,-1.0,0,1,0,0,0,0
2026-09-11T13:45:27Z,csmonitor,1,63,55,0,0,0.0,,0,0,0,0,0,0
2026-09-11T13:45:27Z,washexaminer,1,44,55,0,0,0.0,,0,0,0,0,0,0
2026-09-11T13:45:27Z,bbc,1,38,55,1,3,0.05455,0.0,0,0,3,0,0,0
2026-09-11T13:45:27Z,guardian,1,45,55,0,0,0.0,,0,0,0,0,0,0
2026-09-11T13:45:27Z,thetimes,1,94,55,1,3,0.05455,-1.0,0,3,0,0,0,0
2026-09-11T13:45:27Z,dailymail,1,363,55,0,0,0.0,,0,0,0,0,0,0
2026-09-11T13:45:27Z,independent,1,101,55,0,0,0.0,,0,0,0,0,0,0
2026-09-11T13:45:27Z,dw,1,43,55,1,5,0.09091,1.0,0,0,0,5,0,0
2026-09-11T13:45:27Z,euronews,1,105,55,1,10,0.18182,0.0,0,0,10,0,0,0
2026-09-11T13:45:27Z,lemonde,1,31,55,0,0,0.0,,0,0,0,0,0,0
2026-09-11T13:45:27Z,lefigaro,1,191,55,0,0,0.0,,0,0,0,0,0,0
2026-09-11T13:45:27Z,lacroix,1,126,55,0,0,0.0,,0,0,0,0,0,0
2026-09-11T13:45:27Z,spiegel,1,157,55,1,1,0.01818,1.0,0,0,0,1,0,0
2026-09-11T13:45:27Z,bild,1,169,55,1,3,0.05455,1.0,0,0,0,3,0,0
2026-09-11T13:45:27Z,faz,1,139,55,0,0,0.0,,0,0,0,0,0,0
2026-09-11T13:45:27Z,tagesschau,1,48,55,1,3,0.05455,1.0,0,0,0,3,0,0
2026-09-11T13:45:27Z,elmundo,1,57,55,0,0,0.0,,0,0,0,0,0,0
2026-09-11T13:45:27Z,corriere,1,242,55,0,0,0.0,,0,0,0,0,0,0
2026-09-11T13:45:27Z,ilgiornale,1,88,55,0,0,0.0,,0,0,0,0,0,0
2026-09-11T13:45:27Z,cbc,1,30,55,0,0,0.0,,0,0,0,0,0,0
2026-09-11T13:45:27Z,globeandmail,1,114,55,0,0,0.0,,0,0,0,0,0,0
2026-09-11T13:45:27Z,abcau,1,80,55,0,0,0.0,,0,0,0,0,0,0
2026-09-11T13:45:27Z,smh,1,84,55,0,0,0.0,,0,0,0,0,0,0
2026-09-11T14:36:03Z,nyt,1,41,55,1,1,0.01818,0.0,0,0,1,0,0,0
2026-09-11T14:36:03Z,usatoday,1,27,55,0,0,0.0,,0,0,0,0,0,0
2026-09-11T14:36:03Z,nypost,1,165,55,0,0,0.0,,0,0,0,0,0,0
2026-09-11T14:36:03Z,cnn,1,49,55,0,0,0.0,,0,0,0,0,0,0
2026-09-11T14:36:03Z,foxnews,1,134,55,0,0,0.0,,0,0,0,0,0,0
2026-09-11T14:36:03Z,nbcnews,1,60,55,0,0,0.0,,0,0,0,0,0,0
2026-09-11T14:36:03Z,newsweek,1,74,55,1,1,0.01818,-1.0,0,1,0,0,0,0
2026-09-11T14:36:03Z,csmonitor,1,63,55,0,0,0.0,,0,0,0,0,0,0
2026-09-11T14:36:03Z,washexaminer,1,46,55,0,0,0.0,,0,0,0,0,0,0
2026-09-11T14:36:03Z,bbc,1,38,55,1,3,0.05455,0.0,0,0,3,0,0,0
2026-09-11T14:36:03Z,guardian,1,46,55,0,0,0.0,,0,0,0,0,0,0
2026-09-11T14:36:03Z,thetimes,1,94,55,1,3,0.05455,-1.0,0,3,0,0,0,0
2026-09-11T14:36:03Z,dailymail,1,374,55,0,0,0.0,,0,0,0,0,0,0
2026-09-11T14:36:03Z,independent,1,103,55,0,0,0.0,,0,0,0,0,0,0
2026-09-11T14:36:03Z,dw,1,42,55,1,5,0.09091,1.0,0,0,0,5,0,0
2026-09-11T14:36:03Z,euronews,1,105,55,1,10,0.18182,0.0,0,0,10,0,0,0
2026-09-11T14:36:03Z,lemonde,1,31,55,0,0,0.0,,0,0,0,0,0,0
2026-09-11T14:36:03Z,lefigaro,1,194,55,0,0,0.0,,0,0,0,0,0,0
2026-09-11T14:36:03Z,lacroix,1,127,55,2,15,0.27273,-0.333,0,5,10,0,0,0
2026-09-11T14:36:03Z,spiegel,1,158,55,1,1,0.01818,1.0,0,0,0,1,0,0
2026-09-11T14:36:03Z,bild,1,171,55,0,0,0.0,,0,0,0,0,0,0
2026-09-11T14:36:03Z,faz,1,141,55,0,0,0.0,,0,0,0,0,0,0
2026-09-11T14:36:03Z,tagesschau,1,49,55,1,3,0.05455,1.0,0,0,0,3,0,0
2026-09-11T14:36:03Z,elmundo,1,58,55,0,0,0.0,,0,0,0,0,0,0
2026-09-11T14:36:03Z,corriere,1,243,55,0,0,0.0,,0,0,0,0,0,0
2026-09-11T14:36:03Z,ilgiornale,1,89,55,0,0,0.0,,0,0,0,0,0,0
2026-09-11T14:36:03Z,cbc,1,30,55,0,0,0.0,,0,0,0,0,0,0
2026-09-11T14:36:03Z,globeandmail,1,113,55,0,0,0.0,,0,0,0,0,0,0
2026-09-11T14:36:03Z,abcau,1,80,55,0,0,0.0,,0,0,0,0,0,0
2026-09-11T14:36:03Z,smh,1,86,55,0,0,0.0,,0,0,0,0,0,0
2026-09-11T14:45:24Z,nyt,1,41,55,1,1,0.01818,0.0,0,0,1,0,0,0
2026-09-11T14:45:24Z,usatoday,1,27,55,0,0,0.0,,0,0,0,0,0,0
2026-09-11T14:45:24Z,nypost,1,166,55,0,0,0.0,,0,0,0,0,0,0
2026-09-11T14:45:24Z,cnn,1,49,55,0,0,0.0,,0,0,0,0,0,0
2026-09-11T14:45:24Z,foxnews,1,135,55,0,0,0.0,,0,0,0,0,0,0
2026-09-11T14:45:24Z,nbcnews,1,60,55,0,0,0.0,,0,0,0,0,0,0
2026-09-11T14:45:24Z,newsweek,1,74,55,1,1,0.01818,-1.0,0,1,0,0,0,0
2026-09-11T14:45:24Z,csmonitor,1,63,55,0,0,0.0,,0,0,0,0,0,0
2026-09-11T14:45:24Z,washexaminer,1,45,55,0,0,0.0,,0,0,0,0,0,0
2026-09-11T14:45:24Z,bbc,1,38,55,1,3,0.05455,0.0,0,0,3,0,0,0
2026-09-11T14:45:24Z,guardian,1,46,55,0,0,0.0,,0,0,0,0,0,0
2026-09-11T14:45:24Z,thetimes,1,94,55,0,0,0.0,,0,0,0,0,0,0
2026-09-11T14:45:24Z,dailymail,1,376,55,0,0,0.0,,0,0,0,0,0,0
2026-09-11T14:45:24Z,independent,1,103,55,0,0,0.0,,0,0,0,0,0,0
2026-09-11T14:45:24Z,dw,1,42,55,1,5,0.09091,1.0,0,0,0,5,0,0
2026-09-11T14:45:24Z,euronews,1,105,55,1,10,0.18182,0.0,0,0,10,0,0,0
2026-09-11T14:45:24Z,lemonde,1,34,55,0,0,0.0,,0,0,0,0,0,0
2026-09-11T14:45:24Z,lefigaro,1,193,55,0,0,0.0,,0,0,0,0,0,0
2026-09-11T14:45:24Z,lacroix,1,127,55,2,15,0.27273,-0.333,0,5,10,0,0,0
2026-09-11T14:45:24Z,spiegel,1,157,55,1,1,0.01818,1.0,0,0,0,1,0,0
2026-09-11T14:45:24Z,bild,1,171,55,0,0,0.0,,0,0,0,0,0,0
2026-09-11T14:45:24Z,faz,1,141,55,0,0,0.0,,0,0,0,0,0,0
2026-09-11T14:45:24Z,tagesschau,1,49,55,1,3,0.05455,1.0,0,0,0,3,0,0
2026-09-11T14:45:24Z,elmundo,1,58,55,0,0,0.0,,0,0,0,0,0,0
2026-09-11T14:45:24Z,corriere,1,243,55,0,0,0.0,,0,0,0,0,0,0
2026-09-11T14:45:24Z,ilgiornale,1,89,55,0,0,0.0,,0,0,0,0,0,0
2026-09-11T14:45:24Z,cbc,1,31,55,0,0,0.0,,0,0,0,0,0,0
2026-09-11T14:45:24Z,globeandmail,1,113,55,0,0,0.0,,0,0,0,0,0,0
2026-09-11T14:45:24Z,abcau,1,80,55,0,0,0.0,,0,0,0,0,0,0
2026-09-11T14:45:24Z,smh,1,86,55,0,0,0.0,,0,0,0,0,0,0
2026-09-11T15:45:23Z,nyt,1,41,55,1,1,0.01818,0.0,0,0,1,0,0,0
2026-09-11T15:45:23Z,usatoday,1,29,55,0,0,0.0,,0,0,0,0,0,0
2026-09-11T15:45:23Z,nypost,1,165,55,0,0,0.0,,0,0,0,0,0,0
2026-09-11T15:45:23Z,cnn,1,49,55,0,0,0.0,,0,0,0,0,0,0
2026-09-11T15:45:23Z,foxnews,1,136,55,0,0,0.0,,0,0,0,0,0,0
2026-09-11T15:45:23Z,nbcnews,1,59,55,0,0,0.0,,0,0,0,0,0,0
2026-09-11T15:45:23Z,newsweek,1,73,55,0,0,0.0,,0,0,0,0,0,0
2026-09-11T15:45:23Z,csmonitor,1,63,55,0,0,0.0,,0,0,0,0,0,0
2026-09-11T15:45:23Z,washexaminer,1,47,55,0,0,0.0,,0,0,0,0,0,0
2026-09-11T15:45:23Z,bbc,1,37,55,1,5,0.09091,0.0,0,0,5,0,0,0
2026-09-11T15:45:23Z,guardian,1,46,55,0,0,0.0,,0,0,0,0,0,0
2026-09-11T15:45:23Z,thetimes,1,98,55,0,0,0.0,,0,0,0,0,0,0
2026-09-11T15:45:23Z,dailymail,1,391,55,0,0,0.0,,0,0,0,0,0,0
2026-09-11T15:45:23Z,independent,1,104,55,0,0,0.0,,0,0,0,0,0,0
2026-09-11T15:45:23Z,dw,1,42,55,1,3,0.05455,1.0,0,0,0,3,0,0
2026-09-11T15:45:23Z,euronews,1,106,55,1,10,0.18182,0.0,0,0,10,0,0,0
2026-09-11T15:45:23Z,lemonde,1,34,55,0,0,0.0,,0,0,0,0,0,0
2026-09-11T15:45:23Z,lefigaro,1,189,55,0,0,0.0,,0,0,0,0,0,0
2026-09-11T15:45:23Z,lacroix,1,128,55,2,10,0.18182,-0.5,0,5,5,0,0,0
2026-09-11T15:45:23Z,spiegel,1,157,55,0,0,0.0,,0,0,0,0,0,0
2026-09-11T15:45:23Z,bild,1,173,55,0,0,0.0,,0,0,0,0,0,0
2026-09-11T15:45:23Z,faz,1,141,55,0,0,0.0,,0,0,0,0,0,0
2026-09-11T15:45:23Z,tagesschau,1,51,55,1,1,0.01818,1.0,0,0,0,1,0,0
2026-09-11T15:45:23Z,elmundo,1,59,55,0,0,0.0,,0,0,0,0,0,0
2026-09-11T15:45:23Z,corriere,1,237,55,0,0,0.0,,0,0,0,0,0,0
2026-09-11T15:45:23Z,ilgiornale,1,90,55,1,1,0.01818,0.0,0,0,1,0,0,0
2026-09-11T15:45:23Z,cbc,1,33,55,0,0,0.0,,0,0,0,0,0,0
2026-09-11T15:45:23Z,globeandmail,1,117,55,0,0,0.0,,0,0,0,0,0,0
2026-09-11T15:45:23Z,abcau,1,80,55,0,0,0.0,,0,0,0,0,0,0
2026-09-11T15:45:23Z,smh,1,86,55,0,0,0.0,,0,0,0,0,0,0
2026-09-11T16:24:38Z,nyt,1,35,55,1,1,0.01818,0.0,0,0,1,0,0,0
2026-09-11T16:24:38Z,usatoday,1,28,55,0,0,0.0,,0,0,0,0,0,0
2026-09-11T16:24:38Z,nypost,1,164,55,0,0,0.0,,0,0,0,0,0,0
2026-09-11T16:24:38Z,cnn,1,49,55,0,0,0.0,,0,0,0,0,0,0
2026-09-11T16:24:38Z,foxnews,1,134,55,0,0,0.0,,0,0,0,0,0,0
2026-09-11T16:24:38Z,nbcnews,1,59,55,0,0,0.0,,0,0,0,0,0,0
2026-09-11T16:24:38Z,newsweek,1,73,55,0,0,0.0,,0,0,0,0,0,0
2026-09-11T16:24:38Z,csmonitor,1,63,55,0,0,0.0,,0,0,0,0,0,0
2026-09-11T16:24:38Z,washexaminer,1,48,55,0,0,0.0,,0,0,0,0,0,0
2026-09-11T16:24:38Z,bbc,1,38,55,1,5,0.09091,0.0,0,0,5,0,0,0
2026-09-11T16:24:38Z,guardian,1,43,55,0,0,0.0,,0,0,0,0,0,0
2026-09-11T16:24:38Z,thetimes,1,99,55,0,0,0.0,,0,0,0,0,0,0
2026-09-11T16:24:38Z,dailymail,1,394,55,0,0,0.0,,0,0,0,0,0,0
2026-09-11T16:24:38Z,independent,1,93,55,0,0,0.0,,0,0,0,0,0,0
2026-09-11T16:24:38Z,dw,1,42,55,1,3,0.05455,1.0,0,0,0,3,0,0
2026-09-11T16:24:38Z,euronews,1,105,55,1,10,0.18182,0.0,0,0,10,0,0,0
2026-09-11T16:24:38Z,lemonde,1,36,55,0,0,0.0,,0,0,0,0,0,0
2026-09-11T16:24:38Z,lefigaro,1,190,55,0,0,0.0,,0,0,0,0,0,0
2026-09-11T16:24:38Z,lacroix,1,126,55,0,0,0.0,,0,0,0,0,0,0
2026-09-11T16:24:38Z,spiegel,1,155,55,0,0,0.0,,0,0,0,0,0,0
2026-09-11T16:24:38Z,bild,1,172,55,0,0,0.0,,0,0,0,0,0,0
2026-09-11T16:24:38Z,faz,1,141,55,0,0,0.0,,0,0,0,0,0,0
2026-09-11T16:24:38Z,tagesschau,1,51,55,1,1,0.01818,1.0,0,0,0,1,0,0
2026-09-11T16:24:38Z,elmundo,1,60,55,0,0,0.0,,0,0,0,0,0,0
2026-09-11T16:24:38Z,corriere,1,238,55,0,0,0.0,,0,0,0,0,0,0
2026-09-11T16:24:38Z,ilgiornale,1,80,55,0,0,0.0,,0,0,0,0,0,0
2026-09-11T16:24:38Z,cbc,1,33,55,0,0,0.0,,0,0,0,0,0,0
2026-09-11T16:24:38Z,globeandmail,1,114,55,0,0,0.0,,0,0,0,0,0,0
2026-09-11T16:24:38Z,abcau,1,80,55,0,0,0.0,,0,0,0,0,0,0
2026-09-11T16:24:38Z,smh,1,86,55,0,0,0.0,,0,0,0,0,0,0
2026-09-11T16:45:26Z,nyt,1,35,55,1,1,0.01818,0.0,0,0,1,0,0,0
2026-09-11T16:45:26Z,usatoday,1,28,55,0,0,0.0,,0,0,0,0,0,0
2026-09-11T16:45:26Z,nypost,1,165,55,0,0,0.0,,0,0,0,0,0,0
2026-09-11T16:45:26Z,cnn,1,49,55,0,0,0.0,,0,0,0,0,0,0
2026-09-11T16:45:26Z,foxnews,1,134,55,0,0,0.0,,0,0,0,0,0,0
2026-09-11T16:45:26Z,nbcnews,1,60,55,0,0,0.0,,0,0,0,0,0,0
2026-09-11T16:45:26Z,newsweek,1,73,55,0,0,0.0,,0,0,0,0,0,0
2026-09-11T16:45:26Z,csmonitor,1,63,55,0,0,0.0,,0,0,0,0,0,0
2026-09-11T16:45:26Z,washexaminer,1,48,55,0,0,0.0,,0,0,0,0,0,0
2026-09-11T16:45:26Z,bbc,1,36,55,1,5,0.09091,0.0,0,0,5,0,0,0
2026-09-11T16:45:26Z,guardian,1,42,55,0,0,0.0,,0,0,0,0,0,0
2026-09-11T16:45:26Z,thetimes,1,98,55,0,0,0.0,,0,0,0,0,0,0
2026-09-11T16:45:26Z,dailymail,1,348,55,0,0,0.0,,0,0,0,0,0,0
2026-09-11T16:45:26Z,independent,1,93,55,0,0,0.0,,0,0,0,0,0,0
2026-09-11T16:45:26Z,dw,1,43,55,1,3,0.05455,1.0,0,0,0,3,0,0
2026-09-11T16:45:26Z,euronews,1,105,55,1,10,0.18182,0.0,0,0,10,0,0,0
2026-09-11T16:45:26Z,lemonde,1,36,55,0,0,0.0,,0,0,0,0,0,0
2026-09-11T16:45:26Z,lefigaro,1,196,55,0,0,0.0,,0,0,0,0,0,0
2026-09-11T16:45:26Z,lacroix,1,127,55,0,0,0.0,,0,0,0,0,0,0
2026-09-11T16:45:26Z,spiegel,1,156,55,0,0,0.0,,0,0,0,0,0,0
2026-09-11T16:45:26Z,bild,1,173,55,0,0,0.0,,0,0,0,0,0,0
2026-09-11T16:45:26Z,faz,1,140,55,0,0,0.0,,0,0,0,0,0,0
2026-09-11T16:45:26Z,tagesschau,1,51,55,1,1,0.01818,1.0,0,0,0,1,0,0
2026-09-11T16:45:26Z,elmundo,1,61,55,0,0,0.0,,0,0,0,0,0,0
2026-09-11T16:45:26Z,corriere,1,236,55,0,0,0.0,,0,0,0,0,0,0
2026-09-11T16:45:26Z,ilgiornale,1,80,55,0,0,0.0,,0,0,0,0,0,0
2026-09-11T16:45:26Z,cbc,1,34,55,0,0,0.0,,0,0,0,0,0,0
2026-09-11T16:45:26Z,globeandmail,1,114,55,0,0,0.0,,0,0,0,0,0,0
2026-09-11T16:45:26Z,abcau,1,80,55,0,0,0.0,,0,0,0,0,0,0
2026-09-11T16:45:26Z,smh,1,87,55,0,0,0.0,,0,0,0,0,0,0
2026-09-11T17:45:27Z,nyt,1,35,55,1,1,0.01818,0.0,0,0,1,0,0,0
2026-09-11T17:45:27Z,usatoday,1,28,55,0,0,0.0,,0,0,0,0,0,0
2026-09-11T17:45:27Z,nypost,1,165,55,1,1,0.01818,2.0,0,0,0,0,1,0
2026-09-11T17:45:27Z,cnn,1,48,55,0,0,0.0,,0,0,0,0,0,0
2026-09-11T17:45:27Z,foxnews,1,137,55,0,0,0.0,,0,0,0,0,0,0
2026-09-11T17:45:27Z,nbcnews,1,63,55,0,0,0.0,,0,0,0,0,0,0
2026-09-11T17:45:27Z,newsweek,1,74,55,0,0,0.0,,0,0,0,0,0,0
2026-09-11T17:45:27Z,csmonitor,1,63,55,0,0,0.0,,0,0,0,0,0,0
2026-09-11T17:45:27Z,washexaminer,1,48,55,0,0,0.0,,0,0,0,0,0,0
2026-09-11T17:45:27Z,bbc,1,37,55,1,5,0.09091,0.0,0,0,5,0,0,0
2026-09-11T17:45:27Z,guardian,1,38,55,0,0,0.0,,0,0,0,0,0,0
2026-09-11T17:45:27Z,thetimes,1,97,55,0,0,0.0,,0,0,0,0,0,0
2026-09-11T17:45:27Z,dailymail,1,329,55,0,0,0.0,,0,0,0,0,0,0
2026-09-11T17:45:27Z,independent,1,90,55,0,0,0.0,,0,0,0,0,0,0
2026-09-11T17:45:27Z,dw,1,43,55,1,3,0.05455,1.0,0,0,0,3,0,0
2026-09-11T17:45:27Z,euronews,1,105,55,1,10,0.18182,0.0,0,0,10,0,0,0
2026-09-11T17:45:27Z,lemonde,1,34,55,0,0,0.0,,0,0,0,0,0,0
2026-09-11T17:45:27Z,lefigaro,1,200,55,0,0,0.0,,0,0,0,0,0,0
2026-09-11T17:45:27Z,lacroix,1,122,55,0,0,0.0,,0,0,0,0,0,0
2026-09-11T17:45:27Z,spiegel,1,156,55,0,0,0.0,,0,0,0,0,0,0
2026-09-11T17:45:27Z,bild,1,172,55,0,0,0.0,,0,0,0,0,0,0
2026-09-11T17:45:27Z,faz,1,140,55,0,0,0.0,,0,0,0,0,0,0
2026-09-11T17:45:27Z,tagesschau,1,53,55,1,1,0.01818,1.0,0,0,0,1,0,0
2026-09-11T17:45:27Z,elmundo,1,61,55,0,0,0.0,,0,0,0,0,0,0
2026-09-11T17:45:27Z,corriere,1,238,55,0,0,0.0,,0,0,0,0,0,0
2026-09-11T17:45:27Z,ilgiornale,1,74,55,0,0,0.0,,0,0,0,0,0,0
2026-09-11T17:45:27Z,cbc,1,34,55,0,0,0.0,,0,0,0,0,0,0
2026-09-11T17:45:27Z,globeandmail,1,109,55,0,0,0.0,,0,0,0,0,0,0
2026-09-11T17:45:27Z,abcau,1,80,55,0,0,0.0,,0,0,0,0,0,0
2026-09-11T17:45:27Z,smh,1,86,55,0,0,0.0,,0,0,0,0,0,0
2026-09-11T17:54:26Z,nyt,1,34,55,1,1,0.01818,0.0,0,0,1,0,0,0
2026-09-11T17:54:26Z,usatoday,1,28,55,0,0,0.0,,0,0,0,0,0,0
2026-09-11T17:54:26Z,nypost,1,167,55,1,1,0.01818,2.0,0,0,0,0,1,0
2026-09-11T17:54:26Z,cnn,1,48,55,0,0,0.0,,0,0,0,0,0,0
2026-09-11T17:54:26Z,foxnews,1,136,55,0,0,0.0,,0,0,0,0,0,0
2026-09-11T17:54:26Z,nbcnews,1,62,55,0,0,0.0,,0,0,0,0,0,0
2026-09-11T17:54:26Z,newsweek,1,74,55,0,0,0.0,,0,0,0,0,0,0
2026-09-11T17:54:26Z,csmonitor,1,63,55,0,0,0.0,,0,0,0,0,0,0
2026-09-11T17:54:26Z,washexaminer,1,48,55,0,0,0.0,,0,0,0,0,0,0
2026-09-11T17:54:26Z,bbc,1,37,55,1,5,0.09091,0.0,0,0,5,0,0,0
2026-09-11T17:54:26Z,guardian,1,39,55,0,0,0.0,,0,0,0,0,0,0
2026-09-11T17:54:26Z,thetimes,1,0,0,0,0,,,0,0,0,0,0,0
2026-09-11T17:54:26Z,dailymail,1,331,55,0,0,0.0,,0,0,0,0,0,0
2026-09-11T17:54:26Z,independent,1,90,55,0,0,0.0,,0,0,0,0,0,0
2026-09-11T17:54:26Z,dw,1,43,55,1,3,0.05455,1.0,0,0,0,3,0,0
2026-09-11T17:54:26Z,euronews,1,105,55,1,10,0.18182,0.0,0,0,10,0,0,0
2026-09-11T17:54:26Z,lemonde,1,34,55,0,0,0.0,,0,0,0,0,0,0
2026-09-11T17:54:26Z,lefigaro,1,200,55,0,0,0.0,,0,0,0,0,0,0
2026-09-11T17:54:26Z,lacroix,1,122,55,0,0,0.0,,0,0,0,0,0,0
2026-09-11T17:54:26Z,spiegel,1,156,55,0,0,0.0,,0,0,0,0,0,0
2026-09-11T17:54:26Z,bild,1,172,55,0,0,0.0,,0,0,0,0,0,0
2026-09-11T17:54:26Z,faz,1,140,55,0,0,0.0,,0,0,0,0,0,0
2026-09-11T17:54:26Z,tagesschau,1,53,55,1,1,0.01818,1.0,0,0,0,1,0,0
2026-09-11T17:54:26Z,elmundo,1,61,55,0,0,0.0,,0,0,0,0,0,0
2026-09-11T17:54:26Z,corriere,1,240,55,0,0,0.0,,0,0,0,0,0,0
2026-09-11T17:54:26Z,ilgiornale,1,73,55,0,0,0.0,,0,0,0,0,0,0
2026-09-11T17:54:26Z,cbc,1,34,55,0,0,0.0,,0,0,0,0,0,0
2026-09-11T17:54:26Z,globeandmail,1,108,55,0,0,0.0,,0,0,0,0,0,0
2026-09-11T17:54:26Z,abcau,1,80,55,0,0,0.0,,0,0,0,0,0,0
2026-09-11T17:54:26Z,smh,1,86,55,0,0,0.0,,0,0,0,0,0,0
2026-09-11T18:45:25Z,nyt,1,34,55,1,1,0.01818,0.0,0,0,1,0,0,0
2026-09-11T18:45:25Z,usatoday,1,29,55,0,0,0.0,,0,0,0,0,0,0
2026-09-11T18:45:25Z,nypost,1,168,55,1,1,0.01818,2.0,0,0,0,0,1,0
2026-09-11T18:45:25Z,cnn,1,48,55,0,0,0.0,,0,0,0,0,0,0
2026-09-11T18:45:25Z,foxnews,1,136,55,0,0,0.0,,0,0,0,0,0,0
2026-09-11T18:45:25Z,nbcnews,1,64,55,0,0,0.0,,0,0,0,0,0,0
2026-09-11T18:45:25Z,newsweek,1,74,55,0,0,0.0,,0,0,0,0,0,0
2026-09-11T18:45:25Z,csmonitor,1,63,55,0,0,0.0,,0,0,0,0,0,0
2026-09-11T18:45:25Z,washexaminer,1,48,55,0,0,0.0,,0,0,0,0,0,0
2026-09-11T18:45:25Z,bbc,1,37,55,1,5,0.09091,0.0,0,0,5,0,0,0
2026-09-11T18:45:25Z,guardian,1,41,55,0,0,0.0,,0,0,0,0,0,0
2026-09-11T18:45:25Z,thetimes,1,100,55,1,1,0.01818,0.0,0,0,1,0,0,0
2026-09-11T18:45:25Z,dailymail,1,332,55,0,0,0.0,,0,0,0,0,0,0
2026-09-11T18:45:25Z,independent,1,90,55,0,0,0.0,,0,0,0,0,0,0
2026-09-11T18:45:25Z,dw,1,43,55,1,3,0.05455,1.0,0,0,0,3,0,0
2026-09-11T18:45:25Z,euronews,1,105,55,1,10,0.18182,0.0,0,0,10,0,0,0
2026-09-11T18:45:25Z,lemonde,1,34,55,0,0,0.0,,0,0,0,0,0,0
2026-09-11T18:45:25Z,lefigaro,1,197,55,0,0,0.0,,0,0,0,0,0,0
2026-09-11T18:45:25Z,lacroix,1,121,55,0,0,0.0,,0,0,0,0,0,0
2026-09-11T18:45:25Z,spiegel,1,157,55,0,0,0.0,,0,0,0,0,0,0
2026-09-11T18:45:25Z,bild,1,172,55,0,0,0.0,,0,0,0,0,0,0
2026-09-11T18:45:25Z,faz,1,141,55,0,0,0.0,,0,0,0,0,0,0
2026-09-11T18:45:25Z,tagesschau,1,53,55,1,1,0.01818,1.0,0,0,0,1,0,0
2026-09-11T18:45:25Z,elmundo,1,61,55,0,0,0.0,,0,0,0,0,0,0
2026-09-11T18:45:25Z,corriere,1,236,55,0,0,0.0,,0,0,0,0,0,0
2026-09-11T18:45:25Z,ilgiornale,1,76,55,0,0,0.0,,0,0,0,0,0,0
2026-09-11T18:45:25Z,cbc,1,32,55,0,0,0.0,,0,0,0,0,0,0
2026-09-11T18:45:25Z,globeandmail,1,109,55,0,0,0.0,,0,0,0,0,0,0
2026-09-11T18:45:25Z,abcau,1,74,55,0,0,0.0,,0,0,0,0,0,0
2026-09-11T18:45:25Z,smh,1,85,55,0,0,0.0,,0,0,0,0,0,0
2026-09-11T19:38:51Z,nyt,1,34,55,0,0,0.0,,0,0,0,0,0,0
2026-09-11T19:38:51Z,usatoday,1,29,55,0,0,0.0,,0,0,0,0,0,0
2026-09-11T19:38:51Z,nypost,1,170,55,1,1,0.01818,2.0,0,0,0,0,1,0
2026-09-11T19:38:51Z,cnn,1,48,55,0,0,0.0,,0,0,0,0,0,0
2026-09-11T19:38:51Z,foxnews,1,135,55,0,0,0.0,,0,0,0,0,0,0
2026-09-11T19:38:51Z,nbcnews,1,65,55,0,0,0.0,,0,0,0,0,0,0
2026-09-11T19:38:51Z,newsweek,1,74,55,0,0,0.0,,0,0,0,0,0,0
2026-09-11T19:38:51Z,csmonitor,1,64,55,1,5,0.09091,0.0,0,0,5,0,0,0
2026-09-11T19:38:51Z,washexaminer,1,48,55,0,0,0.0,,0,0,0,0,0,0
2026-09-11T19:38:51Z,bbc,1,36,55,1,3,0.05455,0.0,0,0,3,0,0,0
2026-09-11T19:38:51Z,guardian,1,42,55,0,0,0.0,,0,0,0,0,0,0
2026-09-11T19:38:51Z,thetimes,1,101,55,2,2,0.03636,1.0,0,0,1,0,1,0
2026-09-11T19:38:51Z,dailymail,1,340,55,0,0,0.0,,0,0,0,0,0,0
2026-09-11T19:38:51Z,independent,1,91,55,0,0,0.0,,0,0,0,0,0,0
2026-09-11T19:38:51Z,dw,1,45,55,1,3,0.05455,1.0,0,0,0,3,0,0
2026-09-11T19:38:51Z,euronews,1,105,55,1,10,0.18182,0.0,0,0,10,0,0,0
2026-09-11T19:38:51Z,lemonde,1,33,55,0,0,0.0,,0,0,0,0,0,0
2026-09-11T19:38:51Z,lefigaro,1,196,55,0,0,0.0,,0,0,0,0,0,0
2026-09-11T19:38:51Z,lacroix,1,121,55,0,0,0.0,,0,0,0,0,0,0
2026-09-11T19:38:51Z,spiegel,1,157,55,0,0,0.0,,0,0,0,0,0,0
2026-09-11T19:38:51Z,bild,1,171,55,0,0,0.0,,0,0,0,0,0,0
2026-09-11T19:38:51Z,faz,1,140,55,0,0,0.0,,0,0,0,0,0,0
2026-09-11T19:38:51Z,tagesschau,1,53,55,1,1,0.01818,1.0,0,0,0,1,0,0
2026-09-11T19:38:51Z,elmundo,1,62,55,0,0,0.0,,0,0,0,0,0,0
2026-09-11T19:38:51Z,corriere,1,237,55,0,0,0.0,,0,0,0,0,0,0
2026-09-11T19:38:51Z,ilgiornale,1,76,55,0,0,0.0,,0,0,0,0,0,0
2026-09-11T19:38:51Z,cbc,1,31,55,0,0,0.0,,0,0,0,0,0,0
2026-09-11T19:38:51Z,globeandmail,1,109,55,0,0,0.0,,0,0,0,0,0,0
2026-09-11T19:38:51Z,abcau,1,70,55,0,0,0.0,,0,0,0,0,0,0
2026-09-11T19:38:51Z,smh,1,93,55,0,0,0.0,,0,0,0,0,0,0
2026-09-11T19:45:23Z,nyt,1,34,55,0,0,0.0,,0,0,0,0,0,0
2026-09-11T19:45:23Z,usatoday,1,29,55,0,0,0.0,,0,0,0,0,0,0
2026-09-11T19:45:23Z,nypost,1,169,55,1,1,0.01818,2.0,0,0,0,0,1,0
2026-09-11T19:45:23Z,cnn,1,48,55,0,0,0.0,,0,0,0,0,0,0
2026-09-11T19:45:23Z,foxnews,1,133,55,0,0,0.0,,0,0,0,0,0,0
2026-09-11T19:45:23Z,nbcnews,1,65,55,0,0,0.0,,0,0,0,0,0,0
2026-09-11T19:45:23Z,newsweek,1,74,55,0,0,0.0,,0,0,0,0,0,0
2026-09-11T19:45:23Z,csmonitor,1,64,55,1,5,0.09091,0.0,0,0,5,0,0,0
2026-09-11T19:45:23Z,washexaminer,1,48,55,0,0,0.0,,0,0,0,0,0,0
2026-09-11T19:45:23Z,bbc,1,36,55,1,3,0.05455,0.0,0,0,3,0,0,0
2026-09-11T19:45:23Z,guardian,1,42,55,0,0,0.0,,0,0,0,0,0,0
2026-09-11T19:45:23Z,thetimes,1,101,55,2,2,0.03636,1.0,0,0,1,0,1,0
2026-09-11T19:45:23Z,dailymail,1,341,55,0,0,0.0,,0,0,0,0,0,0
2026-09-11T19:45:23Z,independent,1,91,55,0,0,0.0,,0,0,0,0,0,0
2026-09-11T19:45:23Z,dw,1,45,55,1,3,0.05455,1.0,0,0,0,3,0,0
2026-09-11T19:45:23Z,euronews,1,105,55,1,10,0.18182,0.0,0,0,10,0,0,0
2026-09-11T19:45:23Z,lemonde,1,33,55,0,0,0.0,,0,0,0,0,0,0
2026-09-11T19:45:23Z,lefigaro,1,195,55,0,0,0.0,,0,0,0,0,0,0
2026-09-11T19:45:23Z,lacroix,1,121,55,0,0,0.0,,0,0,0,0,0,0
2026-09-11T19:45:23Z,spiegel,1,157,55,0,0,0.0,,0,0,0,0,0,0
2026-09-11T19:45:23Z,bild,1,171,55,0,0,0.0,,0,0,0,0,0,0
2026-09-11T19:45:23Z,faz,1,141,55,0,0,0.0,,0,0,0,0,0,0
2026-09-11T19:45:23Z,tagesschau,1,53,55,1,1,0.01818,1.0,0,0,0,1,0,0
2026-09-11T19:45:23Z,elmundo,1,63,55,0,0,0.0,,0,0,0,0,0,0
2026-09-11T19:45:23Z,corriere,1,237,55,0,0,0.0,,0,0,0,0,0,0
2026-09-11T19:45:23Z,ilgiornale,1,76,55,0,0,0.0,,0,0,0,0,0,0
2026-09-11T19:45:23Z,cbc,1,31,55,0,0,0.0,,0,0,0,0,0,0
2026-09-11T19:45:23Z,globeandmail,1,109,55,0,0,0.0,,0,0,0,0,0,0
2026-09-11T19:45:23Z,abcau,1,70,55,0,0,0.0,,0,0,0,0,0,0
2026-09-11T19:45:23Z,smh,1,93,55,0,0,0.0,,0,0,0,0,0,0
2026-09-11T20:45:24Z,nyt,1,36,55,0,0,0.0,,0,0,0,0,0,0
2026-09-11T20:45:24Z,usatoday,1,29,55,0,0,0.0,,0,0,0,0,0,0
2026-09-11T20:45:24Z,nypost,1,169,55,1,1,0.01818,2.0,0,0,0,0,1,0
2026-09-11T20:45:24Z,cnn,1,46,55,0,0,0.0,,0,0,0,0,0,0
2026-09-11T20:45:24Z,foxnews,1,137,55,0,0,0.0,,0,0,0,0,0,0
2026-09-11T20:45:24Z,nbcnews,1,66,55,0,0,0.0,,0,0,0,0,0,0
2026-09-11T20:45:24Z,newsweek,1,74,55,1,3,0.05455,1.0,0,0,0,3,0,0
2026-09-11T20:45:24Z,csmonitor,1,64,55,1,5,0.09091,0.0,0,0,5,0,0,0
2026-09-11T20:45:24Z,washexaminer,1,47,55,0,0,0.0,,0,0,0,0,0,0
2026-09-11T20:45:24Z,bbc,1,35,55,1,3,0.05455,0.0,0,0,3,0,0,0
2026-09-11T20:45:24Z,guardian,1,40,55,0,0,0.0,,0,0,0,0,0,0
2026-09-11T20:45:24Z,thetimes,1,102,55,1,1,0.01818,0.0,0,0,1,0,0,0
2026-09-11T20:45:24Z,dailymail,1,342,55,0,0,0.0,,0,0,0,0,0,0
2026-09-11T20:45:24Z,independent,1,72,55,0,0,0.0,,0,0,0,0,0,0
2026-09-11T20:45:24Z,dw,1,44,55,1,3,0.05455,1.0,0,0,0,3,0,0
2026-09-11T20:45:24Z,euronews,1,105,55,1,10,0.18182,0.0,0,0,10,0,0,0
2026-09-11T20:45:24Z,lemonde,1,33,55,0,0,0.0,,0,0,0,0,0,0
2026-09-11T20:45:24Z,lefigaro,1,193,55,0,0,0.0,,0,0,0,0,0,0
2026-09-11T20:45:24Z,lacroix,1,122,55,0,0,0.0,,0,0,0,0,0,0
2026-09-11T20:45:24Z,spiegel,1,156,55,0,0,0.0,,0,0,0,0,0,0
2026-09-11T20:45:24Z,bild,1,173,55,0,0,0.0,,0,0,0,0,0,0
2026-09-11T20:45:24Z,faz,1,141,55,0,0,0.0,,0,0,0,0,0,0
2026-09-11T20:45:24Z,tagesschau,1,53,55,1,1,0.01818,1.0,0,0,0,1,0,0
2026-09-11T20:45:24Z,elmundo,1,62,55,0,0,0.0,,0,0,0,0,0,0
2026-09-11T20:45:24Z,corriere,1,236,55,0,0,0.0,,0,0,0,0,0,0
2026-09-11T20:45:24Z,ilgiornale,1,80,55,0,0,0.0,,0,0,0,0,0,0
2026-09-11T20:45:24Z,cbc,1,29,55,0,0,0.0,,0,0,0,0,0,0
2026-09-11T20:45:24Z,globeandmail,1,108,55,0,0,0.0,,0,0,0,0,0,0
2026-09-11T20:45:24Z,abcau,1,70,55,0,0,0.0,,0,0,0,0,0,0
2026-09-11T20:45:24Z,smh,0,0,0,0,0,,,,,,,,
2026-09-11T21:15:44Z,nyt,1,36,55,0,0,0.0,,0,0,0,0,0,0
2026-09-11T21:15:44Z,usatoday,1,29,55,0,0,0.0,,0,0,0,0,0,0
2026-09-11T21:15:44Z,nypost,1,136,55,0,0,0.0,,0,0,0,0,0,0
2026-09-11T21:15:44Z,cnn,1,46,55,0,0,0.0,,0,0,0,0,0,0
2026-09-11T21:15:44Z,foxnews,1,135,55,0,0,0.0,,0,0,0,0,0,0
2026-09-11T21:15:44Z,nbcnews,1,69,55,0,0,0.0,,0,0,0,0,0,0
2026-09-11T21:15:44Z,newsweek,1,74,55,1,3,0.05455,1.0,0,0,0,3,0,0
2026-09-11T21:15:44Z,csmonitor,1,64,55,1,5,0.09091,0.0,0,0,5,0,0,0
2026-09-11T21:15:44Z,washexaminer,1,46,55,0,0,0.0,,0,0,0,0,0,0
2026-09-11T21:15:44Z,bbc,1,35,55,1,3,0.05455,0.0,0,0,3,0,0,0
2026-09-11T21:15:44Z,guardian,1,40,55,0,0,0.0,,0,0,0,0,0,0
2026-09-11T21:15:44Z,thetimes,1,102,55,1,1,0.01818,0.0,0,0,1,0,0,0
2026-09-11T21:15:44Z,dailymail,1,347,55,0,0,0.0,,0,0,0,0,0,0
2026-09-11T21:15:44Z,independent,1,87,55,0,0,0.0,,0,0,0,0,0,0
2026-09-11T21:15:44Z,dw,1,44,55,1,3,0.05455,1.0,0,0,0,3,0,0
2026-09-11T21:15:44Z,euronews,1,105,55,1,10,0.18182,0.0,0,0,10,0,0,0
2026-09-11T21:15:44Z,lemonde,1,32,55,0,0,0.0,,0,0,0,0,0,0
2026-09-11T21:15:44Z,lefigaro,1,194,55,0,0,0.0,,0,0,0,0,0,0
2026-09-11T21:15:44Z,lacroix,1,122,55,0,0,0.0,,0,0,0,0,0,0
2026-09-11T21:15:44Z,spiegel,1,158,55,0,0,0.0,,0,0,0,0,0,0
2026-09-11T21:15:44Z,bild,1,173,55,0,0,0.0,,0,0,0,0,0,0
2026-09-11T21:15:44Z,faz,1,141,55,0,0,0.0,,0,0,0,0,0,0
2026-09-11T21:15:44Z,tagesschau,1,52,55,1,1,0.01818,1.0,0,0,0,1,0,0
2026-09-11T21:15:44Z,elmundo,1,62,55,0,0,0.0,,0,0,0,0,0,0
2026-09-11T21:15:44Z,corriere,1,227,55,0,0,0.0,,0,0,0,0,0,0
2026-09-11T21:15:44Z,ilgiornale,1,81,55,0,0,0.0,,0,0,0,0,0,0
2026-09-11T21:15:44Z,cbc,1,29,55,0,0,0.0,,0,0,0,0,0,0
2026-09-11T21:15:44Z,globeandmail,1,110,55,0,0,0.0,,0,0,0,0,0,0
2026-09-11T21:15:44Z,abcau,1,72,55,0,0,0.0,,0,0,0,0,0,0
2026-09-11T21:15:44Z,smh,1,88,55,0,0,0.0,,0,0,0,0,0,0
2026-09-11T21:45:24Z,nyt,1,36,55,0,0,0.0,,0,0,0,0,0,0
2026-09-11T21:45:24Z,usatoday,1,29,55,0,0,0.0,,0,0,0,0,0,0
2026-09-11T21:45:24Z,nypost,1,167,55,1,1,0.01818,2.0,0,0,0,0,1,0
2026-09-11T21:45:24Z,cnn,1,46,55,0,0,0.0,,0,0,0,0,0,0
2026-09-11T21:45:24Z,foxnews,1,133,55,0,0,0.0,,0,0,0,0,0,0
2026-09-11T21:45:24Z,nbcnews,1,70,55,0,0,0.0,,0,0,0,0,0,0
2026-09-11T21:45:24Z,newsweek,1,74,55,1,3,0.05455,1.0,0,0,0,3,0,0
2026-09-11T21:45:24Z,csmonitor,1,64,55,1,5,0.09091,0.0,0,0,5,0,0,0
2026-09-11T21:45:24Z,washexaminer,1,46,55,0,0,0.0,,0,0,0,0,0,0
2026-09-11T21:45:24Z,bbc,1,33,55,1,3,0.05455,0.0,0,0,3,0,0,0
2026-09-11T21:45:24Z,guardian,1,40,55,0,0,0.0,,0,0,0,0,0,0
2026-09-11T21:45:24Z,thetimes,1,100,55,1,1,0.01818,0.0,0,0,1,0,0,0
2026-09-11T21:45:24Z,dailymail,1,343,55,0,0,0.0,,0,0,0,0,0,0
2026-09-11T21:45:24Z,independent,1,85,55,0,0,0.0,,0,0,0,0,0,0
2026-09-11T21:45:24Z,dw,1,44,55,1,3,0.05455,1.0,0,0,0,3,0,0
2026-09-11T21:45:24Z,euronews,1,105,55,1,10,0.18182,0.0,0,0,10,0,0,0
2026-09-11T21:45:24Z,lemonde,1,32,55,0,0,0.0,,0,0,0,0,0,0
2026-09-11T21:45:24Z,lefigaro,1,192,55,0,0,0.0,,0,0,0,0,0,0
2026-09-11T21:45:24Z,lacroix,1,122,55,0,0,0.0,,0,0,0,0,0,0
2026-09-11T21:45:24Z,spiegel,1,157,55,0,0,0.0,,0,0,0,0,0,0
2026-09-11T21:45:24Z,bild,1,173,55,0,0,0.0,,0,0,0,0,0,0
2026-09-11T21:45:24Z,faz,1,141,55,0,0,0.0,,0,0,0,0,0,0
2026-09-11T21:45:24Z,tagesschau,1,54,55,1,1,0.01818,1.0,0,0,0,1,0,0
2026-09-11T21:45:24Z,elmundo,1,62,55,0,0,0.0,,0,0,0,0,0,0
2026-09-11T21:45:24Z,corriere,1,227,55,0,0,0.0,,0,0,0,0,0,0
2026-09-11T21:45:24Z,ilgiornale,1,81,55,0,0,0.0,,0,0,0,0,0,0
2026-09-11T21:45:24Z,cbc,1,29,55,0,0,0.0,,0,0,0,0,0,0
2026-09-11T21:45:24Z,globeandmail,1,111,55,0,0,0.0,,0,0,0,0,0,0
2026-09-11T21:45:24Z,abcau,1,68,55,0,0,0.0,,0,0,0,0,0,0
2026-09-11T21:45:24Z,smh,1,87,55,0,0,0.0,,0,0,0,0,0,0
2026-09-11T22:31:26Z,nyt,1,35,55,0,0,0.0,,0,0,0,0,0,0
2026-09-11T22:31:26Z,usatoday,1,31,55,0,0,0.0,,0,0,0,0,0,0
2026-09-11T22:31:26Z,nypost,1,170,55,1,1,0.01818,2.0,0,0,0,0,1,0
2026-09-11T22:31:26Z,cnn,1,46,55,0,0,0.0,,0,0,0,0,0,0
2026-09-11T22:31:26Z,foxnews,1,135,55,0,0,0.0,,0,0,0,0,0,0
2026-09-11T22:31:26Z,nbcnews,1,66,55,0,0,0.0,,0,0,0,0,0,0
2026-09-11T22:31:26Z,newsweek,1,74,55,1,3,0.05455,1.0,0,0,0,3,0,0
2026-09-11T22:31:26Z,csmonitor,1,64,55,1,5,0.09091,0.0,0,0,5,0,0,0
2026-09-11T22:31:26Z,washexaminer,1,48,55,0,0,0.0,,0,0,0,0,0,0
2026-09-11T22:31:26Z,bbc,1,32,55,1,1,0.01818,0.0,0,0,1,0,0,0
2026-09-11T22:31:26Z,guardian,1,41,55,0,0,0.0,,0,0,0,0,0,0
2026-09-11T22:31:26Z,thetimes,1,100,55,1,1,0.01818,0.0,0,0,1,0,0,0
2026-09-11T22:31:26Z,dailymail,1,345,55,0,0,0.0,,0,0,0,0,0,0
2026-09-11T22:31:26Z,independent,1,87,55,0,0,0.0,,0,0,0,0,0,0
2026-09-11T22:31:26Z,dw,1,44,55,1,3,0.05455,1.0,0,0,0,3,0,0
2026-09-11T22:31:26Z,euronews,1,105,55,1,10,0.18182,0.0,0,0,10,0,0,0
2026-09-11T22:31:26Z,lemonde,1,33,55,0,0,0.0,,0,0,0,0,0,0
2026-09-11T22:31:26Z,lefigaro,1,188,55,0,0,0.0,,0,0,0,0,0,0
2026-09-11T22:31:26Z,lacroix,1,122,55,0,0,0.0,,0,0,0,0,0,0
2026-09-11T22:31:26Z,spiegel,1,157,55,0,0,0.0,,0,0,0,0,0,0
2026-09-11T22:31:26Z,bild,1,174,55,0,0,0.0,,0,0,0,0,0,0
2026-09-11T22:31:26Z,faz,1,141,55,0,0,0.0,,0,0,0,0,0,0
2026-09-11T22:31:26Z,tagesschau,1,51,55,0,0,0.0,,0,0,0,0,0,0
2026-09-11T22:31:26Z,elmundo,1,63,55,0,0,0.0,,0,0,0,0,0,0
2026-09-11T22:31:26Z,corriere,1,227,55,0,0,0.0,,0,0,0,0,0,0
2026-09-11T22:31:26Z,ilgiornale,1,81,55,0,0,0.0,,0,0,0,0,0,0
2026-09-11T22:31:26Z,cbc,1,29,55,0,0,0.0,,0,0,0,0,0,0
2026-09-11T22:31:26Z,globeandmail,1,110,55,0,0,0.0,,0,0,0,0,0,0
2026-09-11T22:31:26Z,abcau,1,68,55,0,0,0.0,,0,0,0,0,0,0
2026-09-11T22:31:26Z,smh,1,88,55,0,0,0.0,,0,0,0,0,0,0
2026-09-11T22:45:24Z,nyt,1,35,55,0,0,0.0,,0,0,0,0,0,0
2026-09-11T22:45:24Z,usatoday,1,31,55,0,0,0.0,,0,0,0,0,0,0
2026-09-11T22:45:24Z,nypost,1,169,55,1,1,0.01818,2.0,0,0,0,0,1,0
2026-09-11T22:45:24Z,cnn,1,46,55,0,0,0.0,,0,0,0,0,0,0
2026-09-11T22:45:24Z,foxnews,1,136,55,0,0,0.0,,0,0,0,0,0,0
2026-09-11T22:45:24Z,nbcnews,1,66,55,0,0,0.0,,0,0,0,0,0,0
2026-09-11T22:45:24Z,newsweek,1,74,55,1,3,0.05455,1.0,0,0,0,3,0,0
2026-09-11T22:45:24Z,csmonitor,1,64,55,1,5,0.09091,0.0,0,0,5,0,0,0
2026-09-11T22:45:24Z,washexaminer,1,48,55,0,0,0.0,,0,0,0,0,0,0
2026-09-11T22:45:24Z,bbc,1,33,55,1,1,0.01818,0.0,0,0,1,0,0,0
2026-09-11T22:45:24Z,guardian,1,41,55,0,0,0.0,,0,0,0,0,0,0
2026-09-11T22:45:24Z,thetimes,1,100,55,1,1,0.01818,0.0,0,0,1,0,0,0
2026-09-11T22:45:24Z,dailymail,1,346,55,0,0,0.0,,0,0,0,0,0,0
2026-09-11T22:45:24Z,independent,1,87,55,0,0,0.0,,0,0,0,0,0,0
2026-09-11T22:45:24Z,dw,1,44,55,1,3,0.05455,1.0,0,0,0,3,0,0
2026-09-11T22:45:24Z,euronews,1,105,55,1,10,0.18182,0.0,0,0,10,0,0,0
2026-09-11T22:45:24Z,lemonde,1,33,55,0,0,0.0,,0,0,0,0,0,0
2026-09-11T22:45:24Z,lefigaro,1,188,55,0,0,0.0,,0,0,0,0,0,0
2026-09-11T22:45:24Z,lacroix,1,122,55,0,0,0.0,,0,0,0,0,0,0
2026-09-11T22:45:24Z,spiegel,1,157,55,0,0,0.0,,0,0,0,0,0,0
2026-09-11T22:45:24Z,bild,1,174,55,0,0,0.0,,0,0,0,0,0,0
2026-09-11T22:45:24Z,faz,1,141,55,0,0,0.0,,0,0,0,0,0,0
2026-09-11T22:45:24Z,tagesschau,1,51,55,0,0,0.0,,0,0,0,0,0,0
2026-09-11T22:45:24Z,elmundo,1,63,55,0,0,0.0,,0,0,0,0,0,0
2026-09-11T22:45:24Z,corriere,1,227,55,0,0,0.0,,0,0,0,0,0,0
2026-09-11T22:45:24Z,ilgiornale,1,81,55,0,0,0.0,,0,0,0,0,0,0
2026-09-11T22:45:24Z,cbc,1,29,55,0,0,0.0,,0,0,0,0,0,0
2026-09-11T22:45:24Z,globeandmail,1,109,55,0,0,0.0,,0,0,0,0,0,0
2026-09-11T22:45:24Z,abcau,1,72,55,0,0,0.0,,0,0,0,0,0,0
2026-09-11T22:45:24Z,smh,1,88,55,0,0,0.0,,0,0,0,0,0,0
2026-09-11T23:30:57Z,nyt,1,34,55,0,0,0.0,,0,0,0,0,0,0
2026-09-11T23:30:57Z,usatoday,1,30,55,0,0,0.0,,0,0,0,0,0,0
2026-09-11T23:30:57Z,nypost,1,167,55,1,1,0.01818,2.0,0,0,0,0,1,0
2026-09-11T23:30:57Z,cnn,1,46,55,0,0,0.0,,0,0,0,0,0,0
2026-09-11T23:30:57Z,foxnews,1,135,55,0,0,0.0,,0,0,0,0,0,0
2026-09-11T23:30:57Z,nbcnews,1,66,55,0,0,0.0,,0,0,0,0,0,0
2026-09-11T23:30:57Z,newsweek,1,74,55,1,3,0.05455,1.0,0,0,0,3,0,0
2026-09-11T23:30:57Z,csmonitor,1,64,55,1,5,0.09091,0.0,0,0,5,0,0,0
2026-09-11T23:30:57Z,washexaminer,1,46,55,0,0,0.0,,0,0,0,0,0,0
2026-09-11T23:30:57Z,bbc,1,32,55,1,1,0.01818,0.0,0,0,1,0,0,0
2026-09-11T23:30:57Z,guardian,1,40,55,0,0,0.0,,0,0,0,0,0,0
2026-09-11T23:30:57Z,thetimes,1,100,55,1,1,0.01818,0.0,0,0,1,0,0,0
2026-09-11T23:30:57Z,dailymail,1,344,55,0,0,0.0,,0,0,0,0,0,0
2026-09-11T23:30:57Z,independent,1,87,55,0,0,0.0,,0,0,0,0,0,0
2026-09-11T23:30:57Z,dw,1,44,55,1,3,0.05455,1.0,0,0,0,3,0,0
2026-09-11T23:30:57Z,euronews,1,105,55,1,10,0.18182,0.0,0,0,10,0,0,0
2026-09-11T23:30:57Z,lemonde,1,33,55,0,0,0.0,,0,0,0,0,0,0
2026-09-11T23:30:57Z,lefigaro,1,188,55,0,0,0.0,,0,0,0,0,0,0
2026-09-11T23:30:57Z,lacroix,1,122,55,0,0,0.0,,0,0,0,0,0,0
2026-09-11T23:30:57Z,spiegel,1,159,55,0,0,0.0,,0,0,0,0,0,0
2026-09-11T23:30:57Z,bild,1,174,55,0,0,0.0,,0,0,0,0,0,0
2026-09-11T23:30:57Z,faz,1,141,55,0,0,0.0,,0,0,0,0,0,0
2026-09-11T23:30:57Z,tagesschau,1,51,55,0,0,0.0,,0,0,0,0,0,0
2026-09-11T23:30:57Z,elmundo,1,63,55,0,0,0.0,,0,0,0,0,0,0
2026-09-11T23:30:57Z,corriere,1,220,55,0,0,0.0,,0,0,0,0,0,0
2026-09-11T23:30:57Z,ilgiornale,1,81,55,0,0,0.0,,0,0,0,0,0,0
2026-09-11T23:30:57Z,cbc,1,30,55,0,0,0.0,,0,0,0,0,0,0
2026-09-11T23:30:57Z,globeandmail,1,105,55,0,0,0.0,,0,0,0,0,0,0
2026-09-11T23:30:57Z,abcau,1,72,55,0,0,0.0,,0,0,0,0,0,0
2026-09-11T23:30:57Z,smh,1,88,55,0,0,0.0,,0,0,0,0,0,0
2026-09-11T23:45:23Z,nyt,1,34,55,0,0,0.0,,0,0,0,0,0,0
2026-09-11T23:45:23Z,usatoday,1,30,55,0,0,0.0,,0,0,0,0,0,0
2026-09-11T23:45:23Z,nypost,1,166,55,1,1,0.01818,2.0,0,0,0,0,1,0
2026-09-11T23:45:23Z,cnn,1,46,55,0,0,0.0,,0,0,0,0,0,0
2026-09-11T23:45:23Z,foxnews,1,136,55,1,3,0.05455,-1.0,0,3,0,0,0,0
2026-09-11T23:45:23Z,nbcnews,1,67,55,0,0,0.0,,0,0,0,0,0,0
2026-09-11T23:45:23Z,newsweek,1,74,55,1,3,0.05455,1.0,0,0,0,3,0,0
2026-09-11T23:45:23Z,csmonitor,1,64,55,1,5,0.09091,0.0,0,0,5,0,0,0
2026-09-11T23:45:23Z,washexaminer,1,47,55,0,0,0.0,,0,0,0,0,0,0
2026-09-11T23:45:23Z,bbc,1,33,55,1,1,0.01818,0.0,0,0,1,0,0,0
2026-09-11T23:45:23Z,guardian,1,40,55,0,0,0.0,,0,0,0,0,0,0
2026-09-11T23:45:23Z,thetimes,1,100,55,1,1,0.01818,0.0,0,0,1,0,0,0
2026-09-11T23:45:23Z,dailymail,1,349,55,0,0,0.0,,0,0,0,0,0,0
2026-09-11T23:45:23Z,independent,1,87,55,0,0,0.0,,0,0,0,0,0,0
2026-09-11T23:45:23Z,dw,1,44,55,1,3,0.05455,1.0,0,0,0,3,0,0
2026-09-11T23:45:23Z,euronews,1,105,55,1,10,0.18182,0.0,0,0,10,0,0,0
2026-09-11T23:45:23Z,lemonde,1,33,55,0,0,0.0,,0,0,0,0,0,0
2026-09-11T23:45:23Z,lefigaro,1,188,55,0,0,0.0,,0,0,0,0,0,0
2026-09-11T23:45:23Z,lacroix,1,122,55,0,0,0.0,,0,0,0,0,0,0
2026-09-11T23:45:23Z,spiegel,1,159,55,0,0,0.0,,0,0,0,0,0,0
2026-09-11T23:45:23Z,bild,1,174,55,0,0,0.0,,0,0,0,0,0,0
2026-09-11T23:45:23Z,faz,1,141,55,0,0,0.0,,0,0,0,0,0,0
2026-09-11T23:45:23Z,tagesschau,1,51,55,0,0,0.0,,0,0,0,0,0,0
2026-09-11T23:45:23Z,elmundo,1,63,55,0,0,0.0,,0,0,0,0,0,0
2026-09-11T23:45:23Z,corriere,1,227,55,0,0,0.0,,0,0,0,0,0,0
2026-09-11T23:45:23Z,ilgiornale,1,81,55,0,0,0.0,,0,0,0,0,0,0
2026-09-11T23:45:23Z,cbc,1,30,55,0,0,0.0,,0,0,0,0,0,0
2026-09-11T23:45:23Z,globeandmail,1,106,55,0,0,0.0,,0,0,0,0,0,0
2026-09-11T23:45:23Z,abcau,1,72,55,0,0,0.0,,0,0,0,0,0,0
2026-09-11T23:45:23Z,smh,1,89,55,0,0,0.0,,0,0,0,0,0,0
2026-09-12T00:45:26Z,nyt,1,34,55,0,0,0.0,,0,0,0,0,0,0
2026-09-12T00:45:26Z,usatoday,1,30,55,0,0,0.0,,0,0,0,0,0,0
2026-09-12T00:45:26Z,nypost,1,164,55,1,1,0.01818,2.0,0,0,0,0,1,0
2026-09-12T00:45:26Z,cnn,1,45,55,0,0,0.0,,0,0,0,0,0,0
2026-09-12T00:45:26Z,foxnews,1,137,55,1,3,0.05455,-1.0,0,3,0,0,0,0
2026-09-12T00:45:26Z,nbcnews,1,67,55,0,0,0.0,,0,0,0,0,0,0
2026-09-12T00:45:26Z,newsweek,1,74,55,1,3,0.05455,1.0,0,0,0,3,0,0
2026-09-12T00:45:26Z,csmonitor,1,64,55,1,5,0.09091,0.0,0,0,5,0,0,0
2026-09-12T00:45:26Z,washexaminer,1,47,55,0,0,0.0,,0,0,0,0,0,0
2026-09-12T00:45:26Z,bbc,1,33,55,1,1,0.01818,0.0,0,0,1,0,0,0
2026-09-12T00:45:26Z,guardian,1,39,55,0,0,0.0,,0,0,0,0,0,0
2026-09-12T00:45:26Z,thetimes,1,100,55,1,1,0.01818,0.0,0,0,1,0,0,0
2026-09-12T00:45:26Z,dailymail,1,351,55,0,0,0.0,,0,0,0,0,0,0
2026-09-12T00:45:26Z,independent,1,88,55,0,0,0.0,,0,0,0,0,0,0
2026-09-12T00:45:26Z,dw,1,44,55,1,3,0.05455,1.0,0,0,0,3,0,0
2026-09-12T00:45:26Z,euronews,1,105,55,1,10,0.18182,0.0,0,0,10,0,0,0
2026-09-12T00:45:26Z,lemonde,1,33,55,0,0,0.0,,0,0,0,0,0,0
2026-09-12T00:45:26Z,lefigaro,1,188,55,0,0,0.0,,0,0,0,0,0,0
2026-09-12T00:45:26Z,lacroix,1,122,55,0,0,0.0,,0,0,0,0,0,0
2026-09-12T00:45:26Z,spiegel,1,158,55,0,0,0.0,,0,0,0,0,0,0
2026-09-12T00:45:26Z,bild,1,174,55,0,0,0.0,,0,0,0,0,0,0
2026-09-12T00:45:26Z,faz,1,141,55,0,0,0.0,,0,0,0,0,0,0
2026-09-12T00:45:26Z,tagesschau,1,46,55,0,0,0.0,,0,0,0,0,0,0
2026-09-12T00:45:26Z,elmundo,1,56,55,0,0,0.0,,0,0,0,0,0,0
2026-09-12T00:45:26Z,corriere,1,227,55,0,0,0.0,,0,0,0,0,0,0
2026-09-12T00:45:26Z,ilgiornale,1,81,55,0,0,0.0,,0,0,0,0,0,0
2026-09-12T00:45:26Z,cbc,1,30,55,0,0,0.0,,0,0,0,0,0,0
2026-09-12T00:45:26Z,globeandmail,1,110,55,0,0,0.0,,0,0,0,0,0,0
2026-09-12T00:45:26Z,abcau,1,73,55,0,0,0.0,,0,0,0,0,0,0
2026-09-12T00:45:26Z,smh,1,87,55,0,0,0.0,,0,0,0,0,0,0
2026-09-12T01:04:28Z,nyt,1,34,55,0,0,0.0,,0,0,0,0,0,0
2026-09-12T01:04:28Z,usatoday,1,30,55,0,0,0.0,,0,0,0,0,0,0
2026-09-12T01:04:28Z,nypost,1,164,55,1,1,0.01818,2.0,0,0,0,0,1,0
2026-09-12T01:04:28Z,cnn,1,45,55,0,0,0.0,,0,0,0,0,0,0
2026-09-12T01:04:28Z,foxnews,1,137,55,1,3,0.05455,-1.0,0,3,0,0,0,0
2026-09-12T01:04:28Z,nbcnews,1,67,55,0,0,0.0,,0,0,0,0,0,0
2026-09-12T01:04:28Z,newsweek,1,74,55,1,3,0.05455,1.0,0,0,0,3,0,0
2026-09-12T01:04:28Z,csmonitor,1,64,55,1,5,0.09091,0.0,0,0,5,0,0,0
2026-09-12T01:04:28Z,washexaminer,1,47,55,0,0,0.0,,0,0,0,0,0,0
2026-09-12T01:04:28Z,bbc,1,33,55,1,1,0.01818,0.0,0,0,1,0,0,0
2026-09-12T01:04:28Z,guardian,1,39,55,0,0,0.0,,0,0,0,0,0,0
2026-09-12T01:04:28Z,thetimes,1,100,55,1,1,0.01818,0.0,0,0,1,0,0,0
2026-09-12T01:04:28Z,dailymail,1,352,55,1,1,0.01818,2.0,0,0,0,0,1,0
2026-09-12T01:04:28Z,independent,1,88,55,0,0,0.0,,0,0,0,0,0,0
2026-09-12T01:04:28Z,dw,1,43,55,1,3,0.05455,1.0,0,0,0,3,0,0
2026-09-12T01:04:28Z,euronews,1,105,55,1,10,0.18182,0.0,0,0,10,0,0,0
2026-09-12T01:04:28Z,lemonde,1,33,55,0,0,0.0,,0,0,0,0,0,0
2026-09-12T01:04:28Z,lefigaro,1,188,55,0,0,0.0,,0,0,0,0,0,0
2026-09-12T01:04:28Z,lacroix,1,122,55,0,0,0.0,,0,0,0,0,0,0
2026-09-12T01:04:28Z,spiegel,1,158,55,0,0,0.0,,0,0,0,0,0,0
2026-09-12T01:04:28Z,bild,1,174,55,0,0,0.0,,0,0,0,0,0,0
2026-09-12T01:04:28Z,faz,1,141,55,0,0,0.0,,0,0,0,0,0,0
2026-09-12T01:04:28Z,tagesschau,1,47,55,0,0,0.0,,0,0,0,0,0,0
2026-09-12T01:04:28Z,elmundo,1,60,55,0,0,0.0,,0,0,0,0,0,0
2026-09-12T01:04:28Z,corriere,1,227,55,0,0,0.0,,0,0,0,0,0,0
2026-09-12T01:04:28Z,ilgiornale,1,81,55,0,0,0.0,,0,0,0,0,0,0
2026-09-12T01:04:28Z,cbc,1,30,55,0,0,0.0,,0,0,0,0,0,0
2026-09-12T01:04:28Z,globeandmail,1,110,55,0,0,0.0,,0,0,0,0,0,0
2026-09-12T01:04:28Z,abcau,1,72,55,0,0,0.0,,0,0,0,0,0,0
2026-09-12T01:04:28Z,smh,1,87,55,0,0,0.0,,0,0,0,0,0,0
2026-09-12T01:30:59Z,nyt,1,35,55,0,0,0.0,,0,0,0,0,0,0
2026-09-12T01:30:59Z,usatoday,1,30,55,0,0,0.0,,0,0,0,0,0,0
2026-09-12T01:30:59Z,nypost,1,164,55,1,1,0.01818,2.0,0,0,0,0,1,0
2026-09-12T01:30:59Z,cnn,1,42,55,0,0,0.0,,0,0,0,0,0,0
2026-09-12T01:30:59Z,foxnews,1,137,55,1,3,0.05455,-1.0,0,3,0,0,0,0
2026-09-12T01:30:59Z,nbcnews,1,67,55,0,0,0.0,,0,0,0,0,0,0
2026-09-12T01:30:59Z,newsweek,1,74,55,1,3,0.05455,1.0,0,0,0,3,0,0
2026-09-12T01:30:59Z,csmonitor,1,64,55,1,5,0.09091,0.0,0,0,5,0,0,0
2026-09-12T01:30:59Z,washexaminer,1,47,55,0,0,0.0,,0,0,0,0,0,0
2026-09-12T01:30:59Z,bbc,1,34,55,1,1,0.01818,0.0,0,0,1,0,0,0
2026-09-12T01:30:59Z,guardian,1,40,55,0,0,0.0,,0,0,0,0,0,0
2026-09-12T01:30:59Z,thetimes,1,100,55,1,1,0.01818,0.0,0,0,1,0,0,0
2026-09-12T01:30:59Z,dailymail,1,356,55,1,1,0.01818,2.0,0,0,0,0,1,0
2026-09-12T01:30:59Z,independent,1,90,55,0,0,0.0,,0,0,0,0,0,0
2026-09-12T01:30:59Z,dw,1,43,55,1,3,0.05455,1.0,0,0,0,3,0,0
2026-09-12T01:30:59Z,euronews,1,105,55,1,10,0.18182,0.0,0,0,10,0,0,0
2026-09-12T01:30:59Z,lemonde,1,34,55,0,0,0.0,,0,0,0,0,0,0
2026-09-12T01:30:59Z,lefigaro,1,188,55,0,0,0.0,,0,0,0,0,0,0
2026-09-12T01:30:59Z,lacroix,1,122,55,0,0,0.0,,0,0,0,0,0,0
2026-09-12T01:30:59Z,spiegel,1,158,55,0,0,0.0,,0,0,0,0,0,0
2026-09-12T01:30:59Z,bild,1,174,55,1,5,0.09091,0.0,0,0,5,0,0,0
2026-09-12T01:30:59Z,faz,1,141,55,0,0,0.0,,0,0,0,0,0,0
2026-09-12T01:30:59Z,tagesschau,1,47,55,0,0,0.0,,0,0,0,0,0,0
2026-09-12T01:30:59Z,elmundo,1,60,55,0,0,0.0,,0,0,0,0,0,0
2026-09-12T01:30:59Z,corriere,1,227,55,0,0,0.0,,0,0,0,0,0,0
2026-09-12T01:30:59Z,ilgiornale,1,81,55,0,0,0.0,,0,0,0,0,0,0
2026-09-12T01:30:59Z,cbc,1,30,55,0,0,0.0,,0,0,0,0,0,0
2026-09-12T01:30:59Z,globeandmail,1,111,55,0,0,0.0,,0,0,0,0,0,0
2026-09-12T01:30:59Z,abcau,1,72,55,0,0,0.0,,0,0,0,0,0,0
2026-09-12T01:30:59Z,smh,1,87,55,0,0,0.0,,0,0,0,0,0,0
2026-09-12T01:45:21Z,nyt,1,35,55,0,0,0.0,,0,0,0,0,0,0
2026-09-12T01:45:21Z,usatoday,1,30,55,0,0,0.0,,0,0,0,0,0,0
2026-09-12T01:45:21Z,nypost,1,164,55,2,2,0.03636,1.5,0,0,0,1,1,0
2026-09-12T01:45:21Z,cnn,1,42,55,0,0,0.0,,0,0,0,0,0,0
2026-09-12T01:45:21Z,foxnews,1,137,55,1,3,0.05455,-1.0,0,3,0,0,0,0
2026-09-12T01:45:21Z,nbcnews,1,66,55,0,0,0.0,,0,0,0,0,0,0
2026-09-12T01:45:21Z,newsweek,1,74,55,1,3,0.05455,1.0,0,0,0,3,0,0
2026-09-12T01:45:21Z,csmonitor,1,64,55,1,5,0.09091,0.0,0,0,5,0,0,0
2026-09-12T01:45:21Z,washexaminer,1,47,55,0,0,0.0,,0,0,0,0,0,0
2026-09-12T01:45:21Z,bbc,1,33,55,1,1,0.01818,0.0,0,0,1,0,0,0
2026-09-12T01:45:21Z,guardian,1,40,55,0,0,0.0,,0,0,0,0,0,0
2026-09-12T01:45:21Z,thetimes,1,100,55,1,1,0.01818,0.0,0,0,1,0,0,0
2026-09-12T01:45:21Z,dailymail,1,356,55,1,1,0.01818,2.0,0,0,0,0,1,0
2026-09-12T01:45:21Z,independent,1,88,55,0,0,0.0,,0,0,0,0,0,0
2026-09-12T01:45:21Z,dw,1,43,55,1,3,0.05455,1.0,0,0,0,3,0,0
2026-09-12T01:45:21Z,euronews,1,105,55,1,10,0.18182,0.0,0,0,10,0,0,0
2026-09-12T01:45:21Z,lemonde,1,34,55,0,0,0.0,,0,0,0,0,0,0
2026-09-12T01:45:21Z,lefigaro,1,188,55,0,0,0.0,,0,0,0,0,0,0
2026-09-12T01:45:21Z,lacroix,1,122,55,0,0,0.0,,0,0,0,0,0,0
2026-09-12T01:45:21Z,spiegel,1,158,55,0,0,0.0,,0,0,0,0,0,0
2026-09-12T01:45:21Z,bild,1,174,55,1,5,0.09091,0.0,0,0,5,0,0,0
2026-09-12T01:45:21Z,faz,1,141,55,0,0,0.0,,0,0,0,0,0,0
2026-09-12T01:45:21Z,tagesschau,1,47,55,0,0,0.0,,0,0,0,0,0,0
2026-09-12T01:45:21Z,elmundo,1,60,55,0,0,0.0,,0,0,0,0,0,0
2026-09-12T01:45:21Z,corriere,1,227,55,0,0,0.0,,0,0,0,0,0,0
2026-09-12T01:45:21Z,ilgiornale,1,81,55,0,0,0.0,,0,0,0,0,0,0
2026-09-12T01:45:21Z,cbc,1,30,55,0,0,0.0,,0,0,0,0,0,0
2026-09-12T01:45:21Z,globeandmail,1,110,55,0,0,0.0,,0,0,0,0,0,0
2026-09-12T01:45:21Z,abcau,1,74,55,0,0,0.0,,0,0,0,0,0,0
2026-09-12T01:45:21Z,smh,1,87,55,0,0,0.0,,0,0,0,0,0,0
2026-09-12T02:45:23Z,nyt,1,34,55,0,0,0.0,,0,0,0,0,0,0
2026-09-12T02:45:23Z,usatoday,1,30,55,0,0,0.0,,0,0,0,0,0,0
2026-09-12T02:45:23Z,nypost,1,168,55,2,6,0.10909,1.167,0,0,0,5,1,0
2026-09-12T02:45:23Z,cnn,1,41,55,0,0,0.0,,0,0,0,0,0,0
2026-09-12T02:45:23Z,foxnews,1,134,55,1,1,0.01818,1.0,0,0,0,1,0,0
2026-09-12T02:45:23Z,nbcnews,1,67,55,0,0,0.0,,0,0,0,0,0,0
2026-09-12T02:45:23Z,newsweek,1,74,55,0,0,0.0,,0,0,0,0,0,0
2026-09-12T02:45:23Z,csmonitor,1,64,55,1,5,0.09091,0.0,0,0,5,0,0,0
2026-09-12T02:45:23Z,washexaminer,1,47,55,0,0,0.0,,0,0,0,0,0,0
2026-09-12T02:45:23Z,bbc,1,34,55,1,1,0.01818,0.0,0,0,1,0,0,0
2026-09-12T02:45:23Z,guardian,1,40,55,0,0,0.0,,0,0,0,0,0,0
2026-09-12T02:45:23Z,thetimes,1,100,55,1,1,0.01818,0.0,0,0,1,0,0,0
2026-09-12T02:45:23Z,dailymail,1,356,55,1,1,0.01818,2.0,0,0,0,0,1,0
2026-09-12T02:45:23Z,independent,1,88,55,0,0,0.0,,0,0,0,0,0,0
2026-09-12T02:45:23Z,dw,1,43,55,1,3,0.05455,1.0,0,0,0,3,0,0
2026-09-12T02:45:23Z,euronews,1,105,55,1,10,0.18182,0.0,0,0,10,0,0,0
2026-09-12T02:45:23Z,lemonde,1,33,55,0,0,0.0,,0,0,0,0,0,0
2026-09-12T02:45:23Z,lefigaro,1,188,55,0,0,0.0,,0,0,0,0,0,0
2026-09-12T02:45:23Z,lacroix,1,122,55,0,0,0.0,,0,0,0,0,0,0
2026-09-12T02:45:23Z,spiegel,1,159,55,0,0,0.0,,0,0,0,0,0,0
2026-09-12T02:45:23Z,bild,1,174,55,1,5,0.09091,0.0,0,0,5,0,0,0
2026-09-12T02:45:23Z,faz,1,141,55,0,0,0.0,,0,0,0,0,0,0
2026-09-12T02:45:23Z,tagesschau,1,46,55,0,0,0.0,,0,0,0,0,0,0
2026-09-12T02:45:23Z,elmundo,1,60,55,0,0,0.0,,0,0,0,0,0,0
2026-09-12T02:45:23Z,corriere,1,227,55,0,0,0.0,,0,0,0,0,0,0
2026-09-12T02:45:23Z,ilgiornale,1,81,55,0,0,0.0,,0,0,0,0,0,0
2026-09-12T02:45:23Z,cbc,1,27,55,1,3,0.05455,-1.0,0,3,0,0,0,0
2026-09-12T02:45:23Z,globeandmail,1,107,55,0,0,0.0,,0,0,0,0,0,0
2026-09-12T02:45:23Z,abcau,1,68,55,0,0,0.0,,0,0,0,0,0,0
2026-09-12T02:45:23Z,smh,1,87,55,0,0,0.0,,0,0,0,0,0,0
2026-09-12T03:45:22Z,nyt,1,34,55,1,5,0.09091,-1.0,0,5,0,0,0,0
2026-09-12T03:45:22Z,usatoday,1,30,55,0,0,0.0,,0,0,0,0,0,0
2026-09-12T03:45:22Z,nypost,1,166,55,2,6,0.10909,1.167,0,0,0,5,1,0
2026-09-12T03:45:22Z,cnn,1,41,55,0,0,0.0,,0,0,0,0,0,0
2026-09-12T03:45:22Z,foxnews,1,134,55,1,1,0.01818,1.0,0,0,0,1,0,0
2026-09-12T03:45:22Z,nbcnews,1,66,55,0,0,0.0,,0,0,0,0,0,0
2026-09-12T03:45:22Z,newsweek,1,74,55,0,0,0.0,,0,0,0,0,0,0
2026-09-12T03:45:22Z,csmonitor,1,64,55,1,5,0.09091,0.0,0,0,5,0,0,0
2026-09-12T03:45:22Z,washexaminer,1,48,55,0,0,0.0,,0,0,0,0,0,0
2026-09-12T03:45:22Z,bbc,1,34,55,1,1,0.01818,0.0,0,0,1,0,0,0
2026-09-12T03:45:22Z,guardian,1,40,55,0,0,0.0,,0,0,0,0,0,0
2026-09-12T03:45:22Z,thetimes,1,0,0,0,0,,,0,0,0,0,0,0
2026-09-12T03:45:22Z,dailymail,1,356,55,1,1,0.01818,2.0,0,0,0,0,1,0
2026-09-12T03:45:22Z,independent,1,88,55,0,0,0.0,,0,0,0,0,0,0
2026-09-12T03:45:22Z,dw,1,43,55,1,3,0.05455,1.0,0,0,0,3,0,0
2026-09-12T03:45:22Z,euronews,1,105,55,1,10,0.18182,0.0,0,0,10,0,0,0
2026-09-12T03:45:22Z,lemonde,1,37,55,0,0,0.0,,0,0,0,0,0,0
2026-09-12T03:45:22Z,lefigaro,1,188,55,0,0,0.0,,0,0,0,0,0,0
2026-09-12T03:45:22Z,lacroix,1,122,55,0,0,0.0,,0,0,0,0,0,0
2026-09-12T03:45:22Z,spiegel,1,159,55,0,0,0.0,,0,0,0,0,0,0
2026-09-12T03:45:22Z,bild,1,172,55,1,3,0.05455,0.0,0,0,3,0,0,0
2026-09-12T03:45:22Z,faz,1,141,55,0,0,0.0,,0,0,0,0,0,0
2026-09-12T03:45:22Z,tagesschau,1,48,55,0,0,0.0,,0,0,0,0,0,0
2026-09-12T03:45:22Z,elmundo,1,60,55,0,0,0.0,,0,0,0,0,0,0
2026-09-12T03:45:22Z,corriere,1,227,55,0,0,0.0,,0,0,0,0,0,0
2026-09-12T03:45:22Z,ilgiornale,1,81,55,0,0,0.0,,0,0,0,0,0,0
2026-09-12T03:45:22Z,cbc,1,27,55,1,3,0.05455,-1.0,0,3,0,0,0,0
2026-09-12T03:45:22Z,globeandmail,1,109,55,0,0,0.0,,0,0,0,0,0,0
2026-09-12T03:45:22Z,abcau,1,66,55,0,0,0.0,,0,0,0,0,0,0
2026-09-12T03:45:22Z,smh,1,89,55,0,0,0.0,,0,0,0,0,0,0
2026-09-12T04:45:23Z,nyt,1,31,55,1,5,0.09091,-1.0,0,5,0,0,0,0
2026-09-12T04:45:23Z,usatoday,1,30,55,0,0,0.0,,0,0,0,0,0,0
2026-09-12T04:45:23Z,nypost,1,166,55,2,6,0.10909,1.167,0,0,0,5,1,0
2026-09-12T04:45:23Z,cnn,1,42,55,0,0,0.0,,0,0,0,0,0,0
2026-09-12T04:45:23Z,foxnews,1,134,55,1,1,0.01818,1.0,0,0,0,1,0,0
2026-09-12T04:45:23Z,nbcnews,1,68,55,0,0,0.0,,0,0,0,0,0,0
2026-09-12T04:45:23Z,newsweek,1,74,55,0,0,0.0,,0,0,0,0,0,0
2026-09-12T04:45:23Z,csmonitor,1,64,55,1,5,0.09091,0.0,0,0,5,0,0,0
2026-09-12T04:45:23Z,washexaminer,1,49,55,0,0,0.0,,0,0,0,0,0,0
2026-09-12T04:45:23Z,bbc,1,34,55,1,1,0.01818,0.0,0,0,1,0,0,0
2026-09-12T04:45:23Z,guardian,1,39,55,0,0,0.0,,0,0,0,0,0,0
2026-09-12T04:45:23Z,thetimes,1,100,55,1,1,0.01818,0.0,0,0,1,0,0,0
2026-09-12T04:45:23Z,dailymail,1,356,55,1,1,0.01818,2.0,0,0,0,0,1,0
2026-09-12T04:45:23Z,independent,1,88,55,0,0,0.0,,0,0,0,0,0,0
2026-09-12T04:45:23Z,dw,1,43,55,1,3,0.05455,1.0,0,0,0,3,0,0
2026-09-12T04:45:23Z,euronews,1,105,55,1,10,0.18182,0.0,0,0,10,0,0,0
2026-09-12T04:45:23Z,lemonde,1,36,55,0,0,0.0,,0,0,0,0,0,0
2026-09-12T04:45:23Z,lefigaro,1,188,55,0,0,0.0,,0,0,0,0,0,0
2026-09-12T04:45:23Z,lacroix,1,123,55,0,0,0.0,,0,0,0,0,0,0
2026-09-12T04:45:23Z,spiegel,1,165,55,0,0,0.0,,0,0,0,0,0,0
2026-09-12T04:45:23Z,bild,1,167,55,1,3,0.05455,0.0,0,0,3,0,0,0
2026-09-12T04:45:23Z,faz,1,141,55,0,0,0.0,,0,0,0,0,0,0
2026-09-12T04:45:23Z,tagesschau,1,48,55,0,0,0.0,,0,0,0,0,0,0
2026-09-12T04:45:23Z,elmundo,1,61,55,0,0,0.0,,0,0,0,0,0,0
2026-09-12T04:45:23Z,corriere,1,226,55,0,0,0.0,,0,0,0,0,0,0
2026-09-12T04:45:23Z,ilgiornale,1,81,55,0,0,0.0,,0,0,0,0,0,0
2026-09-12T04:45:23Z,cbc,1,27,55,1,3,0.05455,-1.0,0,3,0,0,0,0
2026-09-12T04:45:23Z,globeandmail,1,109,55,0,0,0.0,,0,0,0,0,0,0
2026-09-12T04:45:23Z,abcau,1,67,55,0,0,0.0,,0,0,0,0,0,0
2026-09-12T04:45:23Z,smh,1,86,55,0,0,0.0,,0,0,0,0,0,0
2026-09-12T05:45:15Z,nyt,1,31,55,1,5,0.09091,-1.0,0,5,0,0,0,0
2026-09-12T05:45:15Z,usatoday,1,30,55,0,0,0.0,,0,0,0,0,0,0
2026-09-12T05:45:15Z,nypost,1,165,55,2,6,0.10909,1.167,0,0,0,5,1,0
2026-09-12T05:45:15Z,cnn,1,42,55,0,0,0.0,,0,0,0,0,0,0
2026-09-12T05:45:15Z,foxnews,1,134,55,1,1,0.01818,1.0,0,0,0,1,0,0
2026-09-12T05:45:15Z,nbcnews,1,64,55,0,0,0.0,,0,0,0,0,0,0
2026-09-12T05:45:15Z,newsweek,1,74,55,0,0,0.0,,0,0,0,0,0,0
2026-09-12T05:45:15Z,csmonitor,1,64,55,1,5,0.09091,0.0,0,0,5,0,0,0
2026-09-12T05:45:15Z,washexaminer,1,49,55,0,0,0.0,,0,0,0,0,0,0
2026-09-12T05:45:15Z,bbc,1,32,55,0,0,0.0,,0,0,0,0,0,0
2026-09-12T05:45:15Z,guardian,1,43,55,0,0,0.0,,0,0,0,0,0,0
2026-09-12T05:45:15Z,thetimes,1,100,55,1,1,0.01818,0.0,0,0,1,0,0,0
2026-09-12T05:45:15Z,dailymail,1,356,55,1,1,0.01818,2.0,0,0,0,0,1,0
2026-09-12T05:45:15Z,independent,1,88,55,0,0,0.0,,0,0,0,0,0,0
2026-09-12T05:45:15Z,dw,1,43,55,1,3,0.05455,1.0,0,0,0,3,0,0
2026-09-12T05:45:15Z,euronews,1,106,55,1,10,0.18182,0.0,0,0,10,0,0,0
2026-09-12T05:45:15Z,lemonde,1,35,55,0,0,0.0,,0,0,0,0,0,0
2026-09-12T05:45:15Z,lefigaro,1,186,55,1,3,0.05455,0.0,0,0,3,0,0,0
2026-09-12T05:45:15Z,lacroix,1,123,55,0,0,0.0,,0,0,0,0,0,0
2026-09-12T05:45:15Z,spiegel,1,163,55,0,0,0.0,,0,0,0,0,0,0
2026-09-12T05:45:15Z,bild,1,165,55,0,0,0.0,,0,0,0,0,0,0
2026-09-12T05:45:15Z,faz,1,141,55,0,0,0.0,,0,0,0,0,0,0
2026-09-12T05:45:15Z,tagesschau,1,49,55,0,0,0.0,,0,0,0,0,0,0
2026-09-12T05:45:15Z,elmundo,1,63,55,0,0,0.0,,0,0,0,0,0,0
2026-09-12T05:45:15Z,corriere,1,230,55,0,0,0.0,,0,0,0,0,0,0
2026-09-12T05:45:15Z,ilgiornale,1,68,55,0,0,0.0,,0,0,0,0,0,0
2026-09-12T05:45:15Z,cbc,1,28,55,1,3,0.05455,-1.0,0,3,0,0,0,0
2026-09-12T05:45:15Z,globeandmail,1,108,55,0,0,0.0,,0,0,0,0,0,0
2026-09-12T05:45:15Z,abcau,1,68,55,0,0,0.0,,0,0,0,0,0,0
2026-09-12T05:45:15Z,smh,1,83,55,0,0,0.0,,0,0,0,0,0,0
2026-09-12T05:46:33Z,nyt,1,31,55,1,5,0.09091,-1.0,0,5,0,0,0,0
2026-09-12T05:46:33Z,usatoday,1,30,55,0,0,0.0,,0,0,0,0,0,0
2026-09-12T05:46:33Z,nypost,1,165,55,2,6,0.10909,1.167,0,0,0,5,1,0
2026-09-12T05:46:33Z,cnn,1,42,55,0,0,0.0,,0,0,0,0,0,0
2026-09-12T05:46:33Z,foxnews,1,134,55,1,1,0.01818,1.0,0,0,0,1,0,0
2026-09-12T05:46:33Z,nbcnews,1,64,55,0,0,0.0,,0,0,0,0,0,0
2026-09-12T05:46:33Z,newsweek,1,74,55,0,0,0.0,,0,0,0,0,0,0
2026-09-12T05:46:33Z,csmonitor,1,64,55,1,5,0.09091,0.0,0,0,5,0,0,0
2026-09-12T05:46:33Z,washexaminer,1,49,55,0,0,0.0,,0,0,0,0,0,0
2026-09-12T05:46:33Z,bbc,1,32,55,0,0,0.0,,0,0,0,0,0,0
2026-09-12T05:46:33Z,guardian,1,43,55,0,0,0.0,,0,0,0,0,0,0
2026-09-12T05:46:33Z,thetimes,1,100,55,1,1,0.01818,0.0,0,0,1,0,0,0
2026-09-12T05:46:33Z,dailymail,1,356,55,1,1,0.01818,2.0,0,0,0,0,1,0
2026-09-12T05:46:33Z,independent,1,88,55,0,0,0.0,,0,0,0,0,0,0
2026-09-12T05:46:33Z,dw,1,43,55,1,3,0.05455,1.0,0,0,0,3,0,0
2026-09-12T05:46:33Z,euronews,1,106,55,1,10,0.18182,0.0,0,0,10,0,0,0
2026-09-12T05:46:33Z,lemonde,1,36,55,0,0,0.0,,0,0,0,0,0,0
2026-09-12T05:46:33Z,lefigaro,1,184,55,1,3,0.05455,0.0,0,0,3,0,0,0
2026-09-12T05:46:33Z,lacroix,1,123,55,0,0,0.0,,0,0,0,0,0,0
2026-09-12T05:46:33Z,spiegel,1,163,55,0,0,0.0,,0,0,0,0,0,0
2026-09-12T05:46:33Z,bild,1,165,55,0,0,0.0,,0,0,0,0,0,0
2026-09-12T05:46:33Z,faz,1,141,55,0,0,0.0,,0,0,0,0,0,0
2026-09-12T05:46:33Z,tagesschau,1,49,55,0,0,0.0,,0,0,0,0,0,0
2026-09-12T05:46:33Z,elmundo,1,63,55,0,0,0.0,,0,0,0,0,0,0
2026-09-12T05:46:33Z,corriere,1,229,55,0,0,0.0,,0,0,0,0,0,0
2026-09-12T05:46:33Z,ilgiornale,1,68,55,0,0,0.0,,0,0,0,0,0,0
2026-09-12T05:46:33Z,cbc,1,28,55,1,3,0.05455,-1.0,0,3,0,0,0,0
2026-09-12T05:46:33Z,globeandmail,1,108,55,0,0,0.0,,0,0,0,0,0,0
2026-09-12T05:46:33Z,abcau,1,68,55,0,0,0.0,,0,0,0,0,0,0
2026-09-12T05:46:33Z,smh,1,83,55,0,0,0.0,,0,0,0,0,0,0
2026-09-12T06:28:11Z,nyt,1,30,55,1,5,0.09091,-1.0,0,5,0,0,0,0
2026-09-12T06:28:11Z,usatoday,1,30,55,0,0,0.0,,0,0,0,0,0,0
2026-09-12T06:28:11Z,nypost,1,167,55,2,6,0.10909,1.167,0,0,0,5,1,0
2026-09-12T06:28:11Z,cnn,1,46,55,0,0,0.0,,0,0,0,0,0,0
2026-09-12T06:28:11Z,foxnews,1,134,55,1,1,0.01818,1.0,0,0,0,1,0,0
2026-09-12T06:28:11Z,nbcnews,1,64,55,0,0,0.0,,0,0,0,0,0,0
2026-09-12T06:28:11Z,newsweek,1,74,55,0,0,0.0,,0,0,0,0,0,0
2026-09-12T06:28:11Z,csmonitor,1,64,55,1,5,0.09091,0.0,0,0,5,0,0,0
2026-09-12T06:28:11Z,washexaminer,1,49,55,0,0,0.0,,0,0,0,0,0,0
2026-09-12T06:28:11Z,bbc,1,32,55,0,0,0.0,,0,0,0,0,0,0
2026-09-12T06:28:11Z,guardian,1,45,55,0,0,0.0,,0,0,0,0,0,0
2026-09-12T06:28:11Z,thetimes,1,100,55,1,1,0.01818,0.0,0,0,1,0,0,0
2026-09-12T06:28:11Z,dailymail,1,356,55,1,1,0.01818,2.0,0,0,0,0,1,0
2026-09-12T06:28:11Z,independent,1,88,55,0,0,0.0,,0,0,0,0,0,0
2026-09-12T06:28:11Z,dw,1,44,55,1,3,0.05455,1.0,0,0,0,3,0,0
2026-09-12T06:28:11Z,euronews,1,108,55,1,10,0.18182,0.0,0,0,10,0,0,0
2026-09-12T06:28:11Z,lemonde,1,34,55,0,0,0.0,,0,0,0,0,0,0
2026-09-12T06:28:11Z,lefigaro,1,183,55,1,5,0.09091,0.0,0,0,5,0,0,0
2026-09-12T06:28:11Z,lacroix,1,124,55,0,0,0.0,,0,0,0,0,0,0
2026-09-12T06:28:11Z,spiegel,1,168,55,0,0,0.0,,0,0,0,0,0,0
2026-09-12T06:28:11Z,bild,1,165,55,0,0,0.0,,0,0,0,0,0,0
2026-09-12T06:28:11Z,faz,1,141,55,0,0,0.0,,0,0,0,0,0,0
2026-09-12T06:28:11Z,tagesschau,1,48,55,0,0,0.0,,0,0,0,0,0,0
2026-09-12T06:28:11Z,elmundo,1,61,55,0,0,0.0,,0,0,0,0,0,0
2026-09-12T06:28:11Z,corriere,1,232,55,0,0,0.0,,0,0,0,0,0,0
2026-09-12T06:28:11Z,ilgiornale,1,69,55,0,0,0.0,,0,0,0,0,0,0
2026-09-12T06:28:11Z,cbc,1,28,55,1,3,0.05455,-1.0,0,3,0,0,0,0
2026-09-12T06:28:11Z,globeandmail,1,100,55,0,0,0.0,,0,0,0,0,0,0
2026-09-12T06:28:11Z,abcau,1,70,55,0,0,0.0,,0,0,0,0,0,0
2026-09-12T06:28:11Z,smh,1,81,55,0,0,0.0,,0,0,0,0,0,0
2026-09-12T06:45:27Z,nyt,1,30,55,1,5,0.09091,-1.0,0,5,0,0,0,0
2026-09-12T06:45:27Z,usatoday,1,30,55,0,0,0.0,,0,0,0,0,0,0
2026-09-12T06:45:27Z,nypost,1,167,55,2,6,0.10909,1.167,0,0,0,5,1,0
2026-09-12T06:45:27Z,cnn,1,46,55,0,0,0.0,,0,0,0,0,0,0
2026-09-12T06:45:27Z,foxnews,1,134,55,1,1,0.01818,1.0,0,0,0,1,0,0
2026-09-12T06:45:27Z,nbcnews,1,64,55,0,0,0.0,,0,0,0,0,0,0
2026-09-12T06:45:27Z,newsweek,1,74,55,0,0,0.0,,0,0,0,0,0,0
2026-09-12T06:45:27Z,csmonitor,1,64,55,1,5,0.09091,0.0,0,0,5,0,0,0
2026-09-12T06:45:27Z,washexaminer,1,49,55,0,0,0.0,,0,0,0,0,0,0
2026-09-12T06:45:27Z,bbc,1,32,55,0,0,0.0,,0,0,0,0,0,0
2026-09-12T06:45:27Z,guardian,1,45,55,0,0,0.0,,0,0,0,0,0,0
2026-09-12T06:45:27Z,thetimes,1,100,55,1,1,0.01818,0.0,0,0,1,0,0,0
2026-09-12T06:45:27Z,dailymail,1,356,55,1,1,0.01818,2.0,0,0,0,0,1,0
2026-09-12T06:45:27Z,independent,1,88,55,0,0,0.0,,0,0,0,0,0,0
2026-09-12T06:45:27Z,dw,1,45,55,1,3,0.05455,1.0,0,0,0,3,0,0
2026-09-12T06:45:27Z,euronews,1,108,55,1,10,0.18182,0.0,0,0,10,0,0,0
2026-09-12T06:45:27Z,lemonde,1,34,55,0,0,0.0,,0,0,0,0,0,0
2026-09-12T06:45:27Z,lefigaro,1,179,55,1,5,0.09091,0.0,0,0,5,0,0,0
2026-09-12T06:45:27Z,lacroix,1,123,55,0,0,0.0,,0,0,0,0,0,0
2026-09-12T06:45:27Z,spiegel,1,168,55,0,0,0.0,,0,0,0,0,0,0
2026-09-12T06:45:27Z,bild,1,165,55,0,0,0.0,,0,0,0,0,0,0
2026-09-12T06:45:27Z,faz,1,138,55,0,0,0.0,,0,0,0,0,0,0
2026-09-12T06:45:27Z,tagesschau,1,49,55,0,0,0.0,,0,0,0,0,0,0
2026-09-12T06:45:27Z,elmundo,1,61,55,0,0,0.0,,0,0,0,0,0,0
2026-09-12T06:45:27Z,corriere,1,227,55,0,0,0.0,,0,0,0,0,0,0
2026-09-12T06:45:27Z,ilgiornale,1,67,55,0,0,0.0,,0,0,0,0,0,0
2026-09-12T06:45:27Z,cbc,1,28,55,1,3,0.05455,-1.0,0,3,0,0,0,0
2026-09-12T06:45:27Z,globeandmail,1,101,55,0,0,0.0,,0,0,0,0,0,0
2026-09-12T06:45:27Z,abcau,1,70,55,0,0,0.0,,0,0,0,0,0,0
2026-09-12T06:45:27Z,smh,1,83,55,0,0,0.0,,0,0,0,0,0,0
2026-09-12T07:45:22Z,nyt,1,30,55,1,5,0.09091,-1.0,0,5,0,0,0,0
2026-09-12T07:45:22Z,usatoday,1,30,55,0,0,0.0,,0,0,0,0,0,0
2026-09-12T07:45:22Z,nypost,1,165,55,2,6,0.10909,1.167,0,0,0,5,1,0
2026-09-12T07:45:22Z,cnn,1,47,55,0,0,0.0,,0,0,0,0,0,0
2026-09-12T07:45:22Z,foxnews,1,134,55,1,1,0.01818,1.0,0,0,0,1,0,0
2026-09-12T07:45:22Z,nbcnews,1,65,55,0,0,0.0,,0,0,0,0,0,0
2026-09-12T07:45:22Z,newsweek,1,74,55,0,0,0.0,,0,0,0,0,0,0
2026-09-12T07:45:22Z,csmonitor,1,64,55,1,5,0.09091,0.0,0,0,5,0,0,0
2026-09-12T07:45:22Z,washexaminer,1,49,55,0,0,0.0,,0,0,0,0,0,0
2026-09-12T07:45:22Z,bbc,1,32,55,0,0,0.0,,0,0,0,0,0,0
2026-09-12T07:45:22Z,guardian,1,39,55,0,0,0.0,,0,0,0,0,0,0
2026-09-12T07:45:22Z,thetimes,1,97,55,0,0,0.0,,0,0,0,0,0,0
2026-09-12T07:45:22Z,dailymail,1,369,55,1,1,0.01818,2.0,0,0,0,0,1,0
2026-09-12T07:45:22Z,independent,1,88,55,0,0,0.0,,0,0,0,0,0,0
2026-09-12T07:45:22Z,dw,1,45,55,1,1,0.01818,1.0,0,0,0,1,0,0
2026-09-12T07:45:22Z,euronews,1,107,55,1,10,0.18182,0.0,0,0,10,0,0,0
2026-09-12T07:45:22Z,lemonde,1,34,55,0,0,0.0,,0,0,0,0,0,0
2026-09-12T07:45:22Z,lefigaro,1,180,55,1,3,0.05455,0.0,0,0,3,0,0,0
2026-09-12T07:45:22Z,lacroix,1,122,55,0,0,0.0,,0,0,0,0,0,0
2026-09-12T07:45:22Z,spiegel,1,165,55,0,0,0.0,,0,0,0,0,0,0
2026-09-12T07:45:22Z,bild,1,164,55,0,0,0.0,,0,0,0,0,0,0
2026-09-12T07:45:22Z,faz,1,139,55,0,0,0.0,,0,0,0,0,0,0
2026-09-12T07:45:22Z,tagesschau,1,49,55,0,0,0.0,,0,0,0,0,0,0
2026-09-12T07:45:22Z,elmundo,1,64,55,0,0,0.0,,0,0,0,0,0,0
2026-09-12T07:45:22Z,corriere,1,230,55,0,0,0.0,,0,0,0,0,0,0
2026-09-12T07:45:22Z,ilgiornale,1,70,55,0,0,0.0,,0,0,0,0,0,0
2026-09-12T07:45:22Z,cbc,1,28,55,1,3,0.05455,-1.0,0,3,0,0,0,0
2026-09-12T07:45:22Z,globeandmail,1,102,55,0,0,0.0,,0,0,0,0,0,0
2026-09-12T07:45:22Z,abcau,1,69,55,0,0,0.0,,0,0,0,0,0,0
2026-09-12T07:45:22Z,smh,1,82,55,0,0,0.0,,0,0,0,0,0,0
2026-09-12T08:45:27Z,nyt,1,30,55,1,5,0.09091,-1.0,0,5,0,0,0,0
2026-09-12T08:45:27Z,usatoday,1,30,55,0,0,0.0,,0,0,0,0,0,0
2026-09-12T08:45:27Z,nypost,1,131,55,1,1,0.01818,1.0,0,0,0,1,0,0
2026-09-12T08:45:27Z,cnn,1,42,55,0,0,0.0,,0,0,0,0,0,0
2026-09-12T08:45:27Z,foxnews,1,134,55,1,1,0.01818,1.0,0,0,0,1,0,0
2026-09-12T08:45:27Z,nbcnews,1,65,55,0,0,0.0,,0,0,0,0,0,0
2026-09-12T08:45:27Z,newsweek,1,74,55,0,0,0.0,,0,0,0,0,0,0
2026-09-12T08:45:27Z,csmonitor,1,64,55,1,5,0.09091,0.0,0,0,5,0,0,0
2026-09-12T08:45:27Z,washexaminer,1,49,55,0,0,0.0,,0,0,0,0,0,0
2026-09-12T08:45:27Z,bbc,1,33,55,0,0,0.0,,0,0,0,0,0,0
2026-09-12T08:45:27Z,guardian,1,40,55,0,0,0.0,,0,0,0,0,0,0
2026-09-12T08:45:27Z,thetimes,1,97,55,0,0,0.0,,0,0,0,0,0,0
2026-09-12T08:45:27Z,dailymail,1,373,55,1,1,0.01818,2.0,0,0,0,0,1,0
2026-09-12T08:45:27Z,independent,1,88,55,0,0,0.0,,0,0,0,0,0,0
2026-09-12T08:45:27Z,dw,1,45,55,1,1,0.01818,1.0,0,0,0,1,0,0
2026-09-12T08:45:27Z,euronews,1,106,55,2,15,0.27273,0.0,0,0,15,0,0,0
2026-09-12T08:45:27Z,lemonde,1,34,55,0,0,0.0,,0,0,0,0,0,0
2026-09-12T08:45:27Z,lefigaro,1,182,55,1,3,0.05455,0.0,0,0,3,0,0,0
2026-09-12T08:45:27Z,lacroix,1,125,55,0,0,0.0,,0,0,0,0,0,0
2026-09-12T08:45:27Z,spiegel,1,161,55,0,0,0.0,,0,0,0,0,0,0
2026-09-12T08:45:27Z,bild,1,163,55,0,0,0.0,,0,0,0,0,0,0
2026-09-12T08:45:27Z,faz,1,138,55,0,0,0.0,,0,0,0,0,0,0
2026-09-12T08:45:27Z,tagesschau,1,48,55,0,0,0.0,,0,0,0,0,0,0
2026-09-12T08:45:27Z,elmundo,1,62,55,0,0,0.0,,0,0,0,0,0,0
2026-09-12T08:45:27Z,corriere,1,233,55,0,0,0.0,,0,0,0,0,0,0
2026-09-12T08:45:27Z,ilgiornale,1,75,55,0,0,0.0,,0,0,0,0,0,0
2026-09-12T08:45:27Z,cbc,1,33,55,1,1,0.01818,-1.0,0,1,0,0,0,0
2026-09-12T08:45:27Z,globeandmail,1,101,55,0,0,0.0,,0,0,0,0,0,0
2026-09-12T08:45:27Z,abcau,1,69,55,0,0,0.0,,0,0,0,0,0,0
2026-09-12T08:45:27Z,smh,1,83,55,0,0,0.0,,0,0,0,0,0,0
2026-09-12T09:46:00Z,nyt,1,30,55,1,5,0.09091,-1.0,0,5,0,0,0,0
2026-09-12T09:46:00Z,usatoday,1,30,55,0,0,0.0,,0,0,0,0,0,0
2026-09-12T09:46:00Z,nypost,1,161,55,2,6,0.10909,1.167,0,0,0,5,1,0
2026-09-12T09:46:00Z,cnn,1,41,55,0,0,0.0,,0,0,0,0,0,0
2026-09-12T09:46:00Z,foxnews,1,134,55,1,1,0.01818,1.0,0,0,0,1,0,0
2026-09-12T09:46:00Z,nbcnews,1,60,55,0,0,0.0,,0,0,0,0,0,0
2026-09-12T09:46:00Z,newsweek,1,73,55,0,0,0.0,,0,0,0,0,0,0
2026-09-12T09:46:00Z,csmonitor,1,64,55,1,5,0.09091,0.0,0,0,5,0,0,0
2026-09-12T09:46:00Z,washexaminer,1,50,55,0,0,0.0,,0,0,0,0,0,0
2026-09-12T09:46:00Z,bbc,1,33,55,0,0,0.0,,0,0,0,0,0,0
2026-09-12T09:46:00Z,guardian,1,43,55,0,0,0.0,,0,0,0,0,0,0
2026-09-12T09:46:00Z,thetimes,1,97,55,0,0,0.0,,0,0,0,0,0,0
2026-09-12T09:46:00Z,dailymail,1,379,55,1,1,0.01818,2.0,0,0,0,0,1,0
2026-09-12T09:46:00Z,independent,1,88,55,0,0,0.0,,0,0,0,0,0,0
2026-09-12T09:46:00Z,dw,1,45,55,1,1,0.01818,1.0,0,0,0,1,0,0
2026-09-12T09:46:00Z,euronews,1,106,55,2,15,0.27273,0.0,0,0,15,0,0,0
2026-09-12T09:46:00Z,lemonde,1,35,55,0,0,0.0,,0,0,0,0,0,0
2026-09-12T09:46:00Z,lefigaro,1,183,55,1,3,0.05455,0.0,0,0,3,0,0,0
2026-09-12T09:46:00Z,lacroix,1,123,55,0,0,0.0,,0,0,0,0,0,0
2026-09-12T09:46:00Z,spiegel,1,164,55,0,0,0.0,,0,0,0,0,0,0
2026-09-12T09:46:00Z,bild,1,161,55,0,0,0.0,,0,0,0,0,0,0
2026-09-12T09:46:00Z,faz,1,138,55,0,0,0.0,,0,0,0,0,0,0
2026-09-12T09:46:00Z,tagesschau,1,48,55,0,0,0.0,,0,0,0,0,0,0
2026-09-12T09:46:00Z,elmundo,1,62,55,0,0,0.0,,0,0,0,0,0,0
2026-09-12T09:46:00Z,corriere,1,227,55,0,0,0.0,,0,0,0,0,0,0
2026-09-12T09:46:00Z,ilgiornale,1,74,55,0,0,0.0,,0,0,0,0,0,0
2026-09-12T09:46:00Z,cbc,1,33,55,1,1,0.01818,-1.0,0,1,0,0,0,0
2026-09-12T09:46:00Z,globeandmail,1,101,55,0,0,0.0,,0,0,0,0,0,0
2026-09-12T09:46:00Z,abcau,1,70,55,0,0,0.0,,0,0,0,0,0,0
2026-09-12T09:46:00Z,smh,1,81,55,0,0,0.0,,0,0,0,0,0,0
2026-09-12T10:40:16Z,nyt,1,29,55,0,0,0.0,,0,0,0,0,0,0
2026-09-12T10:40:16Z,usatoday,1,30,55,0,0,0.0,,0,0,0,0,0,0
2026-09-12T10:40:16Z,nypost,1,162,55,2,6,0.10909,1.167,0,0,0,5,1,0
2026-09-12T10:40:16Z,cnn,1,41,55,0,0,0.0,,0,0,0,0,0,0
2026-09-12T10:40:16Z,foxnews,1,134,55,0,0,0.0,,0,0,0,0,0,0
2026-09-12T10:40:16Z,nbcnews,1,61,55,0,0,0.0,,0,0,0,0,0,0
2026-09-12T10:40:16Z,newsweek,1,73,55,0,0,0.0,,0,0,0,0,0,0
2026-09-12T10:40:16Z,csmonitor,1,64,55,1,5,0.09091,0.0,0,0,5,0,0,0
2026-09-12T10:40:16Z,washexaminer,1,50,55,0,0,0.0,,0,0,0,0,0,0
2026-09-12T10:40:16Z,bbc,1,33,55,0,0,0.0,,0,0,0,0,0,0
2026-09-12T10:40:16Z,guardian,1,42,55,0,0,0.0,,0,0,0,0,0,0
2026-09-12T10:40:16Z,thetimes,1,97,55,0,0,0.0,,0,0,0,0,0,0
2026-09-12T10:40:16Z,dailymail,1,382,55,1,1,0.01818,2.0,0,0,0,0,1,0
2026-09-12T10:40:16Z,independent,1,88,55,0,0,0.0,,0,0,0,0,0,0
2026-09-12T10:40:16Z,dw,1,46,55,0,0,0.0,,0,0,0,0,0,0
2026-09-12T10:40:16Z,euronews,1,101,55,1,10,0.18182,0.0,0,0,10,0,0,0
2026-09-12T10:40:16Z,lemonde,1,34,55,0,0,0.0,,0,0,0,0,0,0
2026-09-12T10:40:16Z,lefigaro,1,179,55,1,1,0.01818,0.0,0,0,1,0,0,0
2026-09-12T10:40:16Z,lacroix,1,123,55,0,0,0.0,,0,0,0,0,0,0
2026-09-12T10:40:16Z,spiegel,1,162,55,0,0,0.0,,0,0,0,0,0,0
2026-09-12T10:40:16Z,bild,1,162,55,0,0,0.0,,0,0,0,0,0,0
2026-09-12T10:40:16Z,faz,1,139,55,0,0,0.0,,0,0,0,0,0,0
2026-09-12T10:40:16Z,tagesschau,1,52,55,0,0,0.0,,0,0,0,0,0,0
2026-09-12T10:40:16Z,elmundo,1,68,55,0,0,0.0,,0,0,0,0,0,0
2026-09-12T10:40:16Z,corriere,1,236,55,0,0,0.0,,0,0,0,0,0,0
2026-09-12T10:40:16Z,ilgiornale,1,76,55,0,0,0.0,,0,0,0,0,0,0
2026-09-12T10:40:16Z,cbc,1,33,55,1,1,0.01818,-1.0,0,1,0,0,0,0
2026-09-12T10:40:16Z,globeandmail,1,100,55,0,0,0.0,,0,0,0,0,0,0
2026-09-12T10:40:16Z,abcau,1,71,55,0,0,0.0,,0,0,0,0,0,0
2026-09-12T10:40:16Z,smh,1,83,55,0,0,0.0,,0,0,0,0,0,0
2026-09-12T10:45:24Z,nyt,1,29,55,0,0,0.0,,0,0,0,0,0,0
2026-09-12T10:45:24Z,usatoday,1,30,55,0,0,0.0,,0,0,0,0,0,0
2026-09-12T10:45:24Z,nypost,1,162,55,2,6,0.10909,1.167,0,0,0,5,1,0
2026-09-12T10:45:24Z,cnn,1,41,55,0,0,0.0,,0,0,0,0,0,0
2026-09-12T10:45:24Z,foxnews,1,134,55,0,0,0.0,,0,0,0,0,0,0
2026-09-12T10:45:24Z,nbcnews,1,61,55,0,0,0.0,,0,0,0,0,0,0
2026-09-12T10:45:24Z,newsweek,1,73,55,0,0,0.0,,0,0,0,0,0,0
2026-09-12T10:45:24Z,csmonitor,1,64,55,1,5,0.09091,0.0,0,0,5,0,0,0
2026-09-12T10:45:24Z,washexaminer,1,50,55,0,0,0.0,,0,0,0,0,0,0
2026-09-12T10:45:24Z,bbc,1,32,55,0,0,0.0,,0,0,0,0,0,0
2026-09-12T10:45:24Z,guardian,1,42,55,0,0,0.0,,0,0,0,0,0,0
2026-09-12T10:45:24Z,thetimes,1,0,0,0,0,,,0,0,0,0,0,0
2026-09-12T10:45:24Z,dailymail,1,382,55,1,1,0.01818,2.0,0,0,0,0,1,0
2026-09-12T10:45:24Z,independent,1,88,55,0,0,0.0,,0,0,0,0,0,0
2026-09-12T10:45:24Z,dw,1,46,55,0,0,0.0,,0,0,0,0,0,0
2026-09-12T10:45:24Z,euronews,1,102,55,2,11,0.2,0.0,0,0,11,0,0,0
2026-09-12T10:45:24Z,lemonde,1,34,55,0,0,0.0,,0,0,0,0,0,0
2026-09-12T10:45:24Z,lefigaro,1,179,55,1,1,0.01818,0.0,0,0,1,0,0,0
2026-09-12T10:45:24Z,lacroix,1,123,55,0,0,0.0,,0,0,0,0,0,0
2026-09-12T10:45:24Z,spiegel,1,163,55,0,0,0.0,,0,0,0,0,0,0
2026-09-12T10:45:24Z,bild,1,162,55,0,0,0.0,,0,0,0,0,0,0
2026-09-12T10:45:24Z,faz,1,139,55,0,0,0.0,,0,0,0,0,0,0
2026-09-12T10:45:24Z,tagesschau,1,52,55,0,0,0.0,,0,0,0,0,0,0
2026-09-12T10:45:24Z,elmundo,1,68,55,0,0,0.0,,0,0,0,0,0,0
2026-09-12T10:45:24Z,corriere,1,236,55,0,0,0.0,,0,0,0,0,0,0
2026-09-12T10:45:24Z,ilgiornale,1,76,55,0,0,0.0,,0,0,0,0,0,0
2026-09-12T10:45:24Z,cbc,1,33,55,1,1,0.01818,-1.0,0,1,0,0,0,0
2026-09-12T10:45:24Z,globeandmail,1,100,55,0,0,0.0,,0,0,0,0,0,0
2026-09-12T10:45:24Z,abcau,1,71,55,0,0,0.0,,0,0,0,0,0,0
2026-09-12T10:45:24Z,smh,1,82,55,0,0,0.0,,0,0,0,0,0,0
2026-09-12T11:13:34Z,nyt,1,31,55,0,0,0.0,,0,0,0,0,0,0
2026-09-12T11:13:34Z,usatoday,1,30,55,0,0,0.0,,0,0,0,0,0,0
2026-09-12T11:13:34Z,nypost,1,161,55,2,6,0.10909,1.167,0,0,0,5,1,0
2026-09-12T11:13:34Z,cnn,1,42,55,0,0,0.0,,0,0,0,0,0,0
2026-09-12T11:13:34Z,foxnews,1,136,55,0,0,0.0,,0,0,0,0,0,0
2026-09-12T11:13:34Z,nbcnews,1,62,55,0,0,0.0,,0,0,0,0,0,0
2026-09-12T11:13:34Z,newsweek,1,73,55,0,0,0.0,,0,0,0,0,0,0
2026-09-12T11:13:34Z,csmonitor,1,64,55,1,5,0.09091,0.0,0,0,5,0,0,0
2026-09-12T11:13:34Z,washexaminer,1,50,55,0,0,0.0,,0,0,0,0,0,0
2026-09-12T11:13:34Z,bbc,1,34,55,0,0,0.0,,0,0,0,0,0,0
2026-09-12T11:13:34Z,guardian,1,44,55,0,0,0.0,,0,0,0,0,0,0
2026-09-12T11:13:34Z,thetimes,1,97,55,0,0,0.0,,0,0,0,0,0,0
2026-09-12T11:13:34Z,dailymail,1,383,55,1,1,0.01818,2.0,0,0,0,0,1,0
2026-09-12T11:13:34Z,independent,1,88,55,0,0,0.0,,0,0,0,0,0,0
2026-09-12T11:13:34Z,dw,1,46,55,0,0,0.0,,0,0,0,0,0,0
2026-09-12T11:13:34Z,euronews,1,101,55,2,11,0.2,0.0,0,0,11,0,0,0
2026-09-12T11:13:34Z,lemonde,1,33,55,0,0,0.0,,0,0,0,0,0,0
2026-09-12T11:13:34Z,lefigaro,1,179,55,1,1,0.01818,0.0,0,0,1,0,0,0
2026-09-12T11:13:34Z,lacroix,1,122,55,0,0,0.0,,0,0,0,0,0,0
2026-09-12T11:13:34Z,spiegel,1,164,55,0,0,0.0,,0,0,0,0,0,0
2026-09-12T11:13:34Z,bild,1,161,55,0,0,0.0,,0,0,0,0,0,0
2026-09-12T11:13:34Z,faz,1,139,55,0,0,0.0,,0,0,0,0,0,0
2026-09-12T11:13:34Z,tagesschau,1,54,55,0,0,0.0,,0,0,0,0,0,0
2026-09-12T11:13:34Z,elmundo,1,63,55,0,0,0.0,,0,0,0,0,0,0
2026-09-12T11:13:34Z,corriere,1,236,55,0,0,0.0,,0,0,0,0,0,0
2026-09-12T11:13:34Z,ilgiornale,1,76,55,0,0,0.0,,0,0,0,0,0,0
2026-09-12T11:13:34Z,cbc,1,33,55,1,1,0.01818,-1.0,0,1,0,0,0,0
2026-09-12T11:13:34Z,globeandmail,1,103,55,0,0,0.0,,0,0,0,0,0,0
2026-09-12T11:13:34Z,abcau,1,74,55,0,0,0.0,,0,0,0,0,0,0
2026-09-12T11:13:34Z,smh,1,83,55,0,0,0.0,,0,0,0,0,0,0
2026-09-12T11:45:23Z,nyt,1,31,55,0,0,0.0,,0,0,0,0,0,0
2026-09-12T11:45:23Z,usatoday,1,30,55,0,0,0.0,,0,0,0,0,0,0
2026-09-12T11:45:23Z,nypost,1,160,55,2,6,0.10909,1.167,0,0,0,5,1,0
2026-09-12T11:45:23Z,cnn,1,42,55,0,0,0.0,,0,0,0,0,0,0
2026-09-12T11:45:23Z,foxnews,1,136,55,0,0,0.0,,0,0,0,0,0,0
2026-09-12T11:45:23Z,nbcnews,1,60,55,0,0,0.0,,0,0,0,0,0,0
2026-09-12T11:45:23Z,newsweek,1,73,55,0,0,0.0,,0,0,0,0,0,0
2026-09-12T11:45:23Z,csmonitor,1,64,55,1,5,0.09091,0.0,0,0,5,0,0,0
2026-09-12T11:45:23Z,washexaminer,1,49,55,0,0,0.0,,0,0,0,0,0,0
2026-09-12T11:45:23Z,bbc,1,35,55,0,0,0.0,,0,0,0,0,0,0
2026-09-12T11:45:23Z,guardian,1,45,55,0,0,0.0,,0,0,0,0,0,0
2026-09-12T11:45:23Z,thetimes,1,96,55,0,0,0.0,,0,0,0,0,0,0
2026-09-12T11:45:23Z,dailymail,1,382,55,1,1,0.01818,2.0,0,0,0,0,1,0
2026-09-12T11:45:23Z,independent,1,90,55,0,0,0.0,,0,0,0,0,0,0
2026-09-12T11:45:23Z,dw,1,44,55,0,0,0.0,,0,0,0,0,0,0
2026-09-12T11:45:23Z,euronews,1,101,55,2,11,0.2,0.0,0,0,11,0,0,0
2026-09-12T11:45:23Z,lemonde,1,33,55,0,0,0.0,,0,0,0,0,0,0
2026-09-12T11:45:23Z,lefigaro,1,180,55,1,3,0.05455,0.0,0,0,3,0,0,0
2026-09-12T11:45:23Z,lacroix,1,122,55,0,0,0.0,,0,0,0,0,0,0
2026-09-12T11:45:23Z,spiegel,1,164,55,0,0,0.0,,0,0,0,0,0,0
2026-09-12T11:45:23Z,bild,1,161,55,0,0,0.0,,0,0,0,0,0,0
2026-09-12T11:45:23Z,faz,1,139,55,0,0,0.0,,0,0,0,0,0,0
2026-09-12T11:45:23Z,tagesschau,1,53,55,0,0,0.0,,0,0,0,0,0,0
2026-09-12T11:45:23Z,elmundo,1,65,55,0,0,0.0,,0,0,0,0,0,0
2026-09-12T11:45:23Z,corriere,1,235,55,0,0,0.0,,0,0,0,0,0,0
2026-09-12T11:45:23Z,ilgiornale,1,78,55,0,0,0.0,,0,0,0,0,0,0
2026-09-12T11:45:23Z,cbc,1,31,55,1,1,0.01818,-1.0,0,1,0,0,0,0
2026-09-12T11:45:23Z,globeandmail,1,102,55,0,0,0.0,,0,0,0,0,0,0
2026-09-12T11:45:23Z,abcau,1,74,55,0,0,0.0,,0,0,0,0,0,0
2026-09-12T11:45:23Z,smh,1,83,55,0,0,0.0,,0,0,0,0,0,0
2026-09-12T12:45:32Z,nyt,1,31,55,0,0,0.0,,0,0,0,0,0,0
2026-09-12T12:45:32Z,usatoday,1,30,55,0,0,0.0,,0,0,0,0,0,0
2026-09-12T12:45:32Z,nypost,1,131,55,1,1,0.01818,1.0,0,0,0,1,0,0
2026-09-12T12:45:32Z,cnn,1,42,55,0,0,0.0,,0,0,0,0,0,0
2026-09-12T12:45:32Z,foxnews,1,132,55,0,0,0.0,,0,0,0,0,0,0
2026-09-12T12:45:32Z,nbcnews,1,60,55,0,0,0.0,,0,0,0,0,0,0
2026-09-12T12:45:32Z,newsweek,1,73,55,0,0,0.0,,0,0,0,0,0,0
2026-09-12T12:45:32Z,csmonitor,1,64,55,1,5,0.09091,0.0,0,0,5,0,0,0
2026-09-12T12:45:32Z,washexaminer,1,45,55,0,0,0.0,,0,0,0,0,0,0
2026-09-12T12:45:32Z,bbc,1,34,55,0,0,0.0,,0,0,0,0,0,0
2026-09-12T12:45:32Z,guardian,1,44,55,0,0,0.0,,0,0,0,0,0,0
2026-09-12T12:45:32Z,thetimes,1,97,55,0,0,0.0,,0,0,0,0,0,0
2026-09-12T12:45:32Z,dailymail,1,387,55,1,1,0.01818,2.0,0,0,0,0,1,0
2026-09-12T12:45:32Z,independent,1,90,55,0,0,0.0,,0,0,0,0,0,0
2026-09-12T12:45:32Z,dw,1,48,55,0,0,0.0,,0,0,0,0,0,0
2026-09-12T12:45:32Z,euronews,1,100,55,1,10,0.18182,0.0,0,0,10,0,0,0
2026-09-12T12:45:32Z,lemonde,1,33,55,0,0,0.0,,0,0,0,0,0,0
2026-09-12T12:45:32Z,lefigaro,1,182,55,0,0,0.0,,0,0,0,0,0,0
2026-09-12T12:45:32Z,lacroix,1,122,55,0,0,0.0,,0,0,0,0,0,0
2026-09-12T12:45:32Z,spiegel,1,167,55,0,0,0.0,,0,0,0,0,0,0
2026-09-12T12:45:32Z,bild,1,162,55,0,0,0.0,,0,0,0,0,0,0
2026-09-12T12:45:32Z,faz,1,139,55,0,0,0.0,,0,0,0,0,0,0
2026-09-12T12:45:32Z,tagesschau,1,49,55,0,0,0.0,,0,0,0,0,0,0
2026-09-12T12:45:32Z,elmundo,1,62,55,0,0,0.0,,0,0,0,0,0,0
2026-09-12T12:45:32Z,corriere,1,237,55,0,0,0.0,,0,0,0,0,0,0
2026-09-12T12:45:32Z,ilgiornale,1,78,55,0,0,0.0,,0,0,0,0,0,0
2026-09-12T12:45:32Z,cbc,1,31,55,1,1,0.01818,-1.0,0,1,0,0,0,0
2026-09-12T12:45:32Z,globeandmail,1,108,55,0,0,0.0,,0,0,0,0,0,0
2026-09-12T12:45:32Z,abcau,1,76,55,0,0,0.0,,0,0,0,0,0,0
2026-09-12T12:45:32Z,smh,1,81,55,0,0,0.0,,0,0,0,0,0,0
2026-09-12T13:45:24Z,nyt,1,31,55,0,0,0.0,,0,0,0,0,0,0
2026-09-12T13:45:24Z,usatoday,1,30,55,0,0,0.0,,0,0,0,0,0,0
2026-09-12T13:45:24Z,nypost,1,162,55,4,12,0.21818,1.167,0,0,0,10,2,0
2026-09-12T13:45:24Z,cnn,1,42,55,0,0,0.0,,0,0,0,0,0,0
2026-09-12T13:45:24Z,foxnews,1,134,55,1,5,0.09091,0.0,0,0,5,0,0,0
2026-09-12T13:45:24Z,nbcnews,1,59,55,0,0,0.0,,0,0,0,0,0,0
2026-09-12T13:45:24Z,newsweek,1,73,55,0,0,0.0,,0,0,0,0,0,0
2026-09-12T13:45:24Z,csmonitor,1,64,55,1,5,0.09091,0.0,0,0,5,0,0,0
2026-09-12T13:45:24Z,washexaminer,1,45,55,0,0,0.0,,0,0,0,0,0,0
2026-09-12T13:45:24Z,bbc,1,34,55,0,0,0.0,,0,0,0,0,0,0
2026-09-12T13:45:24Z,guardian,1,41,55,0,0,0.0,,0,0,0,0,0,0
2026-09-12T13:45:24Z,thetimes,1,97,55,0,0,0.0,,0,0,0,0,0,0
2026-09-12T13:45:24Z,dailymail,1,388,55,1,1,0.01818,2.0,0,0,0,0,1,0
2026-09-12T13:45:24Z,independent,1,95,55,0,0,0.0,,0,0,0,0,0,0
2026-09-12T13:45:24Z,dw,1,47,55,0,0,0.0,,0,0,0,0,0,0
2026-09-12T13:45:24Z,euronews,1,103,55,1,10,0.18182,0.0,0,0,10,0,0,0
2026-09-12T13:45:24Z,lemonde,1,31,55,0,0,0.0,,0,0,0,0,0,0
2026-09-12T13:45:24Z,lefigaro,1,187,55,0,0,0.0,,0,0,0,0,0,0
2026-09-12T13:45:24Z,lacroix,1,120,55,0,0,0.0,,0,0,0,0,0,0
2026-09-12T13:45:24Z,spiegel,1,165,55,0,0,0.0,,0,0,0,0,0,0
2026-09-12T13:45:24Z,bild,1,163,55,0,0,0.0,,0,0,0,0,0,0
2026-09-12T13:45:24Z,faz,1,138,55,0,0,0.0,,0,0,0,0,0,0
2026-09-12T13:45:24Z,tagesschau,1,43,55,0,0,0.0,,0,0,0,0,0,0
2026-09-12T13:45:24Z,elmundo,1,66,55,0,0,0.0,,0,0,0,0,0,0
2026-09-12T13:45:24Z,corriere,1,227,55,0,0,0.0,,0,0,0,0,0,0
2026-09-12T13:45:24Z,ilgiornale,1,78,55,0,0,0.0,,0,0,0,0,0,0
2026-09-12T13:45:24Z,cbc,1,31,55,0,0,0.0,,0,0,0,0,0,0
2026-09-12T13:45:24Z,globeandmail,1,111,55,0,0,0.0,,0,0,0,0,0,0
2026-09-12T13:45:24Z,abcau,1,71,55,0,0,0.0,,0,0,0,0,0,0
2026-09-12T13:45:24Z,smh,1,82,55,0,0,0.0,,0,0,0,0,0,0
2026-09-12T14:03:50Z,nyt,1,32,55,0,0,0.0,,0,0,0,0,0,0
2026-09-12T14:03:50Z,usatoday,1,30,55,0,0,0.0,,0,0,0,0,0,0
2026-09-12T14:03:50Z,nypost,1,162,55,4,12,0.21818,1.167,0,0,0,10,2,0
2026-09-12T14:03:50Z,cnn,1,42,55,0,0,0.0,,0,0,0,0,0,0
2026-09-12T14:03:50Z,foxnews,1,131,55,1,5,0.09091,0.0,0,0,5,0,0,0
2026-09-12T14:03:50Z,nbcnews,1,57,55,0,0,0.0,,0,0,0,0,0,0
2026-09-12T14:03:50Z,newsweek,1,73,55,0,0,0.0,,0,0,0,0,0,0
2026-09-12T14:03:50Z,csmonitor,1,64,55,1,5,0.09091,0.0,0,0,5,0,0,0
2026-09-12T14:03:50Z,washexaminer,1,46,55,0,0,0.0,,0,0,0,0,0,0
2026-09-12T14:03:50Z,bbc,1,34,55,0,0,0.0,,0,0,0,0,0,0
2026-09-12T14:03:50Z,guardian,1,41,55,0,0,0.0,,0,0,0,0,0,0
2026-09-12T14:03:50Z,thetimes,1,97,55,0,0,0.0,,0,0,0,0,0,0
2026-09-12T14:03:50Z,dailymail,1,368,55,1,1,0.01818,2.0,0,0,0,0,1,0
2026-09-12T14:03:50Z,independent,1,94,55,0,0,0.0,,0,0,0,0,0,0
2026-09-12T14:03:50Z,dw,1,47,55,0,0,0.0,,0,0,0,0,0,0
2026-09-12T14:03:50Z,euronews,1,103,55,1,10,0.18182,0.0,0,0,10,0,0,0
2026-09-12T14:03:50Z,lemonde,1,31,55,0,0,0.0,,0,0,0,0,0,0
2026-09-12T14:03:50Z,lefigaro,1,186,55,0,0,0.0,,0,0,0,0,0,0
2026-09-12T14:03:50Z,lacroix,1,119,55,0,0,0.0,,0,0,0,0,0,0
2026-09-12T14:03:50Z,spiegel,1,163,55,0,0,0.0,,0,0,0,0,0,0
2026-09-12T14:03:50Z,bild,1,162,55,0,0,0.0,,0,0,0,0,0,0
2026-09-12T14:03:50Z,faz,1,138,55,0,0,0.0,,0,0,0,0,0,0
2026-09-12T14:03:50Z,tagesschau,1,45,55,0,0,0.0,,0,0,0,0,0,0
2026-09-12T14:03:50Z,elmundo,1,67,55,0,0,0.0,,0,0,0,0,0,0
2026-09-12T14:03:50Z,corriere,1,227,55,0,0,0.0,,0,0,0,0,0,0
2026-09-12T14:03:50Z,ilgiornale,1,81,55,0,0,0.0,,0,0,0,0,0,0
2026-09-12T14:03:50Z,cbc,1,32,55,0,0,0.0,,0,0,0,0,0,0
2026-09-12T14:03:50Z,globeandmail,1,111,55,0,0,0.0,,0,0,0,0,0,0
2026-09-12T14:03:50Z,abcau,1,71,55,0,0,0.0,,0,0,0,0,0,0
2026-09-12T14:03:50Z,smh,1,82,55,0,0,0.0,,0,0,0,0,0,0
2026-09-12T14:21:27Z,nyt,1,32,55,0,0,0.0,,0,0,0,0,0,0
2026-09-12T14:21:27Z,usatoday,1,30,55,0,0,0.0,,0,0,0,0,0,0
2026-09-12T14:21:27Z,nypost,1,162,55,4,12,0.21818,1.167,0,0,0,10,2,0
2026-09-12T14:21:27Z,cnn,1,42,55,0,0,0.0,,0,0,0,0,0,0
2026-09-12T14:21:27Z,foxnews,1,130,55,1,3,0.05455,0.0,0,0,3,0,0,0
2026-09-12T14:21:27Z,nbcnews,1,57,55,0,0,0.0,,0,0,0,0,0,0
2026-09-12T14:21:27Z,newsweek,1,73,55,0,0,0.0,,0,0,0,0,0,0
2026-09-12T14:21:27Z,csmonitor,1,64,55,1,5,0.09091,0.0,0,0,5,0,0,0
2026-09-12T14:21:27Z,washexaminer,1,46,55,0,0,0.0,,0,0,0,0,0,0
2026-09-12T14:21:27Z,bbc,1,34,55,0,0,0.0,,0,0,0,0,0,0
2026-09-12T14:21:27Z,guardian,1,42,55,0,0,0.0,,0,0,0,0,0,0
2026-09-12T14:21:27Z,thetimes,1,97,55,0,0,0.0,,0,0,0,0,0,0
2026-09-12T14:21:27Z,dailymail,1,368,55,1,3,0.05455,2.0,0,0,0,0,3,0
2026-09-12T14:21:27Z,independent,1,94,55,0,0,0.0,,0,0,0,0,0,0
2026-09-12T14:21:27Z,dw,1,47,55,0,0,0.0,,0,0,0,0,0,0
2026-09-12T14:21:27Z,euronews,1,103,55,1,10,0.18182,0.0,0,0,10,0,0,0
2026-09-12T14:21:27Z,lemonde,1,32,55,0,0,0.0,,0,0,0,0,0,0
2026-09-12T14:21:27Z,lefigaro,1,188,55,0,0,0.0,,0,0,0,0,0,0
2026-09-12T14:21:27Z,lacroix,1,120,55,0,0,0.0,,0,0,0,0,0,0
2026-09-12T14:21:27Z,spiegel,1,164,55,0,0,0.0,,0,0,0,0,0,0
2026-09-12T14:21:27Z,bild,1,162,55,0,0,0.0,,0,0,0,0,0,0
2026-09-12T14:21:27Z,faz,1,138,55,0,0,0.0,,0,0,0,0,0,0
2026-09-12T14:21:27Z,tagesschau,1,43,55,0,0,0.0,,0,0,0,0,0,0
2026-09-12T14:21:27Z,elmundo,1,67,55,0,0,0.0,,0,0,0,0,0,0
2026-09-12T14:21:27Z,corriere,1,233,55,0,0,0.0,,0,0,0,0,0,0
2026-09-12T14:21:27Z,ilgiornale,1,79,55,0,0,0.0,,0,0,0,0,0,0
2026-09-12T14:21:27Z,cbc,1,32,55,0,0,0.0,,0,0,0,0,0,0
2026-09-12T14:21:27Z,globeandmail,1,109,55,0,0,0.0,,0,0,0,0,0,0
2026-09-12T14:21:27Z,abcau,1,71,55,0,0,0.0,,0,0,0,0,0,0
2026-09-12T14:21:27Z,smh,1,82,55,0,0,0.0,,0,0,0,0,0,0
2026-09-12T14:45:24Z,nyt,1,32,55,0,0,0.0,,0,0,0,0,0,0
2026-09-12T14:45:24Z,usatoday,1,30,55,0,0,0.0,,0,0,0,0,0,0
2026-09-12T14:45:24Z,nypost,1,161,55,4,12,0.21818,1.167,0,0,0,10,2,0
2026-09-12T14:45:24Z,cnn,1,43,55,0,0,0.0,,0,0,0,0,0,0
2026-09-12T14:45:24Z,foxnews,1,129,55,1,3,0.05455,0.0,0,0,3,0,0,0
2026-09-12T14:45:24Z,nbcnews,1,57,55,0,0,0.0,,0,0,0,0,0,0
2026-09-12T14:45:24Z,newsweek,1,73,55,0,0,0.0,,0,0,0,0,0,0
2026-09-12T14:45:24Z,csmonitor,1,64,55,1,5,0.09091,0.0,0,0,5,0,0,0
2026-09-12T14:45:24Z,washexaminer,1,46,55,0,0,0.0,,0,0,0,0,0,0
2026-09-12T14:45:24Z,bbc,1,33,55,0,0,0.0,,0,0,0,0,0,0
2026-09-12T14:45:24Z,guardian,1,43,55,0,0,0.0,,0,0,0,0,0,0
2026-09-12T14:45:24Z,thetimes,1,97,55,0,0,0.0,,0,0,0,0,0,0
2026-09-12T14:45:24Z,dailymail,1,373,55,1,3,0.05455,2.0,0,0,0,0,3,0
2026-09-12T14:45:24Z,independent,1,94,55,0,0,0.0,,0,0,0,0,0,0
2026-09-12T14:45:24Z,dw,1,47,55,0,0,0.0,,0,0,0,0,0,0
2026-09-12T14:45:24Z,euronews,1,103,55,1,10,0.18182,0.0,0,0,10,0,0,0
2026-09-12T14:45:24Z,lemonde,1,31,55,0,0,0.0,,0,0,0,0,0,0
2026-09-12T14:45:24Z,lefigaro,1,186,55,0,0,0.0,,0,0,0,0,0,0
2026-09-12T14:45:24Z,lacroix,1,121,55,0,0,0.0,,0,0,0,0,0,0
2026-09-12T14:45:24Z,spiegel,1,166,55,0,0,0.0,,0,0,0,0,0,0
2026-09-12T14:45:24Z,bild,1,162,55,0,0,0.0,,0,0,0,0,0,0
2026-09-12T14:45:24Z,faz,1,143,55,0,0,0.0,,0,0,0,0,0,0
2026-09-12T14:45:24Z,tagesschau,1,43,55,0,0,0.0,,0,0,0,0,0,0
2026-09-12T14:45:24Z,elmundo,1,66,55,0,0,0.0,,0,0,0,0,0,0
2026-09-12T14:45:24Z,corriere,1,229,55,0,0,0.0,,0,0,0,0,0,0
2026-09-12T14:45:24Z,ilgiornale,1,72,55,0,0,0.0,,0,0,0,0,0,0
2026-09-12T14:45:24Z,cbc,1,32,55,0,0,0.0,,0,0,0,0,0,0
2026-09-12T14:45:24Z,globeandmail,1,108,55,0,0,0.0,,0,0,0,0,0,0
2026-09-12T14:45:24Z,abcau,1,72,55,0,0,0.0,,0,0,0,0,0,0
2026-09-12T14:45:24Z,smh,1,82,55,0,0,0.0,,0,0,0,0,0,0
2026-09-12T15:45:26Z,nyt,1,32,55,0,0,0.0,,0,0,0,0,0,0
2026-09-12T15:45:26Z,usatoday,1,30,55,0,0,0.0,,0,0,0,0,0,0
2026-09-12T15:45:26Z,nypost,1,160,55,4,12,0.21818,1.167,0,0,0,10,2,0
2026-09-12T15:45:26Z,cnn,1,43,55,0,0,0.0,,0,0,0,0,0,0
2026-09-12T15:45:26Z,foxnews,1,130,55,1,1,0.01818,0.0,0,0,1,0,0,0
2026-09-12T15:45:26Z,nbcnews,1,56,55,0,0,0.0,,0,0,0,0,0,0
2026-09-12T15:45:26Z,newsweek,1,73,55,0,0,0.0,,0,0,0,0,0,0
2026-09-12T15:45:26Z,csmonitor,1,64,55,1,5,0.09091,0.0,0,0,5,0,0,0
2026-09-12T15:45:26Z,washexaminer,1,46,55,0,0,0.0,,0,0,0,0,0,0
2026-09-12T15:45:26Z,bbc,1,32,55,0,0,0.0,,0,0,0,0,0,0
2026-09-12T15:45:26Z,guardian,1,45,55,0,0,0.0,,0,0,0,0,0,0
2026-09-12T15:45:26Z,thetimes,1,97,55,0,0,0.0,,0,0,0,0,0,0
2026-09-12T15:45:26Z,dailymail,1,384,55,1,3,0.05455,2.0,0,0,0,0,3,0
2026-09-12T15:45:26Z,independent,1,93,55,0,0,0.0,,0,0,0,0,0,0
2026-09-12T15:45:26Z,dw,1,47,55,0,0,0.0,,0,0,0,0,0,0
2026-09-12T15:45:26Z,euronews,1,102,55,1,10,0.18182,0.0,0,0,10,0,0,0
2026-09-12T15:45:26Z,lemonde,1,33,55,0,0,0.0,,0,0,0,0,0,0
2026-09-12T15:45:26Z,lefigaro,1,185,55,0,0,0.0,,0,0,0,0,0,0
2026-09-12T15:45:26Z,lacroix,1,116,55,0,0,0.0,,0,0,0,0,0,0
2026-09-12T15:45:26Z,spiegel,1,162,55,0,0,0.0,,0,0,0,0,0,0
2026-09-12T15:45:26Z,bild,1,165,55,0,0,0.0,,0,0,0,0,0,0
2026-09-12T15:45:26Z,faz,1,143,55,0,0,0.0,,0,0,0,0,0,0
2026-09-12T15:45:26Z,tagesschau,1,44,55,0,0,0.0,,0,0,0,0,0,0
2026-09-12T15:45:26Z,elmundo,1,63,55,0,0,0.0,,0,0,0,0,0,0
2026-09-12T15:45:26Z,corriere,1,225,55,0,0,0.0,,0,0,0,0,0,0
2026-09-12T15:45:26Z,ilgiornale,1,62,55,0,0,0.0,,0,0,0,0,0,0
2026-09-12T15:45:26Z,cbc,1,33,55,0,0,0.0,,0,0,0,0,0,0
2026-09-12T15:45:26Z,globeandmail,1,107,55,0,0,0.0,,0,0,0,0,0,0
2026-09-12T15:45:26Z,abcau,1,72,55,0,0,0.0,,0,0,0,0,0,0
2026-09-12T15:45:26Z,smh,1,83,55,0,0,0.0,,0,0,0,0,0,0
2026-09-12T16:45:28Z,nyt,1,32,55,0,0,0.0,,0,0,0,0,0,0
2026-09-12T16:45:28Z,usatoday,1,30,55,0,0,0.0,,0,0,0,0,0,0
2026-09-12T16:45:28Z,nypost,1,127,55,1,1,0.01818,1.0,0,0,0,1,0,0
2026-09-12T16:45:28Z,cnn,1,43,55,0,0,0.0,,0,0,0,0,0,0
2026-09-12T16:45:28Z,foxnews,1,129,55,1,1,0.01818,1.0,0,0,0,1,0,0
2026-09-12T16:45:28Z,nbcnews,1,57,55,0,0,0.0,,0,0,0,0,0,0
2026-09-12T16:45:28Z,newsweek,1,73,55,0,0,0.0,,0,0,0,0,0,0
2026-09-12T16:45:28Z,csmonitor,1,64,55,1,5,0.09091,0.0,0,0,5,0,0,0
2026-09-12T16:45:28Z,washexaminer,1,48,55,0,0,0.0,,0,0,0,0,0,0
2026-09-12T16:45:28Z,bbc,1,33,55,0,0,0.0,,0,0,0,0,0,0
2026-09-12T16:45:28Z,guardian,1,45,55,0,0,0.0,,0,0,0,0,0,0
2026-09-12T16:45:28Z,thetimes,1,96,55,0,0,0.0,,0,0,0,0,0,0
2026-09-12T16:45:28Z,dailymail,1,396,55,1,3,0.05455,2.0,0,0,0,0,3,0
2026-09-12T16:45:28Z,independent,1,92,55,0,0,0.0,,0,0,0,0,0,0
2026-09-12T16:45:28Z,dw,1,44,55,0,0,0.0,,0,0,0,0,0,0
2026-09-12T16:45:28Z,euronews,1,102,55,1,10,0.18182,0.0,0,0,10,0,0,0
2026-09-12T16:45:28Z,lemonde,1,32,55,0,0,0.0,,0,0,0,0,0,0
2026-09-12T16:45:28Z,lefigaro,1,191,55,0,0,0.0,,0,0,0,0,0,0
2026-09-12T16:45:28Z,lacroix,1,117,55,0,0,0.0,,0,0,0,0,0,0
2026-09-12T16:45:28Z,spiegel,1,159,55,0,0,0.0,,0,0,0,0,0,0
2026-09-12T16:45:28Z,bild,1,164,55,0,0,0.0,,0,0,0,0,0,0
2026-09-12T16:45:28Z,faz,1,143,55,0,0,0.0,,0,0,0,0,0,0
2026-09-12T16:45:28Z,tagesschau,1,44,55,0,0,0.0,,0,0,0,0,0,0
2026-09-12T16:45:28Z,elmundo,1,64,55,0,0,0.0,,0,0,0,0,0,0
2026-09-12T16:45:28Z,corriere,1,225,55,0,0,0.0,,0,0,0,0,0,0
2026-09-12T16:45:28Z,ilgiornale,1,62,55,0,0,0.0,,0,0,0,0,0,0
2026-09-12T16:45:28Z,cbc,1,33,55,0,0,0.0,,0,0,0,0,0,0
2026-09-12T16:45:28Z,globeandmail,1,108,55,0,0,0.0,,0,0,0,0,0,0
2026-09-12T16:45:28Z,abcau,1,72,55,0,0,0.0,,0,0,0,0,0,0
2026-09-12T16:45:28Z,smh,1,83,55,0,0,0.0,,0,0,0,0,0,0
2026-09-12T17:05:43Z,nyt,1,33,55,0,0,0.0,,0,0,0,0,0,0
2026-09-12T17:05:43Z,usatoday,1,30,55,0,0,0.0,,0,0,0,0,0,0
2026-09-12T17:05:43Z,nypost,1,159,55,4,12,0.21818,1.167,0,0,0,10,2,0
2026-09-12T17:05:43Z,cnn,1,43,55,0,0,0.0,,0,0,0,0,0,0
2026-09-12T17:05:43Z,foxnews,1,128,55,1,1,0.01818,1.0,0,0,0,1,0,0
2026-09-12T17:05:43Z,nbcnews,1,57,55,0,0,0.0,,0,0,0,0,0,0
2026-09-12T17:05:43Z,newsweek,1,73,55,0,0,0.0,,0,0,0,0,0,0
2026-09-12T17:05:43Z,csmonitor,1,64,55,1,5,0.09091,0.0,0,0,5,0,0,0
2026-09-12T17:05:43Z,washexaminer,1,48,55,0,0,0.0,,0,0,0,0,0,0
2026-09-12T17:05:43Z,bbc,1,34,55,0,0,0.0,,0,0,0,0,0,0
2026-09-12T17:05:43Z,guardian,1,45,55,0,0,0.0,,0,0,0,0,0,0
2026-09-12T17:05:43Z,thetimes,1,96,55,0,0,0.0,,0,0,0,0,0,0
2026-09-12T17:05:43Z,dailymail,1,396,55,1,3,0.05455,2.0,0,0,0,0,3,0
2026-09-12T17:05:43Z,independent,1,95,55,0,0,0.0,,0,0,0,0,0,0
2026-09-12T17:05:43Z,dw,1,44,55,0,0,0.0,,0,0,0,0,0,0
2026-09-12T17:05:43Z,euronews,1,102,55,1,10,0.18182,0.0,0,0,10,0,0,0
2026-09-12T17:05:43Z,lemonde,1,34,55,0,0,0.0,,0,0,0,0,0,0
2026-09-12T17:05:43Z,lefigaro,1,192,55,0,0,0.0,,0,0,0,0,0,0
2026-09-12T17:05:43Z,lacroix,1,117,55,0,0,0.0,,0,0,0,0,0,0
2026-09-12T17:05:43Z,spiegel,1,159,55,0,0,0.0,,0,0,0,0,0,0
2026-09-12T17:05:43Z,bild,1,163,55,0,0,0.0,,0,0,0,0,0,0
2026-09-12T17:05:43Z,faz,1,143,55,0,0,0.0,,0,0,0,0,0,0
2026-09-12T17:05:43Z,tagesschau,1,44,55,0,0,0.0,,0,0,0,0,0,0
2026-09-12T17:05:43Z,elmundo,1,63,55,0,0,0.0,,0,0,0,0,0,0
2026-09-12T17:05:43Z,corriere,1,226,55,0,0,0.0,,0,0,0,0,0,0
2026-09-12T17:05:43Z,ilgiornale,1,62,55,0,0,0.0,,0,0,0,0,0,0
2026-09-12T17:05:43Z,cbc,1,33,55,0,0,0.0,,0,0,0,0,0,0
2026-09-12T17:05:43Z,globeandmail,1,109,55,0,0,0.0,,0,0,0,0,0,0
2026-09-12T17:05:43Z,abcau,1,72,55,0,0,0.0,,0,0,0,0,0,0
2026-09-12T17:05:43Z,smh,1,83,55,0,0,0.0,,0,0,0,0,0,0
2026-09-12T17:25:40Z,nyt,1,33,55,0,0,0.0,,0,0,0,0,0,0
2026-09-12T17:25:40Z,usatoday,1,30,55,0,0,0.0,,0,0,0,0,0,0
2026-09-12T17:25:40Z,nypost,1,127,55,1,1,0.01818,1.0,0,0,0,1,0,0
2026-09-12T17:25:40Z,cnn,1,43,55,0,0,0.0,,0,0,0,0,0,0
2026-09-12T17:25:40Z,foxnews,1,128,55,1,3,0.05455,1.0,0,0,0,3,0,0
2026-09-12T17:25:40Z,nbcnews,1,56,55,0,0,0.0,,0,0,0,0,0,0
2026-09-12T17:25:40Z,newsweek,1,73,55,0,0,0.0,,0,0,0,0,0,0
2026-09-12T17:25:40Z,csmonitor,1,64,55,1,5,0.09091,0.0,0,0,5,0,0,0
2026-09-12T17:25:40Z,washexaminer,1,47,55,0,0,0.0,,0,0,0,0,0,0
2026-09-12T17:25:40Z,bbc,1,34,55,0,0,0.0,,0,0,0,0,0,0
2026-09-12T17:25:40Z,guardian,1,44,55,0,0,0.0,,0,0,0,0,0,0
2026-09-12T17:25:40Z,thetimes,1,95,55,0,0,0.0,,0,0,0,0,0,0
2026-09-12T17:25:40Z,dailymail,1,395,55,1,3,0.05455,2.0,0,0,0,0,3,0
2026-09-12T17:25:40Z,independent,1,97,55,0,0,0.0,,0,0,0,0,0,0
2026-09-12T17:25:40Z,dw,1,44,55,0,0,0.0,,0,0,0,0,0,0
2026-09-12T17:25:40Z,euronews,1,101,55,1,10,0.18182,0.0,0,0,10,0,0,0
2026-09-12T17:25:40Z,lemonde,1,35,55,0,0,0.0,,0,0,0,0,0,0
2026-09-12T17:25:40Z,lefigaro,1,193,55,0,0,0.0,,0,0,0,0,0,0
2026-09-12T17:25:40Z,lacroix,1,117,55,0,0,0.0,,0,0,0,0,0,0
2026-09-12T17:25:40Z,spiegel,1,157,55,0,0,0.0,,0,0,0,0,0,0
2026-09-12T17:25:40Z,bild,1,163,55,0,0,0.0,,0,0,0,0,0,0
2026-09-12T17:25:40Z,faz,1,142,55,0,0,0.0,,0,0,0,0,0,0
2026-09-12T17:25:40Z,tagesschau,1,44,55,0,0,0.0,,0,0,0,0,0,0
2026-09-12T17:25:40Z,elmundo,1,63,55,0,0,0.0,,0,0,0,0,0,0
2026-09-12T17:25:40Z,corriere,1,225,55,0,0,0.0,,0,0,0,0,0,0
2026-09-12T17:25:40Z,ilgiornale,1,62,55,0,0,0.0,,0,0,0,0,0,0
2026-09-12T17:25:40Z,cbc,1,33,55,0,0,0.0,,0,0,0,0,0,0
2026-09-12T17:25:40Z,globeandmail,1,109,55,0,0,0.0,,0,0,0,0,0,0
2026-09-12T17:25:40Z,abcau,1,72,55,0,0,0.0,,0,0,0,0,0,0
2026-09-12T17:25:40Z,smh,1,83,55,0,0,0.0,,0,0,0,0,0,0
2026-09-12T17:45:23Z,nyt,1,34,55,0,0,0.0,,0,0,0,0,0,0
2026-09-12T17:45:23Z,usatoday,1,30,55,0,0,0.0,,0,0,0,0,0,0
2026-09-12T17:45:23Z,nypost,1,158,55,4,12,0.21818,1.167,0,0,0,10,2,0
2026-09-12T17:45:23Z,cnn,1,43,55,0,0,0.0,,0,0,0,0,0,0
2026-09-12T17:45:23Z,foxnews,1,128,55,1,3,0.05455,1.0,0,0,0,3,0,0
2026-09-12T17:45:23Z,nbcnews,1,56,55,0,0,0.0,,0,0,0,0,0,0
2026-09-12T17:45:23Z,newsweek,1,73,55,0,0,0.0,,0,0,0,0,0,0
2026-09-12T17:45:23Z,csmonitor,1,64,55,1,5,0.09091,0.0,0,0,5,0,0,0
2026-09-12T17:45:23Z,washexaminer,1,47,55,0,0,0.0,,0,0,0,0,0,0
2026-09-12T17:45:23Z,bbc,1,34,55,0,0,0.0,,0,0,0,0,0,0
2026-09-12T17:45:23Z,guardian,1,44,55,0,0,0.0,,0,0,0,0,0,0
2026-09-12T17:45:23Z,thetimes,1,96,55,0,0,0.0,,0,0,0,0,0,0
2026-09-12T17:45:23Z,dailymail,1,380,55,1,3,0.05455,2.0,0,0,0,0,3,0
2026-09-12T17:45:23Z,independent,1,97,55,0,0,0.0,,0,0,0,0,0,0
2026-09-12T17:45:23Z,dw,1,44,55,0,0,0.0,,0,0,0,0,0,0
2026-09-12T17:45:23Z,euronews,1,101,55,1,10,0.18182,0.0,0,0,10,0,0,0
2026-09-12T17:45:23Z,lemonde,1,35,55,0,0,0.0,,0,0,0,0,0,0
2026-09-12T17:45:23Z,lefigaro,1,193,55,0,0,0.0,,0,0,0,0,0,0
2026-09-12T17:45:23Z,lacroix,1,117,55,0,0,0.0,,0,0,0,0,0,0
2026-09-12T17:45:23Z,spiegel,1,157,55,0,0,0.0,,0,0,0,0,0,0
2026-09-12T17:45:23Z,bild,1,163,55,0,0,0.0,,0,0,0,0,0,0
2026-09-12T17:45:23Z,faz,1,142,55,0,0,0.0,,0,0,0,0,0,0
2026-09-12T17:45:23Z,tagesschau,1,44,55,0,0,0.0,,0,0,0,0,0,0
2026-09-12T17:45:23Z,elmundo,1,63,55,0,0,0.0,,0,0,0,0,0,0
2026-09-12T17:45:23Z,corriere,1,228,55,0,0,0.0,,0,0,0,0,0,0
2026-09-12T17:45:23Z,ilgiornale,1,62,55,0,0,0.0,,0,0,0,0,0,0
2026-09-12T17:45:23Z,cbc,1,33,55,0,0,0.0,,0,0,0,0,0,0
2026-09-12T17:45:23Z,globeandmail,1,109,55,0,0,0.0,,0,0,0,0,0,0
2026-09-12T17:45:23Z,abcau,1,72,55,0,0,0.0,,0,0,0,0,0,0
2026-09-12T17:45:23Z,smh,1,83,55,0,0,0.0,,0,0,0,0,0,0
